Fecha,Equipo_Local,Equipo_Visitante,Resultado,Resultado_Prorroga,Resultado_Penaltis,Goles_esperados_(xG)_Local,Goles_esperados_(xG)_Visitante,Posesión_Local,Posesión_Visitante,Remates_a_puerta_Local,Remates_a_puerta_Visitante,Córneres_Local,Córneres_Visitante,Tarjetas_amarillas_Local,Tarjetas_amarillas_Visitante,Faltas_Local,Faltas_Visitante,Paradas_Local,Paradas_Visitante,Puntos_Local,Puntos_Visitante,Valor_Mercado_Millones_Eur_Local,Valor_Mercado_Millones_Eur_Visitante,Año,Pases_Local_Pct,Pases_Local_Exitosos,Pases_Visitante_Pct,Pases_Visitante_Exitosos,Goles_Local,Goles_Visitante,Resultado_1X2,Goles_diff,Victoria_Local,Ptos_Local,Ptos_Visitante,xG_Share_Local,xG_Share_Visitante,Remates_Puerta_Share_Local,Remates_Puerta_Share_Visitante,Corneres_Share_Local,Corneres_Share_Visitante,Paradas_Share_Local,Paradas_Share_Visitante,Pases_Exitosos_Share_Local,Pases_Exitosos_Share_Visitante,Goles_Share_Local,Goles_Share_Visitante,Puntos_Share_Local,Puntos_Share_Visitante,Valor_Mercado_Millones_Eur_Share_Local,Valor_Mercado_Millones_Eur_Share_Visitante,xG_diff,Posesion_diff,Remates_puerta_diff,Corneres_diff,Pases_Exitosos_diff,Pases_Pct_diff,Tarjetas_diff,Faltas_diff,Paradas_diff,FIFA_diff,Valor_Mercado_diff,diff_Puntos_actual,Prob_Implicita_ELO,diff_Tier
2023-03-23,Portugal,Liechtenstein,4-0,,,4.16,0.03,0.71,0.29,11.0,1.0,12.0,0.0,0.34,1.56,5.0,6.0,1.0,7.0,1702.54,859.84,38.67,0.026,2023.0,0.91,677.0,0.56,91.0,4,0,1,4,1,3,0,0.9928400954653938,0.007159904534606243,0.9166666666666666,0.08333333333333337,1.0,0.0,0.125,0.875,0.8815104166666666,0.11848958333333337,1.0,0.0,0.66443696875561,0.33556303124439,0.9993280959272275,0.0006719040727725112,4.13,0.42,10.0,12.0,586.0,0.35,-1.22,-1.0,-6.0,842.6999999999999,38.644,842.6999999999999,0.9922399111852258,-3
2023-03-23,San Marino,Irlanda del Norte,0-2,,,0.03,1.79,0.3,0.7,1.0,4.0,0.0,9.0,0.0,1.0,16.0,9.0,2.0,1.0,763.15,1396.55,0.044,3.47,2023.0,0.71,205.0,0.87,582.0,0,2,2,-2,0,0,3,0.016483516483516484,0.9835164835164835,0.2,0.8,0.0,1.0,0.6666666666666666,0.33333333333333337,0.2604828462515883,0.7395171537484118,0.0,1.0,0.3533592628605825,0.6466407371394175,0.012521343198634034,0.9874786568013659,-1.76,-0.39999999999999997,-3.0,-9.0,-377.0,-0.16000000000000003,-1.0,7.0,1.0,-633.4,-3.426,-633.4,0.025428098541784707,2
2023-03-23,Kazajistán,Eslovenia,1-2,,,0.63,1.49,0.43,0.57,2.0,6.0,3.0,4.0,2.0,1.0,17.0,11.0,4.0,1.0,1163.09,1389.06,0.652,4.02,2023.0,0.75,225.0,0.86,408.0,1,2,2,-1,0,0,3,0.2971698113207547,0.7028301886792453,0.25,0.75,0.42857142857142855,0.5714285714285714,0.8,0.19999999999999996,0.35545023696682465,0.6445497630331753,0.3333333333333333,0.6666666666666667,0.4557294829849343,0.5442705170150657,0.13955479452054795,0.860445205479452,-0.86,-0.13999999999999996,-4.0,-1.0,-183.0,-0.10999999999999999,1.0,6.0,3.0,-225.97000000000003,-3.3679999999999994,-225.97000000000003,0.21403244728987592,2
2023-03-23,Eslovaquia,Luxemburgo,0-0,,,1.25,0.61,0.48,0.52,3.0,2.0,9.0,2.0,0.0,2.0,11.0,17.0,2.0,3.0,1425.58,1245.35,2.3,0.639,2023.0,0.8,321.0,0.78,334.0,0,0,X,0,0,1,1,0.6720430107526882,0.32795698924731176,0.6,0.4,0.8181818181818182,0.18181818181818177,0.4,0.6,0.4900763358778626,0.5099236641221374,0.5,0.5,0.5337391844788145,0.4662608155211855,0.7825791085403198,0.21742089145968024,0.64,-0.040000000000000036,1.0,7.0,-13.0,0.020000000000000018,-2.0,-6.0,-1.0,180.23000000000002,1.6609999999999998,180.23000000000002,0.7383648838350281,-1
2023-03-23,Italia,Inglaterra,1-2,,,1.16,2.07,0.49,0.51,1.0,4.0,7.0,3.0,3.0,5.0,13.0,6.0,2.0,0.0,1723.56,1774.19,13.73,52.43,2023.0,0.81,420.0,0.82,318.0,1,2,2,-1,0,0,3,0.35913312693498456,0.6408668730650154,0.2,0.8,0.7,0.30000000000000004,1.0,0.0,0.5691056910569106,0.43089430894308944,0.3333333333333333,0.6666666666666667,0.4927624901722536,0.5072375098277464,0.20752720677146314,0.7924727932285369,-0.9099999999999999,-0.020000000000000018,-3.0,4.0,102.0,-0.009999999999999898,-2.0,7.0,2.0,-50.63000000000011,-38.7,-50.63000000000011,0.42764899161352155,0
2023-03-23,Bosnia-Herzegovina,Islandia,3-0,,,1.23,0.67,0.42,0.58,7.0,3.0,5.0,7.0,2.0,3.0,12.0,10.0,3.0,4.0,1403.51,1380.35,5.63,3.71,2023.0,0.82,244.0,0.8,329.0,3,0,1,3,1,3,0,0.6473684210526316,0.3526315789473684,0.7,0.30000000000000004,0.4166666666666667,0.5833333333333333,0.42857142857142855,0.5714285714285714,0.4258289703315881,0.5741710296684119,1.0,0.0,0.5041596919385315,0.4958403080614685,0.6027837259100642,0.39721627408993576,0.5599999999999999,-0.15999999999999998,4.0,-2.0,-85.0,0.019999999999999907,-1.0,2.0,-1.0,23.160000000000082,1.92,23.160000000000082,0.5332806392663276,0
2023-03-23,Macedonia del Norte,Malta,2-1,,,1.63,0.73,0.56,0.44,4.0,2.0,5.0,2.0,4.0,4.0,9.0,13.0,1.0,2.0,1355.28,978.95,1.38,0.554,2023.0,0.83,500.0,0.73,305.0,2,1,1,1,1,3,0,0.6906779661016949,0.30932203389830515,0.6666666666666666,0.33333333333333337,0.7142857142857143,0.2857142857142857,0.3333333333333333,0.6666666666666667,0.6211180124223602,0.3788819875776398,0.6666666666666666,0.33333333333333337,0.5806111651379684,0.4193888348620316,0.7135470527404343,0.2864529472595657,0.8999999999999999,0.12000000000000005,2.0,3.0,195.0,0.09999999999999998,0.0,-4.0,-1.0,376.3299999999999,0.8259999999999998,376.3299999999999,0.8971848886672183,-2
2023-03-23,Dinamarca,Finlandia,3-1,,,2.94,0.99,0.56,0.44,10.0,2.0,7.0,2.0,2.0,2.0,9.0,8.0,1.0,7.0,1608.11,1405.71,15.87,1.55,2023.0,0.87,531.0,0.82,343.0,3,1,1,2,1,3,0,0.7480916030534351,0.25190839694656486,0.8333333333333334,0.16666666666666663,0.7777777777777778,0.2222222222222222,0.125,0.875,0.6075514874141876,0.39244851258581237,0.75,0.25,0.5335786476962792,0.46642135230372084,0.9110218140068886,0.08897818599311136,1.95,0.12000000000000005,8.0,5.0,188.0,0.050000000000000044,0.0,1.0,-6.0,202.39999999999986,14.319999999999999,202.39999999999986,0.7622596360689359,-1
2023-03-24,Bulgaria,Montenegro,0-1,,,0.58,1.47,0.61,0.39,2.0,6.0,3.0,5.0,0.0,1.0,7.0,12.0,5.0,2.0,1336.71,1339.15,1.2,2.48,2023.0,0.82,470.0,0.66,212.0,0,1,2,-1,0,0,3,0.2829268292682927,0.7170731707317073,0.25,0.75,0.375,0.625,0.7142857142857143,0.2857142857142857,0.6891495601173021,0.3108504398826979,0.0,1.0,0.49954407181242666,0.5004559281875733,0.32608695652173914,0.6739130434782609,-0.89,0.21999999999999997,-4.0,-2.0,258.0,0.15999999999999992,-1.0,-5.0,3.0,-2.4400000000000546,-1.28,-2.4400000000000546,0.49648861546121775,0
2023-03-24,Francia,Países Bajos,4-0,,,1.71,1.69,0.45,0.55,8.0,5.0,3.0,5.0,4.0,2.0,12.0,14.0,5.0,4.0,1823.39,1740.92,58.58,29.01,2023.0,0.92,238.0,0.9,287.0,4,0,1,4,1,3,0,0.5029411764705882,0.4970588235294118,0.6153846153846154,0.3846153846153846,0.375,0.625,0.5555555555555556,0.4444444444444444,0.4533333333333333,0.5466666666666666,1.0,0.0,0.5115688590498582,0.48843114095014184,0.6687978079689462,0.33120219203105383,0.020000000000000018,-0.10000000000000003,3.0,-2.0,-49.0,0.020000000000000018,2.0,-2.0,1.0,82.47000000000003,29.569999999999997,82.47000000000003,0.6165039671910096,0
2023-03-24,Serbia,Lituania,2-0,,,1.89,0.39,0.59,0.41,4.0,3.0,3.0,3.0,0.0,1.0,15.0,6.0,3.0,2.0,1526.46,1069.12,7.76,0.703,2023.0,0.9,291.0,0.78,142.0,2,0,1,2,1,3,0,0.8289473684210527,0.17105263157894735,0.5714285714285714,0.4285714285714286,0.5,0.5,0.6,0.4,0.6720554272517321,0.32794457274826794,1.0,0.0,0.5880997696083342,0.4119002303916658,0.9169325298357557,0.08306747016424432,1.5,0.18,1.0,0.0,149.0,0.12,-1.0,9.0,1.0,457.34000000000015,7.0569999999999995,457.34000000000015,0.93293421375937,-3
2023-03-24,República Checa,Polonia,3-1,,,2.15,1.31,0.42,0.58,6.0,4.0,3.0,4.0,2.0,0.0,15.0,14.0,3.0,3.0,1490.61,1559.83,7.24,8.91,2023.0,0.68,198.0,0.82,435.0,3,1,1,2,1,3,0,0.6213872832369942,0.3786127167630058,0.6,0.4,0.42857142857142855,0.5714285714285714,0.5,0.5,0.3127962085308057,0.6872037914691943,0.75,0.25,0.4886540958025728,0.5113459041974272,0.4482972136222911,0.5517027863777089,0.8399999999999999,-0.15999999999999998,2.0,-1.0,-237.0,-0.1399999999999999,2.0,1.0,0.0,-69.22000000000003,-1.67,-69.22000000000003,0.4016818327375668,1
2023-03-24,Suecia,Bélgica,0-3,,,0.59,2.72,0.44,0.56,4.0,5.0,5.0,9.0,4.0,0.0,10.0,9.0,2.0,4.0,1558.45,1781.3,15.62,21.06,2023.0,0.8,317.0,0.86,433.0,0,3,2,-3,0,0,3,0.1782477341389728,0.8217522658610272,0.4444444444444444,0.5555555555555556,0.35714285714285715,0.6428571428571428,0.3333333333333333,0.6666666666666667,0.4226666666666667,0.5773333333333333,0.0,1.0,0.4666367243057115,0.5333632756942885,0.425845147219193,0.574154852780807,-2.1300000000000003,-0.12000000000000005,-1.0,-4.0,-116.0,-0.05999999999999994,4.0,1.0,-2.0,-222.8499999999999,-5.4399999999999995,-222.8499999999999,0.21706926753887054,0
2023-03-24,Austria,Azerbaiyán,4-1,,,3.25,0.69,0.57,0.43,12.0,3.0,8.0,5.0,1.0,5.0,11.0,19.0,2.0,8.0,1497.24,1151.82,9.43,0.706,2023.0,0.72,126.0,0.67,109.0,4,1,1,3,1,3,0,0.8248730964467005,0.17512690355329952,0.8,0.19999999999999996,0.6153846153846154,0.3846153846153846,0.2,0.8,0.5361702127659574,0.46382978723404256,0.8,0.19999999999999996,0.5651967112862676,0.4348032887137324,0.93034727703236,0.06965272296764002,2.56,0.13999999999999996,9.0,3.0,17.0,0.04999999999999993,-4.0,-8.0,-6.0,345.4200000000001,8.724,345.4200000000001,0.8795734824677789,-2
2023-03-24,Moldavia,Islas Feroe,1-1,,,1.35,0.58,0.51,0.49,3.0,2.0,7.0,2.0,1.0,6.0,12.0,19.0,1.0,2.0,958.88,1146.31,0.373,0.222,2023.0,0.82,196.0,0.86,198.0,1,1,X,0,0,1,1,0.6994818652849741,0.30051813471502586,0.6,0.4,0.7777777777777778,0.2222222222222222,0.3333333333333333,0.6666666666666667,0.49746192893401014,0.5025380710659899,0.5,0.5,0.4554838280630252,0.5445161719369749,0.626890756302521,0.373109243697479,0.7700000000000001,0.020000000000000018,1.0,5.0,-2.0,-0.040000000000000036,-5.0,-7.0,-1.0,-187.42999999999995,0.151,-187.42999999999995,0.25370783625201515,0
2023-03-24,Gibraltar,Grecia,0-3,,,0.03,3.34,0.34,0.66,1.0,7.0,0.0,12.0,0.0,1.0,5.0,13.0,4.0,1.0,858.04,1433.59,0.073,11.02,2023.0,0.75,109.0,0.92,336.0,0,3,2,-3,0,0,3,0.008902077151335312,0.9910979228486647,0.125,0.875,0.0,1.0,0.8,0.19999999999999996,0.2449438202247191,0.7550561797752808,0.0,1.0,0.37442344532057964,0.6255765546794203,0.006580726584332461,0.9934192734156675,-3.31,-0.32,-6.0,-12.0,-227.0,-0.17000000000000004,-1.0,-8.0,3.0,-575.55,-10.947,-575.55,0.03512341751482661,2
2023-03-25,Escocia,Chipre,3-0,,,1.79,0.15,0.65,0.35,6.0,2.0,8.0,0.0,2.0,3.0,17.0,14.0,2.0,3.0,1476.94,1185.17,6.55,0.737,2023.0,0.86,313.0,0.75,128.0,3,0,1,3,1,3,0,0.9226804123711341,0.07731958762886593,0.75,0.25,1.0,0.0,0.4,0.6,0.7097505668934241,0.2902494331065759,1.0,0.0,0.5548005153806567,0.44519948461934333,0.8988609853163168,0.10113901468368325,1.6400000000000001,0.30000000000000004,4.0,8.0,185.0,0.10999999999999999,-1.0,3.0,-1.0,291.77,5.813,291.77,0.8428466738524336,-1
2023-03-25,Israel,Kosovo,1-1,,,1.79,0.56,0.53,0.47,3.0,3.0,4.0,2.0,4.0,2.0,10.0,12.0,2.0,2.0,1315.67,1187.03,2.96,5.46,2023.0,0.86,242.0,0.82,191.0,1,1,X,0,0,1,1,0.7617021276595745,0.23829787234042554,0.5,0.5,0.6666666666666666,0.33333333333333337,0.5,0.5,0.558891454965358,0.44110854503464203,0.5,0.5,0.5257002437367644,0.4742997562632356,0.3515439429928741,0.6484560570071258,1.23,0.06000000000000005,0.0,2.0,51.0,0.040000000000000036,2.0,-2.0,0.0,128.6400000000001,-2.5,128.6400000000001,0.6771076677603993,0
2023-03-25,Bielorrusia,Suiza,0-5,,,0.93,2.95,0.33,0.67,1.0,6.0,1.0,2.0,3.0,2.0,10.0,13.0,1.0,1.0,1221.68,1655.02,0.641,12.79,2023.0,0.72,193.0,0.9,613.0,0,5,2,-5,0,0,3,0.23969072164948452,0.7603092783505154,0.14285714285714285,0.8571428571428572,0.3333333333333333,0.6666666666666667,0.5,0.5,0.23945409429280398,0.760545905707196,0.0,1.0,0.424681058156916,0.575318941843084,0.047725411361775,0.952274588638225,-2.02,-0.34,-5.0,-1.0,-420.0,-0.18000000000000005,1.0,-3.0,0.0,-433.3399999999999,-12.149,-433.3399999999999,0.07624425940732456,2
2023-03-25,Armenia,Turquía,1-2,,,0.73,0.72,0.4,0.6,4.0,4.0,4.0,1.0,5.0,4.0,23.0,15.0,2.0,3.0,1231.76,1465.38,1.56,18.22,2023.0,0.7,114.0,0.86,217.0,1,2,2,-1,0,0,3,0.503448275862069,0.496551724137931,0.5,0.5,0.8,0.19999999999999996,0.4,0.6,0.34441087613293053,0.6555891238670695,0.3333333333333333,0.6666666666666667,0.45669116174911195,0.543308838250888,0.07886754297269971,0.9211324570273003,0.010000000000000009,-0.19999999999999996,0.0,3.0,-103.0,-0.16000000000000003,1.0,8.0,-1.0,-233.62000000000012,-16.66,-233.62000000000012,0.20671773775974117,1
2023-03-25,Croacia,Gales,1-1,,,1.68,0.86,0.63,0.37,8.0,1.0,7.0,1.0,1.0,1.0,11.0,9.0,0.0,7.0,1727.62,1530.28,14.9,6.69,2023.0,0.91,311.0,0.72,107.0,1,1,X,0,0,1,1,0.6614173228346456,0.3385826771653544,0.8888888888888888,0.11111111111111116,0.875,0.125,0.0,1.0,0.7440191387559809,0.2559808612440191,0.5,0.5,0.5302863807974463,0.4697136192025537,0.6901343214451136,0.30986567855488645,0.82,0.26,7.0,6.0,204.0,0.19000000000000006,0.0,2.0,-7.0,197.33999999999992,8.21,197.33999999999992,0.756940863244101,0
2023-03-25,Andorra,Rumanía,0-2,,,0.13,1.42,0.33,0.67,1.0,3.0,2.0,6.0,3.0,3.0,11.0,10.0,1.0,1.0,1031.13,1432.64,0.137,2.37,2023.0,0.61,63.0,1.2,277.0,0,2,2,-2,0,0,3,0.08387096774193549,0.9161290322580645,0.25,0.75,0.25,0.75,0.5,0.5,0.18529411764705883,0.8147058823529412,0.0,1.0,0.41851715054570837,0.5814828494542916,0.05464698843238931,0.9453530115676106,-1.29,-0.34,-2.0,-4.0,-214.0,-0.59,0.0,1.0,0.0,-401.51,-2.233,-401.51,0.09019327232283109,2
2023-03-25,España,Noruega,3-0,,,1.71,0.69,0.64,0.36,7.0,1.0,4.0,6.0,0.0,2.0,8.0,13.0,1.0,4.0,1692.71,1475.05,47.03,22.69,2023.0,0.9,608.0,0.87,332.0,3,0,1,3,1,3,0,0.7125,0.2875,0.875,0.125,0.4,0.6,0.2,0.8,0.6468085106382979,0.3531914893617021,1.0,0.0,0.5343555067303078,0.46564449326969215,0.6745553643144004,0.32544463568559956,1.02,0.28,6.0,-2.0,276.0,0.030000000000000027,-2.0,-5.0,-3.0,217.66000000000008,24.34,217.66000000000008,0.7778103925865852,-1
2023-03-26,Inglaterra,Ucrania,2-0,,,2.21,0.14,0.62,0.38,8.0,0.0,7.0,1.0,0.0,1.0,9.0,12.0,0.0,6.0,1774.19,1536.99,52.43,9.88,2023.0,0.89,272.0,0.86,179.0,2,0,1,2,1,3,0,0.9404255319148935,0.05957446808510647,1.0,0.0,0.875,0.125,0.0,1.0,0.6031042128603105,0.39689578713968954,1.0,0.0,0.5358180467386249,0.4641819532613751,0.8414379714331568,0.1585620285668432,2.07,0.24,8.0,6.0,93.0,0.030000000000000027,-1.0,-3.0,-6.0,237.20000000000005,42.55,237.20000000000005,0.7966412773543764,0
2023-03-26,Eslovaquia,Bosnia-Herzegovina,2-0,,,1.33,1.17,0.5,0.5,4.0,1.0,6.0,3.0,2.62,1.94,15.0,14.0,1.0,2.0,1425.58,1403.51,2.3,5.63,2023.0,0.82,409.0,0.83,459.0,2,0,1,2,1,3,0,0.532,0.46799999999999997,0.8,0.19999999999999996,0.6666666666666666,0.33333333333333337,0.3333333333333333,0.6666666666666667,0.47119815668202764,0.5288018433179724,1.0,0.0,0.5039005475258829,0.49609945247411713,0.29003783102143754,0.7099621689785625,0.16000000000000014,0.0,3.0,3.0,-50.0,-0.010000000000000009,0.6800000000000002,1.0,-1.0,22.069999999999936,-3.33,22.069999999999936,0.5317186318079881,0
2023-03-26,Irlanda del Norte,Finlandia,0-1,,,0.94,1.47,0.46,0.54,2.0,2.0,5.0,2.0,1.0,2.0,17.0,16.0,1.0,2.0,1396.55,1405.71,3.47,1.55,2023.0,0.69,248.0,0.78,387.0,0,1,2,-1,0,0,3,0.39004149377593356,0.6099585062240664,0.5,0.5,0.7142857142857143,0.2857142857142857,0.3333333333333333,0.6666666666666667,0.3905511811023622,0.6094488188976378,0.0,1.0,0.4983656049046126,0.5016343950953874,0.6912350597609561,0.3087649402390439,-0.53,-0.08000000000000002,0.0,3.0,-139.0,-0.09000000000000008,-1.0,1.0,-1.0,-9.160000000000082,1.9200000000000002,-9.160000000000082,0.486820753797743,0
2023-03-26,Luxemburgo,Portugal,0-6,,,0.41,3.97,0.43,0.57,1.0,7.0,4.0,2.0,4.0,1.0,15.0,11.0,1.0,1.0,1245.35,1702.54,0.639,38.67,2023.0,0.8,301.0,0.88,496.0,0,6,2,-6,0,0,3,0.09360730593607305,0.906392694063927,0.125,0.875,0.6666666666666666,0.33333333333333337,0.5,0.5,0.37766624843161856,0.6223337515683814,0.0,1.0,0.42245470489061665,0.5775452951093833,0.016255819278027932,0.9837441807219721,-3.56,-0.13999999999999996,-6.0,2.0,-195.0,-0.07999999999999996,3.0,4.0,0.0,-457.19000000000005,-38.031,-457.19000000000005,0.06711983196609926,2
2023-03-26,Kazajistán,Dinamarca,3-2,,,1.79,2.08,0.4,0.6,8.0,7.0,5.0,1.0,3.0,1.0,17.0,6.0,5.0,5.0,1163.09,1608.11,0.652,15.87,2023.0,0.8,166.0,0.92,327.0,3,2,1,1,1,3,0,0.46253229974160204,0.537467700258398,0.5333333333333333,0.4666666666666667,0.8333333333333334,0.16666666666666663,0.5,0.5,0.3367139959432049,0.6632860040567952,0.6,0.4,0.41970626443418013,0.5802937355658199,0.039462534802082075,0.9605374651979179,-0.29000000000000004,-0.19999999999999996,1.0,4.0,-161.0,-0.12,2.0,11.0,0.0,-445.02,-15.218,-445.02,0.0716416604620156,3
2023-03-26,Liechtenstein,Islandia,0-7,,,0.03,4.28,0.3,0.7,1.0,15.0,1.0,9.0,3.0,1.0,11.0,14.0,8.0,1.0,859.84,1380.35,0.026,3.71,2023.0,0.62,126.0,0.88,615.0,0,7,2,-7,0,0,3,0.006960556844547563,0.9930394431554525,0.0625,0.9375,0.1,0.9,0.8888888888888888,0.11111111111111116,0.1700404858299595,0.8299595141700404,0.0,1.0,0.38382458630741145,0.6161754136925885,0.0069593147751606,0.9930406852248393,-4.25,-0.39999999999999997,-14.0,-8.0,-489.0,-0.26,2.0,-3.0,7.0,-520.5099999999999,-3.684,-520.5099999999999,0.04759346941587783,2
2023-03-26,Malta,Italia,0-2,,,0.63,1.99,0.33,0.67,2.0,6.0,3.0,8.0,0.0,2.0,5.0,9.0,4.0,2.0,978.95,1723.56,0.554,13.73,2023.0,0.79,256.0,0.88,610.0,0,2,2,-2,0,0,3,0.24045801526717556,0.7595419847328244,0.25,0.75,0.2727272727272727,0.7272727272727273,0.6666666666666666,0.33333333333333337,0.2956120092378753,0.7043879907621247,0.0,1.0,0.36223732752145227,0.6377626724785477,0.03878465415849902,0.9612153458415009,-1.3599999999999999,-0.34,-4.0,-5.0,-354.0,-0.08999999999999997,-2.0,-4.0,2.0,-744.6099999999999,-13.176,-744.6099999999999,0.013568811065246142,3
2023-03-26,Eslovenia,San Marino,2-0,,,3.07,0.02,0.68,0.32,5.0,0.0,9.0,0.0,0.0,3.0,13.0,8.0,0.0,3.0,1389.06,763.15,4.02,0.044,2023.0,0.91,344.0,0.7,59.0,2,0,1,2,1,3,0,0.9935275080906149,0.006472491909385147,1.0,0.0,1.0,0.0,0.0,1.0,0.8535980148883374,0.14640198511166258,1.0,0.0,0.6454109961388526,0.35458900386114744,0.9891732283464568,0.010826771653543177,3.05,0.36000000000000004,5.0,9.0,285.0,0.21000000000000008,-3.0,5.0,-3.0,625.91,3.9759999999999995,625.91,0.9734812772258477,-2
2023-03-27,Montenegro,Serbia,0-2,,,0.5,0.84,0.38,0.62,2.0,2.0,4.0,1.0,1.0,2.0,16.0,13.0,0.0,2.0,1339.15,1526.46,2.48,7.76,2023.0,0.73,217.0,0.87,505.0,0,2,2,-2,0,0,3,0.373134328358209,0.6268656716417911,0.5,0.5,0.8,0.19999999999999996,0.0,1.0,0.30055401662049863,0.6994459833795014,0.0,1.0,0.4673176042797171,0.5326823957202829,0.2421875,0.7578125,-0.33999999999999997,-0.24,0.0,3.0,-288.0,-0.14,-1.0,3.0,-2.0,-187.30999999999995,-5.279999999999999,-187.30999999999995,0.2538386500584432,2
2023-03-27,Países Bajos,Gibraltar,3-0,,,5.34,0.0,0.72,0.28,11.0,0.0,19.0,0.0,0.0,1.0,8.0,5.0,0.0,8.0,1740.92,858.04,29.01,0.073,2023.0,0.92,696.0,0.58,81.0,3,0,1,3,1,3,0,1.0,0.0,1.0,0.0,1.0,0.0,0.0,1.0,0.8957528957528957,0.10424710424710426,1.0,0.0,0.6698525564071782,0.3301474435928218,0.9974899425781384,0.002510057421861611,5.34,0.43999999999999995,11.0,19.0,615.0,0.3400000000000001,-1.0,3.0,-8.0,882.8800000000001,28.937,882.8800000000001,0.9938324430281502,-3
2023-03-27,Polonia,Albania,1-0,,,0.89,0.49,0.56,0.44,4.0,3.0,6.0,3.0,3.0,2.0,21.0,11.0,3.0,3.0,1559.83,1353.03,8.91,3.42,2023.0,0.82,404.0,0.78,309.0,1,0,1,1,1,3,0,0.6449275362318841,0.35507246376811585,0.5714285714285714,0.4285714285714286,0.6666666666666666,0.33333333333333337,0.5,0.5,0.5666199158485273,0.43338008415147267,1.0,0.0,0.5354977582170101,0.46450224178298993,0.7226277372262774,0.2773722627737226,0.4,0.12000000000000005,1.0,3.0,95.0,0.039999999999999925,1.0,10.0,0.0,206.79999999999995,5.49,206.79999999999995,0.7668191215788603,-2
2023-03-27,Suecia,Azerbaiyán,5-0,,,2.48,0.25,0.43,0.57,6.0,1.0,5.0,4.0,1.0,2.0,13.0,8.0,1.0,1.0,1558.45,1151.82,15.62,0.706,2023.0,0.8,251.0,0.83,398.0,5,0,1,5,1,3,0,0.9084249084249084,0.09157509157509158,0.8571428571428571,0.1428571428571429,0.5555555555555556,0.4444444444444444,0.5,0.5,0.386748844375963,0.613251155624037,1.0,0.0,0.5750165112700949,0.4249834887299051,0.9567560945730735,0.043243905426926466,2.23,-0.13999999999999996,5.0,1.0,-147.0,-0.029999999999999916,-1.0,5.0,0.0,406.6300000000001,14.914,406.6300000000001,0.912196209794039,-3
2023-03-27,Austria,Estonia,2-1,,,2.92,0.53,0.62,0.38,8.0,3.0,3.0,2.0,0.0,3.0,11.0,10.0,2.0,6.0,1497.24,1186.27,9.43,0.516,2023.0,0.81,409.0,0.62,155.0,2,1,1,1,1,3,0,0.8463768115942029,0.15362318840579714,0.7272727272727273,0.2727272727272727,0.6,0.4,0.25,0.75,0.725177304964539,0.274822695035461,0.6666666666666666,0.33333333333333337,0.5579409057540311,0.4420590942459689,0.9481198471747436,0.051880152825256376,2.3899999999999997,0.24,5.0,1.0,254.0,0.19000000000000006,-3.0,1.0,-4.0,310.97,8.914,310.97,0.8569379691135639,-1
2023-03-27,Hungría,Bulgaria,3-0,,,2.39,0.45,0.53,0.47,8.0,2.0,5.0,5.0,1.92,2.84,11.0,14.0,2.0,5.0,1493.33,1336.71,7.21,1.2,2023.0,0.84,455.0,0.82,358.0,3,0,1,3,1,3,0,0.8415492957746479,0.15845070422535212,0.8,0.19999999999999996,0.5,0.5,0.2857142857142857,0.7142857142857143,0.5596555965559655,0.44034440344403447,1.0,0.0,0.5276709869825161,0.47232901301748387,0.8573127229488704,0.1426872770511296,1.9400000000000002,0.06000000000000005,6.0,0.0,97.0,0.020000000000000018,-0.9199999999999999,-3.0,-3.0,156.6199999999999,6.01,156.6199999999999,0.7112735084379682,-1
2023-03-27,Moldavia,República Checa,0-0,,,0.41,1.66,0.38,0.62,1.0,3.0,2.0,5.0,1.0,2.0,12.0,13.0,3.0,1.0,958.88,1490.61,0.373,7.24,2023.0,0.61,169.0,0.8,466.0,0,0,X,0,0,1,1,0.19806763285024154,0.8019323671497585,0.25,0.75,0.2857142857142857,0.7142857142857143,0.75,0.25,0.26614173228346455,0.7338582677165355,0.5,0.5,0.3914610796533156,0.6085389203466844,0.0489951398922895,0.9510048601077105,-1.25,-0.24,-2.0,-3.0,-297.0,-0.19000000000000006,-1.0,-1.0,2.0,-531.7299999999999,-6.867,-531.7299999999999,0.044749902230806056,2
2023-03-27,Irlanda,Francia,0-1,,,0.51,0.88,0.39,0.61,2.0,3.0,8.0,2.0,4.0,1.0,18.0,11.0,2.0,2.0,1438.59,1823.39,5.44,58.58,2023.0,0.81,289.0,0.89,590.0,0,1,2,-1,0,0,3,0.3669064748201439,0.6330935251798562,0.4,0.6,0.8,0.19999999999999996,0.5,0.5,0.32878270762229805,0.671217292377702,0.0,1.0,0.4410174188682947,0.5589825811317053,0.08497344579818808,0.9150265542018119,-0.37,-0.21999999999999997,-1.0,6.0,-301.0,-0.07999999999999996,3.0,7.0,0.0,-384.8000000000002,-53.14,-384.8000000000002,0.09840384146160512,1
2023-03-28,Escocia,España,2-0,,,0.83,0.54,0.33,0.67,3.0,3.0,3.0,6.0,4.0,2.0,13.0,15.0,3.0,1.0,1476.94,1692.71,6.55,47.03,2023.0,0.68,149.0,0.87,586.0,2,0,1,2,1,3,0,0.6058394160583941,0.3941605839416059,0.5,0.5,0.3333333333333333,0.6666666666666667,0.75,0.25,0.20272108843537415,0.7972789115646258,1.0,0.0,0.4659631189563517,0.5340368810436483,0.12224710712952594,0.8777528928704741,0.2899999999999999,-0.34,0.0,-3.0,-437.0,-0.18999999999999995,2.0,-2.0,2.0,-215.76999999999998,-40.480000000000004,-215.76999999999998,0.224075536374517,1
2023-03-28,Gales,Letonia,1-0,,,1.17,0.56,0.67,0.33,5.0,3.0,3.0,3.0,1.0,3.0,10.0,15.0,3.0,4.0,1530.28,1116.96,6.69,0.329,2023.0,0.87,565.0,0.74,195.0,1,0,1,1,1,3,0,0.676300578034682,0.323699421965318,0.625,0.375,0.5,0.5,0.42857142857142855,0.5714285714285714,0.743421052631579,0.256578947368421,1.0,0.0,0.5780662123570209,0.42193378764297906,0.9531272261005842,0.0468727738994158,0.6099999999999999,0.34,2.0,0.0,370.0,0.13,-2.0,-5.0,-1.0,413.31999999999994,6.361000000000001,413.31999999999994,0.9152321322492601,-3
2023-03-28,Kosovo,Andorra,1-1,,,1.34,0.36,0.75,0.25,5.0,2.0,7.0,0.0,2.0,1.0,10.0,18.0,1.0,4.0,1187.03,1031.13,5.46,0.137,2023.0,0.82,521.0,0.54,98.0,1,1,X,0,0,1,1,0.788235294117647,0.21176470588235297,0.7142857142857143,0.2857142857142857,1.0,0.0,0.2,0.8,0.8416801292407108,0.15831987075928922,0.5,0.5,0.5351417390990731,0.46485826090092686,0.9755226013936038,0.024477398606396195,0.9800000000000001,0.5,3.0,7.0,423.0,0.2799999999999999,1.0,-8.0,-3.0,155.89999999999986,5.323,155.89999999999986,0.7104216031820894,-1
2023-03-28,Suiza,Israel,3-0,,,3.03,0.11,0.66,0.34,9.0,1.0,3.0,4.0,1.0,2.0,8.0,8.0,1.0,6.0,1655.02,1315.67,12.79,2.96,2023.0,0.91,597.0,0.81,225.0,3,0,1,3,1,3,0,0.964968152866242,0.035031847133757954,0.9,0.09999999999999998,0.42857142857142855,0.5714285714285714,0.14285714285714285,0.8571428571428572,0.7262773722627737,0.27372262773722633,1.0,0.0,0.5571163601722159,0.4428836398277841,0.812063492063492,0.18793650793650796,2.92,0.32,8.0,-1.0,372.0,0.09999999999999998,-1.0,0.0,-5.0,339.3499999999999,9.829999999999998,339.3499999999999,0.8758229542902729,-2
2023-03-28,Turquía,Croacia,0-2,,,1.29,1.78,0.49,0.51,5.0,5.0,9.0,2.0,0.0,2.0,11.0,10.0,3.0,5.0,1465.38,1727.62,18.22,14.9,2023.0,0.83,406.0,0.83,471.0,0,2,2,-2,0,0,3,0.42019543973941365,0.5798045602605864,0.5,0.5,0.8181818181818182,0.18181818181818177,0.375,0.625,0.4629418472063854,0.5370581527936146,0.0,1.0,0.45893517068587536,0.5410648293141247,0.5501207729468599,0.4498792270531401,-0.49,-0.020000000000000018,0.0,7.0,-65.0,0.0,-2.0,1.0,-2.0,-262.2399999999998,3.3199999999999985,-262.2399999999998,0.18100181825040917,1
2023-03-28,Georgia,Noruega,1-1,,,1.26,2.01,0.38,0.62,3.0,5.0,3.0,3.0,3.0,2.0,6.0,7.0,4.0,2.0,1305.98,1475.05,9.65,22.69,2023.0,0.78,279.0,0.87,592.0,1,1,X,0,0,1,1,0.38532110091743127,0.6146788990825687,0.375,0.625,0.5,0.5,0.6666666666666666,0.33333333333333337,0.3203214695752009,0.6796785304247991,0.5,0.5,0.4696029888206888,0.5303970111793113,0.2983920841063698,0.7016079158936301,-0.7499999999999998,-0.24,-2.0,0.0,-313.0,-0.08999999999999997,1.0,-1.0,2.0,-169.06999999999994,-13.040000000000001,-169.06999999999994,0.27423414690703657,1
2023-03-28,Rumanía,Bielorrusia,2-1,,,1.22,0.99,0.53,0.47,3.0,4.0,9.0,0.0,3.0,3.0,13.0,12.0,3.0,1.0,1432.64,1221.68,2.37,0.641,2023.0,0.75,343.0,0.78,336.0,2,1,1,1,1,3,0,0.5520361990950227,0.44796380090497734,0.42857142857142855,0.5714285714285714,1.0,0.0,0.75,0.25,0.5051546391752577,0.4948453608247423,0.6666666666666666,0.33333333333333337,0.5397389915307875,0.4602610084692125,0.7871139156426437,0.21288608435735634,0.22999999999999998,0.06000000000000005,-1.0,9.0,7.0,-0.030000000000000027,0.0,1.0,2.0,210.96000000000004,1.729,210.96000000000004,0.7710736182012237,-1
2023-06-14,Países Bajos,Croacia,2-2,2-4,,1.62,3.38,0.46,0.54,6.0,5.0,4.0,8.0,3.0,4.0,25.0,13.0,1.0,4.0,1731.23,1730.02,29.01,14.9,2023.0,0.85,471.0,0.89,596.0,2,2,X,0,0,1,1,0.324,0.6759999999999999,0.5454545454545454,0.4545454545454546,0.3333333333333333,0.6666666666666667,0.2,0.8,0.4414245548266167,0.5585754451733833,0.5,0.5,0.5001747923438065,0.49982520765619354,0.6606695513550443,0.33933044864495565,-1.7599999999999998,-0.08000000000000002,1.0,-4.0,-125.0,-0.040000000000000036,-1.0,12.0,-3.0,1.2100000000000364,14.110000000000001,1.2100000000000364,0.5017413229364601,0
2023-06-15,España,Italia,2-1,,,2.23,1.94,0.61,0.39,7.0,3.0,5.0,2.0,3.0,2.0,24.0,8.0,2.0,5.0,1682.85,1713.66,47.03,13.73,2023.0,0.88,573.0,0.78,292.0,2,1,1,1,1,3,0,0.5347721822541966,0.46522781774580335,0.7,0.30000000000000004,0.7142857142857143,0.2857142857142857,0.2857142857142857,0.7142857142857143,0.6624277456647398,0.33757225433526017,0.6666666666666666,0.33333333333333337,0.49546446205075206,0.504535537949248,0.7740289664252797,0.22597103357472026,0.29000000000000004,0.21999999999999997,4.0,3.0,281.0,0.09999999999999998,1.0,16.0,-3.0,-30.810000000000173,33.3,-30.810000000000173,0.45577670674508464,0
2023-06-16,Malta,Inglaterra,0-4,,,0.0,2.94,0.39,0.61,0.0,8.0,0.0,3.0,1.0,0.0,10.0,11.0,4.0,0.0,972.79,1792.43,0.554,52.43,2023.0,0.8,299.0,0.88,606.0,0,4,2,-4,0,0,3,0.0,1.0,0.0,1.0,0.0,1.0,1.0,0.0,0.33038674033149174,0.6696132596685083,0.0,1.0,0.3517947939042824,0.6482052060957175,0.010455986712969954,0.98954401328703,-2.94,-0.21999999999999997,-8.0,-3.0,-307.0,-0.07999999999999996,1.0,-1.0,4.0,-819.6400000000001,-51.876,-819.6400000000001,0.008851941489064128,3
2023-06-16,Andorra,Suiza,1-2,,,0.33,2.95,0.25,0.75,2.0,7.0,0.0,1.0,1.92,0.66,8.0,11.0,5.0,1.0,1030.52,1664.24,0.137,12.79,2023.0,0.49,77.0,0.9,684.0,1,2,2,-1,0,0,3,0.10060975609756097,0.899390243902439,0.2222222222222222,0.7777777777777778,0.0,1.0,0.8333333333333334,0.16666666666666663,0.1011826544021025,0.8988173455978975,0.3333333333333333,0.6666666666666667,0.3824162448603957,0.6175837551396043,0.010597973234315773,0.9894020267656842,-2.62,-0.5,-5.0,-1.0,-607.0,-0.41000000000000003,1.2599999999999998,-3.0,4.0,-633.72,-12.652999999999999,-633.72,0.025382489197041336,3
2023-06-16,Bielorrusia,Israel,1-2,,,0.49,2.22,0.38,0.62,1.0,8.0,3.0,14.0,3.0,2.0,7.0,9.0,6.0,0.0,1210.17,1307.41,0.641,2.96,2023.0,0.65,183.0,0.83,478.0,1,2,2,-1,0,0,3,0.18081180811808117,0.8191881918819188,0.1111111111111111,0.8888888888888888,0.17647058823529413,0.8235294117647058,1.0,0.0,0.27685325264750377,0.7231467473524962,0.3333333333333333,0.6666666666666667,0.48068780336672523,0.5193121966332748,0.17800610941405165,0.8219938905859483,-1.7300000000000002,-0.24,-7.0,-11.0,-295.0,-0.17999999999999994,1.0,-2.0,6.0,-97.24000000000001,-2.319,-97.24000000000001,0.3636033547842934,0
2023-06-16,Dinamarca,Irlanda del Norte,1-0,,,1.11,0.29,0.62,0.38,5.0,4.0,10.0,2.0,0.0,4.0,9.0,16.0,4.0,4.0,1594.53,1385.93,15.87,3.47,2023.0,0.82,486.0,0.7,190.0,1,0,1,1,1,3,0,0.7928571428571428,0.20714285714285718,0.5555555555555556,0.4444444444444444,0.8333333333333334,0.16666666666666663,0.5,0.5,0.7189349112426036,0.28106508875739644,1.0,0.0,0.534994598149279,0.46500540185072103,0.8205791106514995,0.17942088934850053,0.8200000000000001,0.24,1.0,8.0,296.0,0.12,-4.0,-7.0,0.0,208.5999999999999,12.399999999999999,208.5999999999999,0.7686667352465592,-1
2023-06-16,Gales,Armenia,2-4,,,2.36,1.18,0.53,0.47,5.0,4.0,2.0,3.0,2.0,5.0,4.0,8.0,0.0,3.0,1538.95,1224.08,6.69,1.56,2023.0,0.85,400.0,0.84,298.0,2,4,2,-2,0,0,3,0.6666666666666666,0.33333333333333337,0.5555555555555556,0.4444444444444444,0.4,0.6,0.0,1.0,0.5730659025787965,0.4269340974212035,0.3333333333333333,0.6666666666666667,0.5569791135094444,0.4430208864905556,0.8109090909090909,0.1890909090909091,1.18,0.06000000000000005,1.0,-1.0,102.0,0.010000000000000009,-3.0,-4.0,-3.0,314.8700000000001,5.130000000000001,314.8700000000001,0.8596682649419761,-2
2023-06-16,Gibraltar,Francia,0-3,,,0.05,3.79,0.29,0.71,0.0,9.0,2.0,11.0,1.66,1.44,4.0,6.0,6.0,0.0,854.72,1838.45,0.073,58.58,2023.0,0.64,123.0,0.91,775.0,0,3,2,-3,0,0,3,0.013020833333333334,0.9869791666666666,0.0,1.0,0.15384615384615385,0.8461538461538461,1.0,0.0,0.13697104677060135,0.8630289532293987,0.0,1.0,0.3173657808456206,0.6826342191543794,0.0012446081189367978,0.9987553918810632,-3.74,-0.42,-9.0,-9.0,-652.0,-0.27,0.21999999999999997,-2.0,6.0,-983.73,-58.507,-983.73,0.0034607434967281834,3
2023-06-16,Finlandia,Eslovenia,2-0,,,0.73,1.06,0.44,0.56,3.0,2.0,2.0,3.0,1.0,1.0,11.0,9.0,2.0,1.0,1405.31,1398.47,1.55,4.02,2023.0,0.8,333.0,0.86,503.0,2,0,1,2,1,3,0,0.4078212290502793,0.5921787709497207,0.6,0.4,0.4,0.6,0.6666666666666666,0.33333333333333337,0.39832535885167464,0.6016746411483254,1.0,0.0,0.5012197818659097,0.49878021813409035,0.2782764811490126,0.7217235188509874,-0.33000000000000007,-0.12000000000000005,1.0,-1.0,-170.0,-0.05999999999999994,0.0,2.0,1.0,6.839999999999918,-2.4699999999999998,6.839999999999918,0.5098422797418932,0
2023-06-16,San Marino,Kazajistán,0-3,,,0.31,1.81,0.41,0.59,2.0,7.0,2.0,8.0,2.0,2.0,11.0,14.0,4.0,2.0,759.12,1177.05,0.044,0.652,2023.0,0.73,180.0,0.86,422.0,0,3,2,-3,0,0,3,0.14622641509433962,0.8537735849056604,0.2222222222222222,0.7777777777777778,0.2,0.8,0.6666666666666666,0.33333333333333337,0.29900332225913623,0.7009966777408638,0.0,1.0,0.3920730101179132,0.6079269898820868,0.0632183908045977,0.9367816091954023,-1.5,-0.18,-5.0,-6.0,-242.0,-0.13,0.0,-3.0,2.0,-417.92999999999995,-0.608,-417.92999999999995,0.08273160153077137,1
2023-06-16,Grecia,Irlanda,2-1,,,1.6,1.22,0.52,0.48,6.0,3.0,10.0,5.0,4.0,2.0,11.0,10.0,2.0,4.0,1433.01,1436.31,11.02,5.44,2023.0,0.87,366.0,0.85,371.0,2,1,1,1,1,3,0,0.5673758865248226,0.4326241134751774,0.6666666666666666,0.33333333333333337,0.6666666666666666,0.33333333333333337,0.3333333333333333,0.6666666666666667,0.4966078697421981,0.5033921302578019,0.6666666666666666,0.33333333333333337,0.4994249508594371,0.5005750491405629,0.6695018226002429,0.33049817739975706,0.3800000000000001,0.040000000000000036,3.0,5.0,-5.0,0.020000000000000018,2.0,1.0,-2.0,-3.2999999999999545,5.579999999999999,-3.2999999999999545,0.4952510610535241,0
2023-06-16,Macedonia del Norte,Ucrania,2-3,,,1.42,0.91,0.49,0.51,5.0,3.0,7.0,4.0,4.0,2.0,9.0,23.0,0.0,3.0,1363.07,1530.04,1.38,9.88,2023.0,0.82,336.0,0.82,354.0,2,3,2,-1,0,0,3,0.6094420600858369,0.3905579399141631,0.625,0.375,0.6363636363636364,0.36363636363636365,0.0,1.0,0.48695652173913045,0.5130434782608695,0.4,0.6,0.47114350992530535,0.5288564900746946,0.1225577264653641,0.8774422735346359,0.5099999999999999,-0.020000000000000018,2.0,3.0,-18.0,0.0,2.0,-14.0,-3.0,-166.97000000000003,-8.5,-166.97000000000003,0.2766466875700556,1
2023-06-16,Letonia,Turquía,2-3,,,2.55,2.89,0.37,0.63,7.0,7.0,3.0,2.0,4.0,2.0,13.0,7.0,4.0,5.0,1110.55,1465.7,0.329,18.22,2023.0,0.66,160.0,0.85,442.0,2,3,2,-1,0,0,3,0.46875,0.53125,0.5,0.5,0.6,0.4,0.4444444444444444,0.5555555555555556,0.26578073089701,0.7342192691029901,0.4,0.6,0.431072295002426,0.5689277049975741,0.01773680521861017,0.9822631947813898,-0.3400000000000003,-0.26,0.0,1.0,-282.0,-0.18999999999999995,2.0,6.0,-1.0,-355.1500000000001,-17.891,-355.1500000000001,0.11461866884538484,2
2023-06-16,Kosovo,Rumanía,0-0,,,0.81,0.78,0.55,0.45,4.0,3.0,3.0,8.0,2.0,1.0,8.0,13.0,3.0,4.0,1186.26,1444.58,5.46,2.37,2023.0,0.68,319.0,0.57,172.0,0,0,X,0,0,1,1,0.5094339622641509,0.49056603773584906,0.5714285714285714,0.4285714285714286,0.2727272727272727,0.7272727272727273,0.42857142857142855,0.5714285714285714,0.6496945010183299,0.35030549898167007,0.5,0.5,0.45090541424031866,0.5490945857596814,0.6973180076628352,0.30268199233716475,0.030000000000000027,0.10000000000000003,1.0,-5.0,147.0,0.1100000000000001,1.0,-5.0,-1.0,-258.31999999999994,3.09,-258.31999999999994,0.18437101649869123,1
2023-06-17,Islas Feroe,República Checa,0-3,,,0.38860000000000006,2.2647999999999997,0.4,0.6,0.0,5.0,0.0,8.0,1.0,0.0,10.0,10.0,2.0,0.0,1138.98,1495.04,0.222,7.24,2023.0,0.69,252.0,0.8,449.0,0,3,2,-3,0,0,3,0.1464536066932992,0.8535463933067008,0.0,1.0,0.0,1.0,1.0,0.0,0.3594864479315264,0.6405135520684736,0.0,1.0,0.43241129528249594,0.5675887047175041,0.029750737067810236,0.9702492629321897,-1.8761999999999996,-0.19999999999999996,-5.0,-8.0,-197.0,-0.1100000000000001,1.0,0.0,2.0,-356.05999999999995,-7.018,-356.05999999999995,0.11408814371526767,2
2023-06-17,Albania,Moldavia,2-0,,,0.38,0.35,0.7,0.3,5.0,1.0,5.0,0.0,1.0,2.0,10.0,11.0,1.0,3.0,1344.95,972.91,3.42,0.373,2023.0,0.9,652.0,0.73,197.0,2,0,1,2,1,3,0,0.5205479452054794,0.4794520547945206,0.8333333333333334,0.16666666666666663,1.0,0.0,0.25,0.75,0.767962308598351,0.23203769140164898,1.0,0.0,0.5802550628597067,0.41974493714029326,0.9016609543896651,0.09833904561033491,0.030000000000000027,0.39999999999999997,4.0,5.0,455.0,0.17000000000000004,-1.0,-1.0,-2.0,372.0400000000001,3.0469999999999997,372.0400000000001,0.8948844511727269,-1
2023-06-17,Bélgica,Austria,1-1,,,0.87,0.74,0.54,0.46,2.0,2.0,11.0,3.0,1.0,4.0,9.0,9.0,2.0,1.0,1792.53,1508.24,21.06,9.43,2023.0,0.85,389.0,0.79,274.0,1,1,X,0,0,1,1,0.5403726708074534,0.45962732919254656,0.5,0.5,0.7857142857142857,0.2142857142857143,0.6666666666666666,0.33333333333333337,0.5867269984917044,0.4132730015082956,0.5,0.5,0.5430641941122829,0.4569358058877171,0.6907182682846835,0.3092817317153165,0.13,0.08000000000000002,0.0,8.0,115.0,0.05999999999999994,-3.0,0.0,1.0,284.28999999999996,11.629999999999999,284.28999999999996,0.8370587823822758,-1
2023-06-17,Chipre,Georgia,1-2,,,1.62,2.32,0.46,0.54,4.0,5.0,6.0,2.0,3.0,1.0,6.0,11.0,3.0,3.0,1179.45,1311.51,0.737,9.65,2023.0,0.85,375.0,0.88,476.0,1,2,2,-1,0,0,3,0.41116751269035534,0.5888324873096447,0.4444444444444444,0.5555555555555556,0.75,0.25,0.5,0.5,0.4406580493537015,0.5593419506462984,0.3333333333333333,0.6666666666666667,0.4734921476057424,0.5265078523942577,0.07095407721189949,0.9290459227881005,-0.6999999999999997,-0.08000000000000002,-1.0,4.0,-101.0,-0.030000000000000027,2.0,-5.0,0.0,-132.05999999999995,-8.913,-132.05999999999995,0.318603178112988,0
2023-06-17,Portugal,Bosnia-Herzegovina,3-0,,,1.73,0.42,0.62,0.38,5.0,3.0,5.0,1.0,1.0,2.0,5.0,10.0,3.0,2.0,1707.22,1403.04,38.67,5.63,2023.0,0.88,600.0,0.8,327.0,3,0,1,3,1,3,0,0.8046511627906977,0.1953488372093023,0.625,0.375,0.8333333333333334,0.16666666666666663,0.6,0.4,0.6472491909385113,0.3527508090614887,1.0,0.0,0.548899448920669,0.451100551079331,0.8729119638826185,0.1270880361173815,1.31,0.24,2.0,4.0,273.0,0.07999999999999996,-1.0,-5.0,1.0,304.18000000000006,33.04,304.18000000000006,0.8520789919206698,-1
2023-06-17,Islandia,Eslovaquia,1-2,,,1.5,1.07,0.5,0.5,3.0,4.0,2.0,9.0,1.0,1.0,9.0,9.0,2.0,2.0,1369.03,1433.77,3.71,2.3,2023.0,0.78,317.0,0.82,369.0,1,2,2,-1,0,0,3,0.5836575875486381,0.41634241245136194,0.42857142857142855,0.5714285714285714,0.18181818181818182,0.8181818181818181,0.5,0.5,0.4620991253644315,0.5379008746355685,0.3333333333333333,0.6666666666666667,0.48845083487940627,0.5115491651205937,0.6173044925124792,0.3826955074875208,0.42999999999999994,0.0,-1.0,-7.0,-52.0,-0.039999999999999925,0.0,0.0,0.0,-64.74000000000001,1.4100000000000001,-64.74000000000001,0.4078951928217208,0
2023-06-17,Azerbaiyán,Estonia,1-1,,,0.88,1.45,0.58,0.42,3.0,5.0,2.0,6.0,1.0,2.0,13.0,15.0,4.0,2.0,1142.25,1182.5,0.706,0.516,2023.0,0.81,401.0,0.7,209.0,1,1,X,0,0,1,1,0.37768240343347637,0.6223175965665236,0.375,0.625,0.25,0.75,0.6666666666666666,0.33333333333333337,0.6573770491803279,0.3426229508196721,0.5,0.5,0.4913431551779761,0.5086568448220239,0.5777414075286416,0.42225859247135844,-0.57,0.15999999999999998,-2.0,-4.0,192.0,0.1100000000000001,-1.0,-2.0,2.0,-40.25,0.18999999999999995,-40.25,0.44233334361277776,1
2023-06-17,Montenegro,Hungría,0-0,,,0.81,0.21,0.35,0.65,3.0,1.0,4.0,2.0,4.0,2.0,14.0,19.0,1.0,3.0,1343.28,1504.24,2.48,7.21,2023.0,0.72,150.0,0.86,502.0,0,0,X,0,0,1,1,0.7941176470588236,0.2058823529411764,0.75,0.25,0.6666666666666666,0.33333333333333337,0.25,0.75,0.23006134969325154,0.7699386503067485,0.5,0.5,0.4717368095746474,0.5282631904253525,0.2559339525283798,0.7440660474716202,0.6000000000000001,-0.30000000000000004,2.0,2.0,-352.0,-0.14,2.0,-5.0,-2.0,-160.96000000000004,-4.73,-160.96000000000004,0.2836230877275693,1
2023-06-17,Lituania,Bulgaria,1-1,,,0.14,1.12,0.37,0.63,1.0,9.0,3.0,20.0,2.0,1.0,8.0,9.0,8.0,0.0,1068.53,1315.74,0.703,1.2,2023.0,0.69,170.0,0.87,466.0,1,1,X,0,0,1,1,0.1111111111111111,0.8888888888888888,0.1,0.9,0.13043478260869565,0.8695652173913043,1.0,0.0,0.2672955974842767,0.7327044025157232,0.5,0.5,0.44815813645266683,0.5518418635473332,0.36941671045717284,0.6305832895428272,-0.9800000000000001,-0.26,-8.0,-17.0,-296.0,-0.18000000000000005,1.0,-1.0,8.0,-247.21000000000004,-0.497,-247.21000000000004,0.194183078876096,1
2023-06-17,Luxemburgo,Liechtenstein,2-0,,,2.69,0.43,0.66,0.34,9.0,1.0,9.0,1.0,2.0,2.0,12.0,16.0,1.0,7.0,1245.78,855.77,0.639,0.026,2023.0,0.84,429.0,0.54,94.0,2,0,1,2,1,3,0,0.8621794871794871,0.13782051282051289,0.9,0.09999999999999998,0.9,0.09999999999999998,0.125,0.875,0.8202676864244742,0.17973231357552577,1.0,0.0,0.5927910351883133,0.40720896481168667,0.9609022556390977,0.0390977443609023,2.26,0.32,8.0,8.0,335.0,0.29999999999999993,0.0,-4.0,-6.0,390.01,0.613,390.01,0.904225129700035,-1
2023-06-17,Noruega,Escocia,1-2,,,1.93,0.52,0.56,0.44,3.0,3.0,2.0,3.0,0.0,4.0,9.0,12.0,1.0,2.0,1463.77,1500.52,22.69,6.55,2023.0,0.89,482.0,0.85,319.0,1,2,2,-1,0,0,3,0.7877551020408162,0.21224489795918378,0.5,0.5,0.4,0.6,0.3333333333333333,0.6666666666666667,0.6017478152309613,0.3982521847690387,0.3333333333333333,0.6666666666666667,0.49380121378137765,0.5061987862186224,0.7759917920656635,0.2240082079343365,1.41,0.12000000000000005,0.0,-1.0,163.0,0.040000000000000036,-4.0,-3.0,-1.0,-36.75,16.14,-36.75,0.4473088612157796,0
2023-06-18,Croacia,España,0-0,0-0,0-1,0.8,1.64,0.47,0.53,5.0,1.0,4.0,8.0,1.0,3.0,11.0,18.0,1.0,5.0,1730.02,1682.85,14.9,47.03,2023.0,0.87,566.0,0.87,666.0,0,0,X,0,0,1,1,0.3278688524590164,0.6721311475409836,0.8333333333333334,0.16666666666666663,0.3333333333333333,0.6666666666666667,0.16666666666666666,0.8333333333333334,0.4594155844155844,0.5405844155844156,0.5,0.5,0.5069106060295294,0.4930893939704706,0.24059421927983207,0.759405780720168,-0.8399999999999999,-0.06000000000000005,4.0,-4.0,-100.0,0.0,-2.0,-7.0,-4.0,47.17000000000007,-32.13,47.17000000000007,0.5674690551969062,0
2023-06-18,Países Bajos,Italia,2-3,,,1.55,1.8,0.57,0.43,6.0,3.0,9.0,3.0,1.0,3.0,15.0,16.0,0.0,4.0,1731.23,1713.66,29.01,13.73,2023.0,0.86,488.0,0.79,284.0,2,3,2,-1,0,0,3,0.4626865671641791,0.5373134328358209,0.6666666666666666,0.33333333333333337,0.75,0.25,0.0,1.0,0.6321243523316062,0.36787564766839376,0.4,0.6,0.5025501539962088,0.49744984600379116,0.6787552643893309,0.32124473561066913,-0.25,0.13999999999999996,3.0,6.0,204.0,0.06999999999999995,-2.0,-1.0,-4.0,17.569999999999936,15.280000000000001,17.569999999999936,0.5252637299208662,0
2023-06-19,Inglaterra,Macedonia del Norte,7-0,,,4.36,0.0,0.66,0.34,10.0,0.0,7.0,0.0,2.0,1.0,13.0,8.0,0.0,3.0,1792.43,1363.07,52.43,1.38,2023.0,0.92,652.0,0.85,290.0,7,0,1,7,1,3,0,1.0,0.0,1.0,0.0,1.0,0.0,0.0,1.0,0.692144373673036,0.30785562632696395,1.0,0.0,0.5680335921407067,0.4319664078592933,0.9743542092547853,0.02564579074521467,4.36,0.32,10.0,7.0,362.0,0.07000000000000006,1.0,5.0,-3.0,429.3600000000001,51.05,429.3600000000001,0.9221263663072181,-1
2023-06-19,Bielorrusia,Kosovo,2-1,,,2.06,1.33,0.44,0.56,4.0,5.0,4.0,7.0,1.0,1.0,10.0,7.0,4.0,2.0,1210.17,1186.26,0.641,5.46,2023.0,0.81,310.0,0.86,479.0,2,1,1,1,1,3,0,0.6076696165191741,0.39233038348082594,0.4444444444444444,0.5555555555555556,0.36363636363636365,0.6363636363636364,0.6666666666666666,0.33333333333333337,0.3929024081115336,0.6070975918884665,0.6666666666666666,0.33333333333333337,0.5049886706475882,0.49501132935241177,0.10506474348467465,0.8949352565153254,0.73,-0.12000000000000005,-1.0,-3.0,-169.0,-0.04999999999999993,0.0,3.0,2.0,23.910000000000082,-4.819,23.910000000000082,0.5343550380881272,0
2023-06-19,Eslovenia,Dinamarca,1-1,,,0.59,1.51,0.39,0.61,2.0,2.0,2.0,10.0,1.0,1.0,7.0,12.0,1.0,1.0,1398.47,1594.53,4.02,15.87,2023.0,0.78,261.0,0.87,484.0,1,1,X,0,0,1,1,0.28095238095238095,0.719047619047619,0.5,0.5,0.16666666666666666,0.8333333333333334,0.5,0.5,0.3503355704697987,0.6496644295302013,0.5,0.5,0.46724690945539593,0.5327530905446041,0.20211161387631973,0.7978883861236803,-0.92,-0.21999999999999997,0.0,-8.0,-223.0,-0.08999999999999997,0.0,-5.0,0.0,-196.05999999999995,-11.85,-196.05999999999995,0.2444173269504582,1
2023-06-19,Francia,Grecia,1-0,,,2.28,0.21,0.59,0.41,5.0,2.0,4.0,3.0,0.0,4.0,9.0,10.0,2.0,4.0,1838.45,1433.01,58.58,11.02,2023.0,0.91,641.0,0.81,344.0,1,0,1,1,1,3,0,0.9156626506024097,0.0843373493975903,0.7142857142857143,0.2857142857142857,0.5714285714285714,0.4285714285714286,0.3333333333333333,0.6666666666666667,0.650761421319797,0.349238578680203,1.0,0.0,0.5619662169184401,0.43803378308155994,0.8416666666666667,0.15833333333333333,2.07,0.18,3.0,1.0,297.0,0.09999999999999998,-4.0,-1.0,-2.0,405.44000000000005,47.56,405.44000000000005,0.9116459972331351,-1
2023-06-19,Irlanda,Gibraltar,3-0,,,3.0,0.05,0.69,0.31,13.0,1.0,14.0,2.0,0.0,2.0,5.0,5.0,1.0,10.0,1436.31,854.72,5.44,0.073,2023.0,0.91,629.0,0.58,109.0,3,0,1,3,1,3,0,0.9836065573770493,0.016393442622950727,0.9285714285714286,0.0714285714285714,0.875,0.125,0.09090909090909091,0.9090909090909091,0.8523035230352304,0.14769647696476962,1.0,0.0,0.6269276264387634,0.37307237356123657,0.986758570651188,0.013241429348812006,2.95,0.37999999999999995,12.0,12.0,520.0,0.33000000000000007,-2.0,0.0,-9.0,581.5899999999999,5.367,581.5899999999999,0.9660360393765914,-2
2023-06-19,Irlanda del Norte,Kazajistán,0-1,,,1.03,1.03,0.58,0.42,1.0,2.0,8.0,4.0,1.0,2.0,6.0,8.0,1.0,1.0,1385.93,1177.05,3.47,0.652,2023.0,0.77,384.0,0.72,244.0,0,1,2,-1,0,0,3,0.5,0.5,0.3333333333333333,0.6666666666666667,0.6666666666666666,0.33333333333333337,0.5,0.5,0.6114649681528662,0.3885350318471338,0.0,1.0,0.5407494401048779,0.4592505598951221,0.8418243571082,0.15817564289179997,0.0,0.15999999999999998,-1.0,4.0,140.0,0.050000000000000044,-1.0,-2.0,0.0,208.8800000000001,2.818,208.8800000000001,0.7689532201772438,-1
2023-06-19,Israel,Andorra,2-1,,,1.33,0.37,0.71,0.29,6.0,3.0,3.0,1.0,2.0,3.0,7.0,16.0,2.0,4.0,1307.41,1030.52,2.96,0.137,2023.0,0.85,520.0,0.6,88.0,2,1,1,1,1,3,0,0.7823529411764706,0.21764705882352942,0.6666666666666666,0.33333333333333337,0.75,0.25,0.3333333333333333,0.6666666666666667,0.8552631578947368,0.14473684210526316,0.6666666666666666,0.33333333333333337,0.5592169141077791,0.4407830858922209,0.9557636422344205,0.04423635776557955,0.9600000000000001,0.42,3.0,2.0,432.0,0.25,-1.0,-9.0,-2.0,276.8900000000001,2.823,276.8900000000001,0.8311650759935262,-1
2023-06-19,Suiza,Rumanía,2-2,,,2.67,0.78,0.67,0.33,6.0,3.0,5.0,1.0,3.0,3.0,4.0,9.0,1.0,4.0,1664.24,1444.58,12.79,2.37,2023.0,0.91,680.0,0.76,216.0,2,2,X,0,0,1,1,0.7739130434782608,0.22608695652173916,0.6666666666666666,0.33333333333333337,0.8333333333333334,0.16666666666666663,0.2,0.8,0.7589285714285714,0.2410714285714286,0.5,0.5,0.535328516929253,0.464671483070747,0.8436675461741424,0.1563324538258576,1.89,0.34,3.0,4.0,464.0,0.15000000000000002,0.0,-5.0,-3.0,219.66000000000008,10.419999999999998,219.66000000000008,0.779793706959623,-1
2023-06-19,Turquía,Gales,2-0,,,1.89,0.36,0.69,0.31,5.0,1.0,3.0,2.0,4.0,1.0,16.0,9.0,1.0,3.0,1465.7,1538.95,18.22,6.69,2023.0,0.9,622.0,0.67,143.0,2,0,1,2,1,3,0,0.84,0.16000000000000003,0.8333333333333334,0.16666666666666663,0.6,0.4,0.25,0.75,0.8130718954248366,0.1869281045751634,1.0,0.0,0.48781056029820447,0.5121894397017955,0.7314331593737454,0.2685668406262546,1.5299999999999998,0.37999999999999995,4.0,1.0,479.0,0.22999999999999998,3.0,7.0,-2.0,-73.25,11.529999999999998,-73.25,0.39611938090155646,1
2023-06-19,Armenia,Letonia,2-1,,,1.74,0.04,0.61,0.39,5.0,1.0,4.0,0.0,1.0,4.0,6.0,14.0,0.0,3.0,1224.08,1110.55,1.56,0.329,2023.0,0.87,490.0,0.66,177.0,2,1,1,1,1,3,0,0.9775280898876404,0.022471910112359605,0.8333333333333334,0.16666666666666663,1.0,0.0,0.0,1.0,0.7346326836581709,0.2653673163418291,0.6666666666666666,0.33333333333333337,0.5243143453138184,0.4756856546861816,0.8258337744838539,0.17416622551614613,1.7,0.21999999999999997,4.0,4.0,313.0,0.20999999999999996,-3.0,-8.0,-3.0,113.52999999999997,1.231,113.52999999999997,0.6578057719067668,-1
2023-06-19,Finlandia,San Marino,6-0,,,3.62,0.06,0.74,0.26,11.0,1.0,6.0,1.0,0.0,1.0,8.0,7.0,1.0,5.0,1405.31,759.12,1.55,0.044,2023.0,0.91,646.0,0.65,121.0,6,0,1,6,1,3,0,0.9836956521739131,0.016304347826086918,0.9166666666666666,0.08333333333333337,0.8571428571428571,0.1428571428571429,0.16666666666666666,0.8333333333333334,0.8422425032594524,0.15775749674054762,1.0,0.0,0.64927486682406,0.35072513317594,0.972396486825596,0.027603513174404015,3.56,0.48,10.0,5.0,525.0,0.26,-1.0,1.0,-4.0,646.1899999999999,1.506,646.1899999999999,0.9763340769675618,-2
2023-06-19,Ucrania,Malta,1-0,,,3.19,0.25,0.63,0.37,8.0,2.0,5.0,4.0,2.0,2.0,6.0,14.0,2.0,7.0,1530.04,972.79,9.88,0.554,2023.0,0.86,461.0,0.75,226.0,1,0,1,1,1,3,0,0.9273255813953488,0.07267441860465118,0.8,0.19999999999999996,0.5555555555555556,0.4444444444444444,0.2222222222222222,0.7777777777777778,0.6710334788937409,0.3289665211062591,1.0,0.0,0.6113239812532214,0.3886760187467786,0.9469043511596703,0.05309564884032969,2.94,0.26,6.0,1.0,235.0,0.10999999999999999,0.0,-8.0,-5.0,557.25,9.326,557.25,0.961126335911735,-3
2023-06-20,Escocia,Georgia,2-0,,,1.18,0.31,0.48,0.52,3.0,0.0,8.0,0.0,2.0,2.0,12.0,7.0,0.0,1.0,1500.52,1311.51,6.55,9.65,2023.0,0.82,418.0,0.81,405.0,2,0,1,2,1,3,0,0.7919463087248322,0.20805369127516782,1.0,0.0,1.0,0.0,0.0,1.0,0.5078979343863913,0.4921020656136087,1.0,0.0,0.5336073939467219,0.46639260605327815,0.404320987654321,0.595679012345679,0.8699999999999999,-0.040000000000000036,3.0,8.0,13.0,0.009999999999999898,0.0,5.0,-1.0,189.01,-3.1000000000000005,189.01,0.7480103917562407,-1
2023-06-20,Bulgaria,Serbia,1-1,,,0.37,0.49,0.38,0.62,2.0,2.0,0.0,7.0,3.0,3.0,17.0,14.0,1.0,1.0,1315.74,1541.52,1.2,7.76,2023.0,0.77,222.0,0.85,525.0,1,1,X,0,0,1,1,0.43023255813953487,0.5697674418604651,0.5,0.5,0.0,1.0,0.5,0.5,0.2971887550200803,0.7028112449799198,0.5,0.5,0.4604901199050839,0.5395098800949161,0.13392857142857142,0.8660714285714286,-0.12,-0.24,0.0,-7.0,-303.0,-0.07999999999999996,0.0,3.0,0.0,-225.77999999999997,-6.56,-225.77999999999997,0.21421649454530806,2
2023-06-20,Bosnia-Herzegovina,Luxemburgo,0-2,,,1.25,1.41,0.59,0.41,3.0,3.0,3.0,1.0,1.0,4.0,11.0,15.0,1.0,3.0,1403.04,1245.78,5.63,0.639,2023.0,0.83,470.0,0.69,194.0,0,2,2,-2,0,0,3,0.4699248120300752,0.5300751879699248,0.5,0.5,0.75,0.25,0.25,0.75,0.7078313253012049,0.29216867469879515,0.0,1.0,0.5296849163023536,0.4703150836976464,0.8980698676024884,0.10193013239751159,-0.15999999999999992,0.18,0.0,2.0,276.0,0.14,-3.0,-4.0,-2.0,157.26,4.991,157.26,0.7120295062551987,-1
2023-06-20,Austria,Suecia,2-0,,,1.9,0.27,0.57,0.43,14.0,3.0,6.0,4.0,1.0,0.0,6.0,11.0,3.0,12.0,1508.24,1558.7,9.43,15.62,2023.0,0.8,354.0,0.66,157.0,2,0,1,2,1,3,0,0.8755760368663594,0.12442396313364057,0.8235294117647058,0.17647058823529416,0.6,0.4,0.2,0.8,0.6927592954990215,0.3072407045009785,1.0,0.0,0.49177355931319167,0.5082264406868083,0.37644710578842316,0.6235528942115769,1.63,0.13999999999999996,11.0,2.0,197.0,0.14,1.0,-5.0,-9.0,-50.460000000000036,-6.1899999999999995,-50.460000000000036,0.42788853558135165,1
2023-06-20,Estonia,Bélgica,0-3,,,0.46,1.1,0.42,0.58,0.0,5.0,4.0,5.0,3.0,2.0,13.0,5.0,2.0,0.0,1182.5,1792.53,0.516,21.06,2023.0,0.76,221.0,0.86,492.0,0,3,2,-3,0,0,3,0.2948717948717949,0.7051282051282051,0.0,1.0,0.4444444444444444,0.5555555555555556,1.0,0.0,0.30995792426367463,0.6900420757363254,0.0,1.0,0.3974749834455451,0.6025250165544549,0.023915461624026697,0.9760845383759733,-0.6400000000000001,-0.15999999999999998,-5.0,-1.0,-271.0,-0.09999999999999998,1.0,8.0,2.0,-610.03,-20.543999999999997,-610.03,0.02898355059333971,2
2023-06-20,Hungría,Lituania,2-0,,,1.91,0.41,0.69,0.31,10.0,2.0,6.0,4.0,3.0,3.0,9.0,8.0,2.0,8.0,1504.24,1068.53,7.21,0.703,2023.0,0.87,583.0,0.72,192.0,2,0,1,2,1,3,0,0.8232758620689655,0.17672413793103448,0.8333333333333334,0.16666666666666663,0.6,0.4,0.2,0.8,0.752258064516129,0.24774193548387102,1.0,0.0,0.5846772156080801,0.41532278439191994,0.9111588525211677,0.08884114747883232,1.5,0.37999999999999995,8.0,2.0,391.0,0.15000000000000002,0.0,1.0,-6.0,435.71000000000004,6.507,435.71000000000004,0.9247110809481925,-2
2023-06-20,Islandia,Portugal,0-1,,,0.48,0.72,0.34,0.66,1.0,3.0,3.0,11.0,5.0,3.0,13.0,12.0,2.0,1.0,1369.03,1707.22,3.71,38.67,2023.0,0.72,187.0,0.89,587.0,0,1,2,-1,0,0,3,0.4,0.6,0.25,0.75,0.21428571428571427,0.7857142857142857,0.6666666666666666,0.33333333333333337,0.24160206718346253,0.7583979328165374,0.0,1.0,0.44503210077204386,0.5549678992279561,0.08754129306276545,0.9124587069372345,-0.24,-0.32,-2.0,-8.0,-400.0,-0.17000000000000004,2.0,1.0,1.0,-338.19000000000005,-34.96,-338.19000000000005,0.12490509531701426,1
2023-06-20,Islas Feroe,Albania,1-3,,,0.52,2.15,0.48,0.52,2.0,6.0,5.0,6.0,1.0,0.0,12.0,8.0,3.0,1.0,1138.98,1344.95,0.222,3.42,2023.0,0.83,399.0,0.88,413.0,1,3,2,-2,0,0,3,0.1947565543071161,0.8052434456928839,0.25,0.75,0.45454545454545453,0.5454545454545454,0.75,0.25,0.49137931034482757,0.5086206896551724,0.25,0.75,0.45853949185363513,0.5414605081463648,0.06095551894563427,0.9390444810543658,-1.63,-0.040000000000000036,-4.0,-1.0,-14.0,-0.050000000000000044,1.0,4.0,2.0,-205.97000000000003,-3.198,-205.97000000000003,0.23403628548721916,1
2023-06-20,Liechtenstein,Eslovaquia,0-1,,,0.33,1.95,0.32,0.68,4.0,4.0,3.0,14.0,1.0,0.0,16.0,6.0,3.0,4.0,855.77,1433.77,0.026,2.3,2023.0,0.61,113.0,0.85,533.0,0,1,2,-1,0,0,3,0.14473684210526316,0.8552631578947368,0.5,0.5,0.17647058823529413,0.8235294117647058,0.42857142857142855,0.5714285714285714,0.17492260061919504,0.8250773993808049,0.0,1.0,0.3737737711505368,0.6262262288494632,0.011177987962166812,0.9888220120378332,-1.6199999999999999,-0.36000000000000004,0.0,-11.0,-420.0,-0.24,1.0,10.0,-1.0,-578.0,-2.274,-578.0,0.03464857993036949,2
2023-06-20,Moldavia,Polonia,3-2,,,0.56,2.57,0.32,0.68,4.0,5.0,2.0,9.0,4.0,0.0,25.0,10.0,3.0,1.0,972.91,1553.76,0.373,8.91,2023.0,0.65,143.0,0.85,518.0,3,2,1,1,1,3,0,0.17891373801916935,0.8210862619808307,0.4444444444444444,0.5555555555555556,0.18181818181818182,0.8181818181818181,0.75,0.25,0.21633888048411498,0.783661119515885,0.6,0.4,0.3850562202424535,0.6149437797575465,0.04018097597759345,0.9598190240224066,-2.01,-0.36000000000000004,-1.0,-7.0,-375.0,-0.19999999999999996,4.0,15.0,2.0,-580.85,-8.537,-580.85,0.03410400363451457,3
2023-06-20,Noruega,Chipre,3-1,,,3.05,0.35,0.65,0.35,6.0,3.0,8.0,4.0,2.0,1.0,11.0,9.0,2.0,3.0,1463.77,1179.45,22.69,0.737,2023.0,0.91,613.0,0.8,281.0,3,1,1,2,1,3,0,0.8970588235294117,0.10294117647058831,0.6666666666666666,0.33333333333333337,0.6666666666666666,0.33333333333333337,0.4,0.6,0.685682326621924,0.31431767337807603,0.75,0.25,0.5537828860253781,0.44621711397462194,0.9685405728433005,0.03145942715669947,2.6999999999999997,0.30000000000000004,3.0,4.0,332.0,0.10999999999999999,1.0,2.0,-1.0,284.31999999999994,21.953000000000003,284.31999999999994,0.8370823349676685,-1
2023-09-07,República Checa,Albania,1-1,,,1.2437999999999998,0.39620000000000005,0.53,0.47,4.0,1.0,4.0,1.0,1.0,3.0,14.0,9.0,0.0,3.0,1503.69,1357.39,7.24,3.42,2023.0,0.8,399.0,0.77,297.0,1,1,X,0,0,1,1,0.7584146341463414,0.24158536585365864,0.8,0.19999999999999996,0.8,0.19999999999999996,0.0,1.0,0.5732758620689655,0.4267241379310345,0.5,0.5,0.5255672683042767,0.4744327316957233,0.6791744840525329,0.3208255159474671,0.8475999999999997,0.06000000000000005,3.0,3.0,102.0,0.030000000000000027,-2.0,5.0,-3.0,146.29999999999995,3.8200000000000003,146.29999999999995,0.698922150905568,0
2023-09-07,Países Bajos,Grecia,3-0,,,1.31,0.17,0.53,0.47,6.0,1.0,5.0,3.0,2.0,4.0,12.0,10.0,1.0,3.0,1731.23,1441.06,29.01,11.02,2023.0,0.9,502.0,0.89,440.0,3,0,1,3,1,3,0,0.8851351351351352,0.1148648648648648,0.8571428571428571,0.1428571428571429,0.625,0.375,0.25,0.75,0.5329087048832272,0.46709129511677283,1.0,0.0,0.5457350998805279,0.45426490011947207,0.7247064701473894,0.2752935298526106,1.1400000000000001,0.06000000000000005,5.0,2.0,62.0,0.010000000000000009,-2.0,2.0,-2.0,290.1700000000001,17.990000000000002,290.1700000000001,0.8416228516966964,-1
2023-09-07,Francia,Irlanda,2-0,,,1.87,0.67,0.65,0.35,5.0,2.0,6.0,2.0,2.0,1.0,11.0,9.0,2.0,3.0,1843.54,1426.26,58.58,5.44,2023.0,0.91,702.0,0.83,291.0,2,0,1,2,1,3,0,0.7362204724409449,0.2637795275590551,0.7142857142857143,0.2857142857142857,0.75,0.25,0.4,0.6,0.7069486404833837,0.2930513595166163,1.0,0.0,0.5638081839867881,0.4361918160132119,0.915026554201812,0.084973445798188,1.2000000000000002,0.30000000000000004,3.0,4.0,411.0,0.08000000000000007,1.0,2.0,-1.0,417.28,53.14,417.28,0.9169840080243258,-1
2023-09-07,Dinamarca,San Marino,4-0,,,2.3224,0.04340000000000001,0.76,0.24,6.0,0.0,19.0,0.0,1.12,1.48,7.0,8.0,0.0,2.0,1597.37,753.11,15.87,0.044,2023.0,0.9,730.0,0.51,74.0,4,0,1,4,1,3,0,0.9816552540366894,0.018344745963310594,1.0,0.0,1.0,0.0,0.0,1.0,0.9079601990049752,0.09203980099502485,1.0,0.0,0.6795931043871889,0.3204068956128111,0.9972351388714339,0.0027648611285661095,2.279,0.52,6.0,19.0,656.0,0.39,-0.3599999999999999,-1.0,-2.0,844.2599999999999,15.825999999999999,844.2599999999999,0.9923087518837633,-3
2023-09-07,Polonia,Islas Feroe,2-0,,,2.3336000000000006,0.26680000000000004,0.65,0.35,7.0,1.0,6.0,0.0,2.0,1.0,8.0,8.0,1.0,5.0,1536.99,1126.3,8.91,0.222,2023.0,0.85,527.0,0.68,174.0,2,0,1,2,1,3,0,0.8974003999384711,0.1025996000615289,0.875,0.125,1.0,0.0,0.16666666666666666,0.8333333333333334,0.7517831669044223,0.24821683309557774,1.0,0.0,0.577102005414356,0.42289799458564403,0.9756898817345598,0.02431011826544016,2.0668000000000006,0.30000000000000004,6.0,6.0,353.0,0.16999999999999993,1.0,0.0,-4.0,410.69000000000005,8.688,410.69000000000005,0.9140501678787007,-3
2023-09-07,Serbia,Hungría,1-2,,,2.13,1.48,0.54,0.46,3.0,3.0,5.0,3.0,0.0,2.0,5.0,15.0,1.0,3.0,1539.03,1504.57,7.76,7.21,2023.0,0.82,420.0,0.77,340.0,1,2,2,-1,0,0,3,0.590027700831025,0.40997229916897504,0.5,0.5,0.625,0.375,0.25,0.75,0.5526315789473685,0.4473684210526315,0.3333333333333333,0.6666666666666667,0.5056610592719148,0.49433894072808515,0.518370073480294,0.48162992651970604,0.6499999999999999,0.08000000000000002,0.0,2.0,80.0,0.04999999999999993,-2.0,-10.0,-2.0,34.460000000000036,0.5499999999999998,34.460000000000036,0.5494299446594475,-1
2023-09-07,Eslovenia,Irlanda del Norte,4-2,,,1.84,2.07,0.47,0.53,3.0,7.0,3.0,4.0,1.0,3.0,12.0,9.0,5.0,0.0,1391.04,1361.17,4.02,3.47,2023.0,0.77,287.0,0.82,313.0,4,2,1,2,1,3,0,0.47058823529411764,0.5294117647058824,0.3,0.7,0.42857142857142855,0.5714285714285714,1.0,0.0,0.47833333333333333,0.5216666666666667,0.6666666666666666,0.33333333333333337,0.5054265481195112,0.49457345188048885,0.5367156208277702,0.46328437917222975,-0.22999999999999976,-0.06000000000000005,-4.0,-1.0,-26.0,-0.04999999999999993,-2.0,3.0,5.0,29.86999999999989,0.5499999999999994,29.86999999999989,0.5428807889706623,0
2023-09-07,Kazajistán,Finlandia,0-1,,,0.7504000000000001,1.3877999999999997,0.44,0.56,3.0,4.0,4.0,9.0,2.0,0.0,16.0,11.0,3.0,3.0,1198.24,1419.47,0.652,1.55,2023.0,0.81,342.0,0.86,499.0,0,1,2,-1,0,0,3,0.3509493966888037,0.6490506033111962,0.42857142857142855,0.5714285714285714,0.3076923076923077,0.6923076923076923,0.5,0.5,0.40665873959571935,0.5933412604042807,0.0,1.0,0.45774360032241923,0.5422563996775808,0.29609445958219804,0.703905540417802,-0.6373999999999996,-0.12000000000000005,-1.0,-5.0,-157.0,-0.04999999999999993,2.0,5.0,0.0,-221.23000000000002,-0.898,-221.23000000000002,0.2186583140959014,1
2023-09-07,Lituania,Montenegro,2-2,,,1.1088,1.635,0.53,0.47,4.0,6.0,2.0,7.0,1.0,1.0,15.0,10.0,4.0,2.0,1069.97,1343.45,0.703,2.48,2023.0,0.79,337.0,0.74,296.0,2,2,X,0,0,1,1,0.40411108681390767,0.5958889131860923,0.4,0.6,0.2222222222222222,0.7777777777777778,0.6666666666666666,0.33333333333333337,0.5323854660347551,0.4676145339652449,0.5,0.5,0.4433418136917735,0.5566581863082265,0.22086082312284008,0.77913917687716,-0.5262,0.06000000000000005,-2.0,-5.0,41.0,0.050000000000000044,0.0,5.0,2.0,-273.48,-1.7770000000000001,-273.48,0.17160746522957962,1
2023-09-08,Eslovaquia,Portugal,0-1,,,0.93,1.02,0.45,0.55,2.0,8.0,3.0,4.0,2.0,1.0,10.0,12.0,7.0,2.0,1447.05,1718.25,2.3,38.67,2023.0,0.86,367.0,0.87,479.0,0,1,2,-1,0,0,3,0.4769230769230769,0.5230769230769231,0.2,0.8,0.42857142857142855,0.5714285714285714,0.7777777777777778,0.2222222222222222,0.43380614657210403,0.566193853427896,0.0,1.0,0.4571604587242915,0.5428395412757085,0.05613863802782523,0.9438613619721747,-0.08999999999999997,-0.10000000000000003,-6.0,-1.0,-112.0,-0.010000000000000009,1.0,-2.0,5.0,-271.20000000000005,-36.370000000000005,-271.20000000000005,0.17348130528894815,1
2023-09-08,Luxemburgo,Islandia,3-1,,,2.09,0.61,0.49,0.51,7.0,4.0,2.0,6.0,2.0,4.0,8.0,17.0,3.0,4.0,1262.72,1352.98,0.639,3.71,2023.0,0.71,259.0,0.76,336.0,3,1,1,2,1,3,0,0.7740740740740741,0.22592592592592586,0.6363636363636364,0.36363636363636365,0.25,0.75,0.42857142857142855,0.5714285714285714,0.43529411764705883,0.5647058823529412,0.75,0.25,0.4827464923347479,0.517253507665252,0.14693032881122098,0.8530696711887791,1.48,-0.020000000000000018,3.0,-4.0,-77.0,-0.050000000000000044,-2.0,-9.0,-1.0,-90.25999999999999,-3.0709999999999997,-90.25999999999999,0.37295084040169524,0
2023-09-08,Turquía,Armenia,1-1,,,1.66,0.89,0.61,0.39,8.0,5.0,9.0,4.0,3.0,3.0,6.0,10.0,4.0,7.0,1484.47,1252.6,18.22,1.56,2023.0,0.84,517.0,0.69,221.0,1,1,X,0,0,1,1,0.6509803921568628,0.34901960784313724,0.6153846153846154,0.3846153846153846,0.6923076923076923,0.3076923076923077,0.36363636363636365,0.6363636363636364,0.7005420054200542,0.2994579945799458,0.5,0.5,0.542357338321636,0.457642661678364,0.9211324570273004,0.0788675429726996,0.7699999999999999,0.21999999999999997,3.0,5.0,296.0,0.15000000000000002,0.0,-4.0,-3.0,231.87000000000012,16.66,231.87000000000012,0.7916254222867125,-1
2023-09-08,Georgia,España,1-7,,,0.6227999999999999,4.061399999999999,0.32,0.68,2.0,13.0,2.0,6.0,5.0,2.0,10.0,5.0,6.0,1.0,1312.8,1703.45,9.65,47.03,2023.0,0.79,227.0,0.94,714.0,1,7,2,-6,0,0,3,0.13295760215191496,0.867042397848085,0.13333333333333333,0.8666666666666667,0.25,0.75,0.8571428571428571,0.1428571428571429,0.2412327311370882,0.7587672688629118,0.125,0.875,0.43524243680066305,0.5647575631993369,0.17025405786873676,0.8297459421312632,-3.438599999999999,-0.36000000000000004,-11.0,-4.0,-487.0,-0.1499999999999999,3.0,5.0,5.0,-390.6500000000001,-37.38,-390.6500000000001,0.0954562913717718,2
2023-09-08,Croacia,Letonia,5-0,,,3.13,0.39,0.69,0.31,14.0,3.0,7.0,0.0,0.0,1.0,10.0,6.0,3.0,9.0,1742.55,1096.19,14.9,0.329,2023.0,0.91,684.0,0.76,193.0,5,0,1,5,1,3,0,0.8892045454545454,0.11079545454545459,0.8235294117647058,0.17647058823529416,1.0,0.0,0.25,0.75,0.7799315849486887,0.22006841505131125,1.0,0.0,0.6138462839146945,0.38615371608530547,0.9783964803992382,0.02160351960076179,2.7399999999999998,0.37999999999999995,11.0,7.0,491.0,0.15000000000000002,-1.0,4.0,-6.0,646.3599999999999,14.571,646.3599999999999,0.9763566777817508,-3
2023-09-08,Chipre,Escocia,0-3,,,0.08,1.53,0.45,0.55,3.0,4.0,0.0,2.0,3.0,0.0,12.0,11.0,1.0,3.0,1163.73,1520.24,0.737,6.55,2023.0,0.87,398.0,0.91,544.0,0,3,2,-3,0,0,3,0.049689440993788817,0.9503105590062112,0.42857142857142855,0.5714285714285714,0.0,1.0,0.25,0.75,0.42250530785562634,0.5774946921443737,0.0,1.0,0.4335853232338662,0.5664146767661338,0.10113901468368328,0.8988609853163168,-1.45,-0.10000000000000003,-1.0,-2.0,-146.0,-0.040000000000000036,3.0,1.0,-2.0,-356.51,-5.813,-356.51,0.11382658748916856,3
2023-09-08,Bosnia-Herzegovina,Liechtenstein,2-1,,,1.57,0.11,0.67,0.33,4.0,3.0,11.0,3.0,2.0,3.0,14.0,15.0,2.0,2.0,1381.1,848.82,5.63,0.026,2023.0,0.84,440.0,0.56,94.0,2,1,1,1,1,3,0,0.9345238095238094,0.06547619047619058,0.5714285714285714,0.4285714285714286,0.7857142857142857,0.2142857142857143,0.5,0.5,0.8239700374531835,0.17602996254681647,0.6666666666666666,0.33333333333333337,0.6193495730788547,0.38065042692114526,0.9954031117397454,0.004596888260254617,1.46,0.34,1.0,8.0,346.0,0.2799999999999999,-1.0,-1.0,0.0,532.2799999999999,5.604,532.2799999999999,0.9553852432998937,-2
2023-09-09,Ucrania,Inglaterra,1-1,,,0.8,1.44,0.35,0.65,1.0,5.0,2.0,2.0,2.0,2.0,11.0,7.0,4.0,0.0,1541.25,1797.39,9.88,52.43,2023.0,0.8,258.0,0.92,659.0,1,1,X,0,0,1,1,0.35714285714285715,0.6428571428571428,0.16666666666666666,0.8333333333333334,0.5,0.5,1.0,0.0,0.2813522355507088,0.7186477644492912,0.5,0.5,0.4616400690101358,0.5383599309898641,0.1585620285668432,0.8414379714331568,-0.6399999999999999,-0.30000000000000004,-4.0,0.0,-401.0,-0.12,0.0,4.0,4.0,-256.1400000000001,-42.55,-256.1400000000001,0.18626560703166617,0
2023-09-09,Azerbaiyán,Bélgica,0-1,,,0.64,1.02,0.47,0.53,4.0,6.0,4.0,13.0,1.0,2.0,15.0,9.0,5.0,4.0,1143.22,1788.55,0.706,21.06,2023.0,0.8,284.0,0.84,351.0,0,1,2,-1,0,0,3,0.38554216867469876,0.6144578313253013,0.4,0.6,0.23529411764705882,0.7647058823529411,0.5555555555555556,0.4444444444444444,0.44724409448818897,0.552755905511811,0.0,1.0,0.38994191222367375,0.6100580877763262,0.032435909216208765,0.9675640907837912,-0.38,-0.06000000000000005,-2.0,-9.0,-67.0,-0.039999999999999925,-1.0,6.0,1.0,-645.3299999999999,-20.354,-645.3299999999999,0.023780580008262456,3
2023-09-09,Estonia,Suecia,0-5,,,0.82,3.85,0.36,0.64,0.0,10.0,1.0,9.0,1.0,1.0,9.0,7.0,5.0,0.0,1179.3,1547.11,0.516,15.62,2023.0,0.76,228.0,0.88,553.0,0,5,2,-5,0,0,3,0.17558886509635974,0.8244111349036403,0.0,1.0,0.1,0.9,1.0,0.0,0.2919334186939821,0.7080665813060179,0.0,1.0,0.4325468289802341,0.5674531710197659,0.03197818542389688,0.9680218145761031,-3.0300000000000002,-0.28,-10.0,-8.0,-325.0,-0.12,0.0,2.0,5.0,-367.80999999999995,-15.104,-367.80999999999995,0.10742816965358379,2
2023-09-09,Andorra,Bielorrusia,0-0,,,0.18,0.86,0.36,0.64,1.0,3.0,1.0,9.0,3.0,5.0,11.0,12.0,3.0,1.0,1022.3,1212.28,0.137,0.641,2023.0,0.6,124.0,0.8,422.0,0,0,X,0,0,1,1,0.17307692307692307,0.8269230769230769,0.25,0.75,0.1,0.9,0.75,0.25,0.2271062271062271,0.7728937728937729,0.5,0.5,0.4574908931432305,0.5425091068567696,0.17609254498714655,0.8239074550128535,-0.6799999999999999,-0.28,-2.0,-8.0,-298.0,-0.20000000000000007,-2.0,-1.0,2.0,-189.98000000000002,-0.504,-189.98000000000002,0.2509385771645994,1
2023-09-09,Rumanía,Israel,1-1,,,0.67,0.26,0.42,0.58,3.0,5.0,3.0,4.0,3.0,1.0,14.0,13.0,4.0,2.0,1443.98,1323.81,2.37,2.96,2023.0,0.67,182.0,0.78,357.0,1,1,X,0,0,1,1,0.7204301075268817,0.27956989247311825,0.375,0.625,0.42857142857142855,0.5714285714285714,0.6666666666666666,0.33333333333333337,0.33766233766233766,0.6623376623376623,0.5,0.5,0.5217086556422272,0.47829134435777276,0.4446529080675422,0.5553470919324578,0.41000000000000003,-0.15999999999999998,-2.0,-1.0,-175.0,-0.10999999999999999,2.0,1.0,2.0,120.17000000000007,-0.5899999999999999,120.17000000000007,0.6663570272710723,-1
2023-09-09,Macedonia del Norte,Italia,1-1,,,0.43,0.69,0.37,0.63,3.0,3.0,5.0,3.0,2.0,3.0,14.0,15.0,2.0,2.0,1350.53,1726.58,1.38,13.73,2023.0,0.63,166.0,0.85,541.0,1,1,X,0,0,1,1,0.38392857142857145,0.6160714285714286,0.5,0.5,0.625,0.375,0.5,0.5,0.2347949080622348,0.7652050919377652,0.5,0.5,0.4388955870930841,0.5611044129069158,0.09133024487094639,0.9086697551290536,-0.25999999999999995,-0.26,0.0,2.0,-375.0,-0.21999999999999997,-1.0,-1.0,0.0,-376.04999999999995,-12.350000000000001,-376.04999999999995,0.10296388657066204,2
2023-09-09,Kosovo,Suiza,2-2,,,0.15,0.41,0.37,0.63,6.0,5.0,3.0,5.0,4.0,0.0,9.0,8.0,3.0,4.0,1179.69,1661.12,5.46,12.79,2023.0,0.79,242.0,0.88,574.0,2,2,X,0,0,1,1,0.26785714285714285,0.7321428571428572,0.5454545454545454,0.4545454545454546,0.375,0.625,0.42857142857142855,0.5714285714285714,0.2965686274509804,0.7034313725490196,0.5,0.5,0.4152653644559122,0.5847346355440878,0.2991780821917808,0.7008219178082191,-0.26,-0.26,1.0,-2.0,-332.0,-0.08999999999999997,4.0,1.0,-1.0,-481.42999999999984,-7.329999999999999,-481.42999999999984,0.05889304159879815,2
2023-09-10,Kazajistán,Irlanda del Norte,1-0,,,0.09,1.16,0.45,0.55,4.0,2.0,3.0,2.0,6.0,3.0,20.0,13.0,2.0,3.0,1198.24,1361.17,0.652,3.47,2023.0,0.8,311.0,0.82,390.0,1,0,1,1,1,3,0,0.072,0.928,0.6666666666666666,0.33333333333333337,0.6,0.4,0.4,0.6,0.44365192582025675,0.5563480741797433,1.0,0.0,0.4681703986465631,0.5318296013534369,0.1581756428918001,0.8418243571081999,-1.0699999999999998,-0.10000000000000003,2.0,1.0,-79.0,-0.019999999999999907,3.0,7.0,-1.0,-162.93000000000006,-2.818,-162.93000000000006,0.281324632273101,1
2023-09-10,Montenegro,Bulgaria,2-1,,,0.74,2.82,0.51,0.49,5.0,7.0,3.0,4.0,6.0,2.0,10.0,13.0,6.0,3.0,1343.45,1315.48,2.48,1.2,2023.0,0.75,294.0,0.79,347.0,2,1,1,1,1,3,0,0.20786516853932585,0.7921348314606742,0.4166666666666667,0.5833333333333333,0.42857142857142855,0.5714285714285714,0.6666666666666666,0.33333333333333337,0.45865834633385333,0.5413416536661466,0.6666666666666666,0.33333333333333337,0.5052596345146355,0.4947403654853645,0.6739130434782609,0.32608695652173914,-2.08,0.020000000000000018,-2.0,-1.0,-53.0,-0.040000000000000036,4.0,-3.0,3.0,27.970000000000027,1.28,27.970000000000027,0.5401653337499905,0
2023-09-10,Islas Feroe,Moldavia,0-1,,,0.31,1.54,0.66,0.34,0.0,3.0,8.0,4.0,1.0,2.0,10.0,13.0,2.0,0.0,1126.3,990.73,0.222,0.373,2023.0,0.84,512.0,0.65,154.0,0,1,2,-1,0,0,3,0.16756756756756755,0.8324324324324325,0.0,1.0,0.6666666666666666,0.33333333333333337,1.0,0.0,0.7687687687687688,0.23123123123123124,0.0,1.0,0.5320189132889,0.46798108671109995,0.373109243697479,0.626890756302521,-1.23,0.32,-3.0,4.0,358.0,0.18999999999999995,-1.0,-3.0,2.0,135.56999999999994,-0.151,135.56999999999994,0.6857671038034703,0
2023-09-10,Finlandia,Dinamarca,0-1,,,0.09,0.47,0.38,0.62,0.0,6.0,1.0,6.0,3.0,4.0,10.0,6.0,5.0,0.0,1419.47,1597.37,1.55,15.87,2023.0,0.78,331.0,0.89,688.0,0,1,2,-1,0,0,3,0.16071428571428573,0.8392857142857143,0.0,1.0,0.14285714285714285,0.8571428571428572,1.0,0.0,0.32482826300294404,0.675171736997056,0.0,1.0,0.4705155062913512,0.5294844937086488,0.08897818599311137,0.9110218140068886,-0.38,-0.24,-6.0,-5.0,-357.0,-0.10999999999999999,-1.0,4.0,5.0,-177.89999999999986,-14.319999999999999,-177.89999999999986,0.2642344547531674,1
2023-09-10,San Marino,Eslovenia,0-4,,,0.23380000000000004,2.8414000000000006,0.26,0.74,1.0,8.0,0.0,5.0,3.0,1.0,9.0,18.0,4.0,1.0,753.11,1391.04,0.044,4.02,2023.0,0.69,131.0,0.92,741.0,0,4,2,-4,0,0,3,0.07602757544224766,0.9239724245577523,0.1111111111111111,0.8888888888888888,0.0,1.0,0.8,0.19999999999999996,0.15022935779816513,0.8497706422018348,0.0,1.0,0.35123941888394,0.6487605811160599,0.010826771653543309,0.9891732283464567,-2.6076000000000006,-0.48,-7.0,-5.0,-610.0,-0.2300000000000001,2.0,-9.0,3.0,-637.93,-3.9759999999999995,-637.93,0.02478981180540843,2
2023-09-10,Lituania,Serbia,1-3,,,1.29,2.13,0.4,0.6,2.0,5.0,1.0,4.0,2.0,3.0,17.0,9.0,2.0,1.0,1069.97,1539.03,0.703,7.76,2023.0,0.78,289.0,0.86,562.0,1,3,2,-2,0,0,3,0.37719298245614036,0.6228070175438596,0.2857142857142857,0.7142857142857143,0.2,0.8,0.6666666666666666,0.33333333333333337,0.3396004700352526,0.6603995299647474,0.25,0.75,0.4101073208125719,0.5898926791874282,0.08306747016424436,0.9169325298357557,-0.8399999999999999,-0.19999999999999996,-3.0,-3.0,-273.0,-0.07999999999999996,-1.0,8.0,1.0,-469.05999999999995,-7.0569999999999995,-469.05999999999995,0.06296589734545893,3
2023-09-10,Irlanda,Países Bajos,1-2,,,1.3,1.23,0.51,0.49,2.0,5.0,6.0,5.0,3.0,3.0,16.0,11.0,3.0,1.0,1426.26,1731.23,5.44,29.01,2023.0,0.82,357.0,0.82,346.0,1,2,2,-1,0,0,3,0.5138339920948616,0.4861660079051384,0.2857142857142857,0.7142857142857143,0.5454545454545454,0.4545454545454546,0.75,0.25,0.5078236130867709,0.49217638691322907,0.3333333333333333,0.6666666666666667,0.4517068937668845,0.5482931062331156,0.1579100145137881,0.8420899854862118,0.07000000000000006,0.020000000000000018,-3.0,1.0,11.0,0.0,0.0,5.0,2.0,-304.97,-23.57,-304.97,0.14734874337956708,1
2023-09-10,Albania,Polonia,2-0,,,0.25,0.37,0.43,0.57,3.0,1.0,1.0,6.0,7.0,6.0,14.0,16.0,1.0,1.0,1357.39,1536.99,3.42,8.91,2023.0,0.71,232.0,0.79,395.0,2,0,1,2,1,3,0,0.40322580645161293,0.596774193548387,0.75,0.25,0.14285714285714285,0.8571428571428572,0.5,0.5,0.3700159489633174,0.6299840510366825,1.0,0.0,0.4689743572025788,0.5310256427974211,0.2773722627737226,0.7226277372262774,-0.12,-0.13999999999999996,2.0,-5.0,-163.0,-0.08000000000000007,1.0,-2.0,0.0,-179.5999999999999,-5.49,-179.5999999999999,0.26233631054230333,1
2023-09-10,Grecia,Gibraltar,5-0,,,2.87,0.0,0.71,0.29,10.0,0.0,16.0,0.0,0.0,1.0,9.0,6.0,0.0,5.0,1441.06,851.64,11.02,0.073,2023.0,0.92,631.0,0.59,86.0,5,0,1,5,1,3,0,1.0,0.0,1.0,0.0,1.0,0.0,0.0,1.0,0.8800557880055788,0.11994421199442118,1.0,0.0,0.6285427661708902,0.3714572338291098,0.9934192734156675,0.006580726584332508,2.87,0.42,10.0,16.0,545.0,0.33000000000000007,-1.0,3.0,-5.0,589.42,10.947,589.42,0.9674842407327062,-2
2023-09-11,Letonia,Gales,0-2,,,1.66,3.04,0.46,0.54,1.0,9.0,2.0,9.0,6.0,2.0,15.0,8.0,7.0,1.0,1096.19,1506.04,0.329,6.69,2023.0,0.74,225.0,0.85,371.0,0,2,2,-2,0,0,3,0.3531914893617021,0.6468085106382979,0.1,0.9,0.18181818181818182,0.8181818181818181,0.875,0.125,0.3775167785234899,0.6224832214765101,0.0,1.0,0.42125023537504375,0.5787497646249562,0.046872773899415875,0.9531272261005841,-1.3800000000000001,-0.08000000000000002,-8.0,-7.0,-146.0,-0.10999999999999999,4.0,7.0,6.0,-409.8499999999999,-6.361000000000001,-409.8499999999999,0.08633047663795565,2
2023-09-11,Islandia,Bosnia-Herzegovina,1-0,,,1.0,1.97,0.45,0.55,2.0,5.0,4.0,6.0,1.0,2.0,11.0,10.0,5.0,1.0,1352.98,1381.1,3.71,5.63,2023.0,0.79,302.0,0.84,478.0,1,0,1,1,1,3,0,0.3367003367003367,0.6632996632996633,0.2857142857142857,0.7142857142857143,0.4,0.6,0.8333333333333334,0.16666666666666663,0.3871794871794872,0.6128205128205129,1.0,0.0,0.494857502340824,0.5051424976591761,0.39721627408993576,0.6027837259100642,-0.97,-0.10000000000000003,-3.0,-2.0,-176.0,-0.04999999999999993,-1.0,1.0,4.0,-28.11999999999989,-1.92,-28.11999999999989,0.45962019934441833,1
2023-09-11,Eslovaquia,Liechtenstein,3-0,,,1.44,0.02,0.71,0.29,5.0,0.0,7.0,2.0,3.0,1.0,14.0,10.0,0.0,2.0,1447.05,848.82,2.3,0.026,2023.0,0.88,583.0,0.62,104.0,3,0,1,3,1,3,0,0.9863013698630136,0.013698630136986356,1.0,0.0,0.7777777777777778,0.2222222222222222,0.0,1.0,0.8486171761280932,0.15138282387190682,1.0,0.0,0.630283944648434,0.36971605535156604,0.9888220120378333,0.011177987962166736,1.42,0.42,5.0,5.0,479.0,0.26,2.0,4.0,-2.0,598.2299999999999,2.274,598.2299999999999,0.9690423657831045,-2
2023-09-11,Armenia,Croacia,0-1,,,0.16,3.36,0.37,0.63,2.0,8.0,4.0,9.0,0.0,2.0,7.0,7.0,7.0,2.0,1252.6,1742.55,1.56,14.9,2023.0,0.77,250.0,0.89,638.0,0,1,2,-1,0,0,3,0.045454545454545456,0.9545454545454546,0.2,0.8,0.3076923076923077,0.6923076923076923,0.7777777777777778,0.2222222222222222,0.28153153153153154,0.7184684684684685,0.0,1.0,0.41820943859239107,0.5817905614076089,0.09477521263669501,0.905224787363305,-3.1999999999999997,-0.26,-6.0,-5.0,-388.0,-0.12,-2.0,0.0,5.0,-489.95000000000005,-13.34,-489.95000000000005,0.05623282086921993,2
2023-09-11,Portugal,Luxemburgo,9-0,,,3.25,0.2,0.61,0.39,10.0,1.0,5.0,2.0,0.0,3.0,10.0,15.0,1.0,1.0,1718.25,1262.72,38.67,0.639,2023.0,0.89,566.0,0.77,245.0,9,0,1,9,1,3,0,0.9420289855072463,0.05797101449275366,0.9090909090909091,0.09090909090909094,0.7142857142857143,0.2857142857142857,0.5,0.5,0.6979038224414303,0.30209617755856966,1.0,0.0,0.5764063375344267,0.4235936624655733,0.983744180721972,0.016255819278027994,3.05,0.21999999999999997,9.0,3.0,321.0,0.12,-3.0,-5.0,0.0,455.53,38.031,455.53,0.9322793577377267,-2
2023-09-12,España,Chipre,6-0,,,4.01,0.05,0.71,0.29,12.0,1.0,14.0,0.0,1.0,1.0,6.0,4.0,1.0,6.0,1703.45,1163.73,47.03,0.737,2023.0,0.91,682.0,0.71,126.0,6,0,1,6,1,3,0,0.9876847290640395,0.01231527093596052,0.9230769230769231,0.07692307692307687,1.0,0.0,0.14285714285714285,0.8571428571428572,0.844059405940594,0.15594059405940597,1.0,0.0,0.5941203551922097,0.40587964480779026,0.9845709380953378,0.0154290619046622,3.96,0.42,11.0,14.0,556.0,0.20000000000000007,0.0,2.0,-5.0,539.72,46.293,539.72,0.9571755686376537,-3
2023-09-12,Israel,Bielorrusia,1-0,,,1.34,0.74,0.62,0.38,7.0,4.0,5.0,5.0,2.0,2.0,6.0,7.0,4.0,6.0,1323.81,1212.28,2.96,0.641,2023.0,0.86,498.0,0.7,192.0,1,0,1,1,1,3,0,0.6442307692307693,0.3557692307692307,0.6363636363636364,0.36363636363636365,0.5,0.5,0.4,0.6,0.7217391304347827,0.27826086956521734,1.0,0.0,0.5219885729607388,0.47801142703926125,0.8219938905859483,0.1780061094140517,0.6000000000000001,0.24,3.0,0.0,306.0,0.16000000000000003,0.0,-1.0,-2.0,111.52999999999997,2.319,111.52999999999997,0.6552095548818109,0
2023-09-12,Malta,Macedonia del Norte,0-2,,,0.35,0.51,0.55,0.45,1.0,4.0,3.0,2.0,3.0,2.0,14.0,12.0,2.0,1.0,972.86,1350.53,0.554,1.38,2023.0,0.83,408.0,0.82,364.0,0,2,2,-2,0,0,3,0.4069767441860465,0.5930232558139534,0.2,0.8,0.6,0.4,0.6666666666666666,0.33333333333333337,0.5284974093264249,0.47150259067357514,0.0,1.0,0.41872436396816726,0.5812756360318327,0.2864529472595657,0.7135470527404343,-0.16000000000000003,0.10000000000000003,-3.0,1.0,44.0,0.010000000000000009,1.0,2.0,1.0,-377.66999999999996,-0.8259999999999998,-377.66999999999996,0.10210574803590286,1
2023-09-12,Noruega,Georgia,2-1,,,0.82,0.59,0.63,0.37,4.0,2.0,6.0,0.0,0.0,2.0,5.0,6.0,1.0,2.0,1458.47,1312.8,22.69,9.65,2023.0,0.9,606.0,0.84,349.0,2,1,1,1,1,3,0,0.5815602836879432,0.4184397163120568,0.6666666666666666,0.33333333333333337,1.0,0.0,0.3333333333333333,0.6666666666666667,0.6345549738219896,0.36544502617801045,0.6666666666666666,0.33333333333333337,0.526282173876959,0.47371782612304103,0.7016079158936301,0.29839208410636986,0.22999999999999998,0.26,2.0,6.0,257.0,0.06000000000000005,-2.0,-1.0,-1.0,145.67000000000007,13.040000000000001,145.67000000000007,0.6981584614478294,-1
2023-09-12,Rumanía,Kosovo,2-0,,,1.43,0.41,0.66,0.34,8.0,3.0,5.0,2.0,3.0,8.0,9.0,19.0,3.0,6.0,1443.98,1179.69,2.37,5.46,2023.0,0.85,484.0,0.63,134.0,2,0,1,2,1,3,0,0.7771739130434783,0.22282608695652173,0.7272727272727273,0.2727272727272727,0.7142857142857143,0.2857142857142857,0.3333333333333333,0.6666666666666667,0.7831715210355987,0.21682847896440127,1.0,0.0,0.5503664713931249,0.4496335286068751,0.30268199233716475,0.6973180076628352,1.02,0.32,5.0,3.0,350.0,0.21999999999999997,-5.0,-10.0,-3.0,264.28999999999996,-3.09,264.28999999999996,0.8207409458949155,-1
2023-09-12,Suiza,Andorra,3-0,,,2.17,0.0,0.78,0.22,3.0,0.0,8.0,2.0,4.0,2.0,4.0,7.0,0.0,0.0,1661.12,1022.3,12.79,0.137,2023.0,0.9,630.0,0.46,61.0,3,0,1,3,1,3,0,1.0,0.0,1.0,0.0,0.8,0.19999999999999996,0.5,0.5,0.9117221418234442,0.08827785817655576,1.0,0.0,0.6190309381311907,0.3809690618688093,0.9894020267656842,0.010597973234315772,2.17,0.56,3.0,6.0,569.0,0.44,2.0,-3.0,0.0,638.8199999999999,12.652999999999999,638.8199999999999,0.9753337431471609,-3
2023-09-12,Italia,Ucrania,2-1,,,2.16,0.94,0.59,0.41,5.0,3.0,6.0,0.0,0.0,4.0,5.0,14.0,2.0,3.0,1726.58,1541.25,13.73,9.88,2023.0,0.91,611.0,0.86,326.0,2,1,1,1,1,3,0,0.6967741935483871,0.3032258064516129,0.625,0.375,1.0,0.0,0.4,0.6,0.6520811099252934,0.34791889007470655,0.6666666666666666,0.33333333333333337,0.5283567382636184,0.4716432617363816,0.5815332486234647,0.41846675137653533,1.2200000000000002,0.18,2.0,6.0,285.0,0.050000000000000044,-4.0,-9.0,-1.0,185.32999999999993,3.8499999999999996,185.32999999999993,0.7439965045619619,0
2023-09-12,Suecia,Austria,1-3,,,1.12,1.41,0.49,0.51,5.0,6.0,6.0,4.0,1.0,1.0,10.0,10.0,3.0,4.0,1547.11,1528.06,15.62,9.43,2023.0,0.82,292.0,0.82,334.0,1,3,2,-2,0,0,3,0.4426877470355731,0.5573122529644269,0.45454545454545453,0.5454545454545454,0.6,0.4,0.42857142857142855,0.5714285714285714,0.46645367412140576,0.5335463258785942,0.25,0.75,0.503097389737803,0.49690261026219695,0.6235528942115769,0.3764471057884231,-0.2899999999999998,-0.020000000000000018,-1.0,2.0,-42.0,0.0,0.0,0.0,-1.0,19.049999999999955,6.1899999999999995,19.049999999999955,0.527387713463321,0
2023-09-12,Bélgica,Estonia,5-0,,,1.66,0.05,0.7,0.3,9.0,0.0,9.0,0.0,1.0,1.0,5.0,5.0,0.0,4.0,1788.55,1179.3,21.06,0.516,2023.0,0.9,611.0,0.73,169.0,5,0,1,5,1,3,0,0.9707602339181286,0.0292397660818714,1.0,0.0,1.0,0.0,0.0,1.0,0.7833333333333333,0.21666666666666667,1.0,0.0,0.6026416429401755,0.3973583570598245,0.9760845383759732,0.0239154616240268,1.6099999999999999,0.39999999999999997,9.0,9.0,442.0,0.17000000000000004,0.0,0.0,-4.0,609.25,20.543999999999997,609.25,0.9708898163185712,-2
2023-10-12,Andorra,Kosovo,0-3,,,0.3,1.87,0.42,0.58,3.0,8.0,3.0,3.0,4.0,2.0,24.0,11.0,5.0,3.0,1024.58,1181.91,0.137,5.46,2023.0,0.71,203.0,0.84,456.0,0,3,2,-3,0,0,3,0.1382488479262673,0.8617511520737327,0.2727272727272727,0.7272727272727273,0.5,0.5,0.625,0.375,0.30804248861911987,0.6919575113808801,0.0,1.0,0.4643483541733704,0.5356516458266296,0.024477398606396288,0.9755226013936037,-1.57,-0.15999999999999998,-5.0,0.0,-253.0,-0.13,2.0,13.0,2.0,-157.33000000000015,-5.323,-157.33000000000015,0.28788787804042576,1
2023-10-12,Letonia,Armenia,2-0,,,1.62,1.24,0.4,0.6,6.0,2.0,5.0,6.0,3.0,1.0,9.0,8.0,2.0,4.0,1089.99,1254.47,0.329,1.56,2023.0,0.75,199.0,0.86,440.0,2,0,1,2,1,3,0,0.5664335664335665,0.43356643356643354,0.75,0.25,0.45454545454545453,0.5454545454545454,0.3333333333333333,0.6666666666666667,0.3114241001564945,0.6885758998435054,1.0,0.0,0.4649215597621627,0.5350784402378372,0.1741662255161461,0.8258337744838539,0.3800000000000001,-0.19999999999999996,4.0,-1.0,-241.0,-0.10999999999999999,2.0,1.0,-2.0,-164.48000000000002,-1.231,-164.48000000000002,0.2795241929148392,1
2023-10-12,Islas Feroe,Polonia,0-2,,,0.05,1.33,0.38,0.62,0.0,4.0,4.0,3.0,2.0,4.0,13.0,10.0,2.0,0.0,1106.52,1524.61,0.222,8.91,2023.0,0.77,250.0,0.85,536.0,0,2,2,-2,0,0,3,0.036231884057971016,0.9637681159420289,0.0,1.0,0.5714285714285714,0.4285714285714286,1.0,0.0,0.31806615776081426,0.6819338422391857,0.0,1.0,0.42054934571837954,0.5794506542816205,0.02431011826544021,0.9756898817345598,-1.28,-0.24,-4.0,1.0,-286.0,-0.07999999999999996,-2.0,3.0,2.0,-418.0899999999999,-8.688,-418.0899999999999,0.08266173380014964,3
2023-10-12,España,Escocia,2-0,,,2.62,1.1,0.7,0.3,4.0,1.0,7.0,1.0,4.0,3.0,15.0,7.0,1.0,2.0,1710.72,1522.67,47.03,6.55,2023.0,0.89,565.0,0.67,145.0,2,0,1,2,1,3,0,0.7043010752688172,0.29569892473118276,0.8,0.19999999999999996,0.875,0.125,0.3333333333333333,0.6666666666666667,0.795774647887324,0.204225352112676,1.0,0.0,0.5290793872684705,0.4709206127315295,0.8777528928704741,0.12224710712952591,1.52,0.39999999999999997,3.0,6.0,420.0,0.21999999999999997,1.0,8.0,-1.0,188.04999999999995,40.480000000000004,188.04999999999995,0.7469673259236553,0
2023-10-12,Croacia,Turquía,0-1,,,0.88,2.08,0.6,0.4,4.0,5.0,5.0,4.0,4.0,5.0,5.0,9.0,4.0,4.0,1747.83,1475.4,14.9,18.22,2023.0,0.91,603.0,0.83,327.0,0,1,2,-1,0,0,3,0.2972972972972973,0.7027027027027026,0.4444444444444444,0.5555555555555556,0.5555555555555556,0.4444444444444444,0.5,0.5,0.6483870967741936,0.3516129032258064,0.0,1.0,0.5422604033841829,0.4577395966158171,0.44987922705314015,0.5501207729468598,-1.2000000000000002,0.19999999999999996,-1.0,1.0,276.0,0.08000000000000007,-1.0,-4.0,0.0,272.42999999999984,-3.3199999999999985,272.42999999999984,0.8275315828250229,-1
2023-10-12,Chipre,Noruega,0-4,,,0.06,1.85,0.32,0.68,0.0,9.0,1.0,6.0,1.0,0.0,3.0,9.0,5.0,0.0,1155.95,1470.88,0.737,22.69,2023.0,0.75,233.0,0.92,736.0,0,4,2,-4,0,0,3,0.031413612565445025,0.9685863874345549,0.0,1.0,0.14285714285714285,0.8571428571428572,1.0,0.0,0.24045407636738905,0.759545923632611,0.0,1.0,0.4400551234758245,0.5599448765241755,0.03145942715669953,0.9685405728433004,-1.79,-0.36000000000000004,-9.0,-5.0,-503.0,-0.17000000000000004,1.0,-6.0,5.0,-314.93000000000006,-21.953000000000003,-314.93000000000006,0.1402900730895211,2
2023-10-12,Bielorrusia,Rumanía,0-0,,,0.59,1.08,0.36,0.64,2.0,5.0,4.0,9.0,2.0,0.0,14.0,7.0,5.0,2.0,1198.22,1448.02,0.641,2.37,2023.0,0.75,232.0,0.84,558.0,0,0,X,0,0,1,1,0.3532934131736527,0.6467065868263473,0.2857142857142857,0.7142857142857143,0.3076923076923077,0.6923076923076923,0.7142857142857143,0.2857142857142857,0.2936708860759494,0.7063291139240506,0.5,0.5,0.4528009553177339,0.5471990446822661,0.21288608435735637,0.7871139156426437,-0.4900000000000001,-0.28,-3.0,-5.0,-326.0,-0.08999999999999997,2.0,7.0,3.0,-249.79999999999995,-1.729,-249.79999999999995,0.19186077228443632,1
2023-10-12,Albania,República Checa,3-0,,,1.09,0.77,0.44,0.56,4.0,7.0,1.0,4.0,1.0,4.0,10.0,10.0,7.0,1.0,1377.47,1500.44,3.42,7.24,2023.0,0.81,280.0,0.85,505.0,3,0,1,3,1,3,0,0.5860215053763441,0.4139784946236559,0.36363636363636365,0.6363636363636364,0.2,0.8,0.875,0.125,0.35668789808917195,0.6433121019108281,1.0,0.0,0.47863553759499083,0.5213644624050091,0.32082551594746717,0.6791744840525329,0.32000000000000006,-0.12000000000000005,-3.0,-3.0,-225.0,-0.039999999999999925,-3.0,0.0,6.0,-122.97000000000003,-3.8200000000000003,-122.97000000000003,0.33006917165378363,0
2023-10-13,Irlanda,Grecia,0-2,,,0.97,0.8,0.55,0.45,4.0,5.0,7.0,4.0,1.0,2.0,9.0,16.0,3.0,4.0,1416.32,1437.26,5.44,11.02,2023.0,0.88,502.0,0.86,346.0,0,2,2,-2,0,0,3,0.5480225988700564,0.45197740112994356,0.4444444444444444,0.5555555555555556,0.6363636363636364,0.36363636363636365,0.42857142857142855,0.5714285714285714,0.5919811320754716,0.40801886792452835,0.0,1.0,0.49633092466305484,0.5036690753369452,0.330498177399757,0.6695018226002429,0.16999999999999993,0.10000000000000003,-1.0,3.0,156.0,0.020000000000000018,-1.0,-7.0,-1.0,-20.940000000000055,-5.579999999999999,-20.940000000000055,0.4699013531452212,0
2023-10-13,Islandia,Luxemburgo,1-1,,,2.0,0.27,0.54,0.46,3.0,2.0,7.0,1.0,2.0,5.0,19.0,18.0,1.0,2.0,1351.93,1273.55,3.71,0.639,2023.0,0.78,350.0,0.72,238.0,1,1,X,0,0,1,1,0.8810572687224669,0.11894273127753308,0.6,0.4,0.875,0.125,0.3333333333333333,0.6666666666666667,0.5952380952380952,0.40476190476190477,0.5,0.5,0.514926794338559,0.48507320566144096,0.853069671188779,0.14693032881122103,1.73,0.08000000000000002,1.0,6.0,112.0,0.06000000000000005,-3.0,1.0,-1.0,78.38000000000011,3.0709999999999997,78.38000000000011,0.6109224980167299,0
2023-10-13,Austria,Bélgica,2-3,,,1.92,0.99,0.56,0.44,4.0,5.0,6.0,3.0,4.0,5.0,15.0,14.0,2.0,2.0,1537.36,1792.64,9.43,21.06,2023.0,0.87,398.0,0.81,271.0,2,3,2,-1,0,0,3,0.6597938144329897,0.3402061855670103,0.4444444444444444,0.5555555555555556,0.6666666666666666,0.33333333333333337,0.5,0.5,0.5949177877428998,0.40508221225710017,0.4,0.6,0.46166966966966966,0.5383303303303304,0.3092817317153165,0.6907182682846835,0.9299999999999999,0.12000000000000005,-1.0,3.0,127.0,0.05999999999999994,-1.0,1.0,0.0,-255.2800000000002,-11.629999999999999,-255.2800000000002,0.18701713242188547,0
2023-10-13,Liechtenstein,Bosnia-Herzegovina,0-2,,,0.12,3.72,0.35,0.65,1.0,12.0,0.0,11.0,1.0,0.0,8.0,10.0,10.0,1.0,843.63,1370.37,0.026,5.63,2023.0,0.73,144.0,0.88,485.0,0,2,2,-2,0,0,3,0.031249999999999997,0.96875,0.07692307692307693,0.9230769230769231,0.0,1.0,0.9090909090909091,0.09090909090909094,0.2289348171701113,0.7710651828298887,0.0,1.0,0.3810433604336043,0.6189566395663957,0.004596888260254597,0.9954031117397454,-3.6,-0.30000000000000004,-11.0,-11.0,-341.0,-0.15000000000000002,1.0,-2.0,9.0,-526.7399999999999,-5.604,-526.7399999999999,0.04599399244535775,2
2023-10-13,Países Bajos,Francia,1-2,,,0.63,0.78,0.45,0.55,4.0,7.0,2.0,3.0,2.0,2.0,14.0,9.0,5.0,3.0,1743.15,1840.76,29.01,58.58,2023.0,0.86,416.0,0.88,519.0,1,2,2,-1,0,0,3,0.44680851063829785,0.5531914893617021,0.36363636363636365,0.6363636363636364,0.4,0.6,0.625,0.375,0.4449197860962567,0.5550802139037433,0.3333333333333333,0.6666666666666667,0.4863821915170861,0.5136178084829139,0.3312021920310538,0.6687978079689463,-0.15000000000000002,-0.10000000000000003,-3.0,-1.0,-103.0,-0.020000000000000018,0.0,5.0,2.0,-97.6099999999999,-29.569999999999997,-97.6099999999999,0.36311064989506875,0
2023-10-13,Portugal,Eslovaquia,3-2,,,7.28,0.3,0.58,0.42,12.0,3.0,11.0,2.0,2.0,5.0,10.0,10.0,1.0,9.0,1728.58,1442.84,38.67,2.3,2023.0,0.88,488.0,0.82,323.0,3,2,1,1,1,3,0,0.9604221635883905,0.0395778364116095,0.8,0.19999999999999996,0.8461538461538461,0.15384615384615385,0.1,0.9,0.6017262638717632,0.3982737361282368,0.6,0.4,0.5450492208537501,0.45495077914624993,0.9438613619721749,0.05613863802782515,6.98,0.15999999999999998,9.0,9.0,165.0,0.06000000000000005,-3.0,0.0,-8.0,285.74,36.370000000000005,285.74,0.8381940231465731,-1
2023-10-13,Estonia,Azerbaiyán,0-2,,,0.5,1.22,0.53,0.47,5.0,4.0,5.0,5.0,3.0,3.0,15.0,12.0,2.0,5.0,1172.25,1147.69,0.516,0.706,2023.0,0.81,344.0,0.8,359.0,0,2,2,-2,0,0,3,0.29069767441860467,0.7093023255813953,0.5555555555555556,0.4444444444444444,0.5,0.5,0.2857142857142857,0.7142857142857143,0.48933143669985774,0.5106685633001422,0.0,1.0,0.5052932403424226,0.4947067596575774,0.42225859247135844,0.5777414075286416,-0.72,0.06000000000000005,1.0,0.0,-15.0,0.010000000000000009,0.0,3.0,-3.0,24.559999999999945,-0.18999999999999995,24.559999999999945,0.535285926321788,-1
2023-10-14,Italia,Malta,4-0,,,0.92,0.11,0.67,0.33,4.0,0.0,12.0,1.0,0.0,3.0,13.0,12.0,0.0,0.0,1727.37,972.02,13.73,0.554,2023.0,0.9,617.0,0.77,256.0,4,0,1,4,1,3,0,0.8932038834951457,0.10679611650485432,1.0,0.0,0.9230769230769231,0.07692307692307687,0.5,0.5,0.7067583046964491,0.29324169530355093,1.0,0.0,0.6399112392058947,0.36008876079410534,0.9612153458415009,0.03878465415849908,0.81,0.34,4.0,11.0,361.0,0.13,-3.0,1.0,0.0,755.3499999999999,13.176,755.3499999999999,0.9872342825368619,-3
2023-10-14,Irlanda del Norte,San Marino,3-0,,,1.86,0.05,0.72,0.28,6.0,0.0,5.0,1.0,3.0,0.0,9.0,10.0,0.0,3.0,1333.2,750.27,3.47,0.044,2023.0,0.88,655.0,0.68,165.0,3,0,1,3,1,3,0,0.9738219895287958,0.02617801047120416,1.0,0.0,0.8333333333333334,0.16666666666666663,0.0,1.0,0.7987804878048781,0.2012195121951219,1.0,0.0,0.6398940229520943,0.3601059770479057,0.9874786568013659,0.012521343198634072,1.81,0.43999999999999995,6.0,4.0,490.0,0.19999999999999996,3.0,-1.0,-3.0,582.9300000000001,3.426,582.9300000000001,0.9662882199257928,-1
2023-10-14,Eslovenia,Finlandia,3-0,,,1.61,0.87,0.48,0.52,5.0,4.0,4.0,4.0,1.0,1.0,8.0,14.0,4.0,2.0,1404.72,1418.43,4.02,1.55,2023.0,0.75,325.0,0.81,456.0,3,0,1,3,1,3,0,0.6491935483870969,0.35080645161290314,0.5555555555555556,0.4444444444444444,0.5,0.5,0.6666666666666666,0.33333333333333337,0.41613316261203587,0.5838668373879641,1.0,0.0,0.4975718612188513,0.5024281387811487,0.7217235188509874,0.2782764811490126,0.7400000000000001,-0.040000000000000036,1.0,0.0,-131.0,-0.06000000000000005,0.0,-6.0,2.0,-13.710000000000036,2.4699999999999998,-13.710000000000036,0.48027995851204763,0
2023-10-14,Bulgaria,Lituania,0-2,,,1.37,1.64,0.46,0.54,4.0,3.0,4.0,4.0,6.0,1.0,12.0,14.0,1.0,4.0,1300.74,1072.21,1.2,0.703,2023.0,0.74,305.0,0.82,444.0,0,2,2,-2,0,0,3,0.45514950166112966,0.5448504983388703,0.5714285714285714,0.4285714285714286,0.5,0.5,0.2,0.8,0.40720961281708945,0.5927903871829105,0.0,1.0,0.5481531427126572,0.45184685728734275,0.630583289542827,0.36941671045717295,-0.2699999999999998,-0.08000000000000002,1.0,0.0,-139.0,-0.07999999999999996,5.0,-2.0,-3.0,228.52999999999997,0.497,228.52999999999997,0.7884361242866597,-1
2023-10-14,Hungría,Serbia,2-1,,,0.86,1.29,0.38,0.62,4.0,5.0,3.0,10.0,4.0,2.0,8.0,7.0,4.0,2.0,1517.73,1529.49,7.21,7.76,2023.0,0.78,269.0,0.88,525.0,2,1,1,1,1,3,0,0.4,0.6,0.4444444444444444,0.5555555555555556,0.23076923076923078,0.7692307692307692,0.6666666666666666,0.33333333333333337,0.33879093198992444,0.6612090680100755,0.6666666666666666,0.33333333333333337,0.4980703723393782,0.5019296276606218,0.4816299265197061,0.5183700734802938,-0.43000000000000005,-0.24,-1.0,-7.0,-256.0,-0.09999999999999998,2.0,1.0,2.0,-11.759999999999991,-0.5499999999999998,-11.759999999999991,0.48308245980928904,0
2023-10-14,Ucrania,Macedonia del Norte,2-0,,,2.77,0.77,0.51,0.49,7.0,5.0,11.0,3.0,2.0,2.0,12.0,4.0,5.0,5.0,1538.42,1362.95,9.88,1.38,2023.0,0.81,286.0,0.8,348.0,2,0,1,2,1,3,0,0.7824858757062146,0.21751412429378536,0.5833333333333334,0.41666666666666663,0.7857142857142857,0.2142857142857143,0.5,0.5,0.45110410094637227,0.5488958990536277,1.0,0.0,0.5302391628782266,0.4697608371217734,0.8774422735346358,0.12255772646536423,2.0,0.020000000000000018,2.0,8.0,-62.0,0.010000000000000009,0.0,8.0,0.0,175.47000000000003,8.5,175.47000000000003,0.7330370801532712,-1
2023-10-14,Dinamarca,Kazajistán,3-1,,,2.06,1.35,0.61,0.39,4.0,1.0,5.0,1.0,2.0,1.0,5.0,11.0,0.0,1.0,1606.84,1206.94,15.87,0.652,2023.0,0.87,585.0,0.77,290.0,3,1,1,2,1,3,0,0.6041055718475073,0.39589442815249265,0.8,0.19999999999999996,0.8333333333333334,0.16666666666666663,0.0,1.0,0.6685714285714286,0.3314285714285714,0.75,0.25,0.5710609926859954,0.4289390073140046,0.9605374651979179,0.03946253480208206,0.71,0.21999999999999997,3.0,4.0,295.0,0.09999999999999998,1.0,-6.0,-1.0,399.89999999999986,15.218,399.89999999999986,0.9090433238141181,-2
2023-10-15,Georgia,Chipre,4-0,,,0.98,0.52,0.56,0.44,5.0,5.0,2.0,4.0,1.0,2.0,16.0,12.0,5.0,1.0,1299.32,1155.95,9.65,0.737,2023.0,0.89,556.0,0.84,341.0,4,0,1,4,1,3,0,0.6533333333333333,0.3466666666666667,0.5,0.5,0.3333333333333333,0.6666666666666667,0.8333333333333334,0.16666666666666663,0.6198439241917503,0.3801560758082497,1.0,0.0,0.5291963816606727,0.47080361833932727,0.9290459227881005,0.0709540772118995,0.45999999999999996,0.12000000000000005,0.0,-2.0,215.0,0.050000000000000044,-1.0,4.0,4.0,143.3699999999999,8.913,143.3699999999999,0.6953610838481469,-1
2023-10-15,Suiza,Bielorrusia,3-3,,,2.64,1.11,0.71,0.29,6.0,3.0,9.0,2.0,1.0,5.0,10.0,14.0,0.0,3.0,1654.11,1198.22,12.79,0.641,2023.0,0.88,591.0,0.68,131.0,3,3,X,0,0,1,1,0.7040000000000001,0.29599999999999993,0.6666666666666666,0.33333333333333337,0.8181818181818182,0.18181818181818177,0.0,1.0,0.8185595567867036,0.18144044321329644,0.5,0.5,0.5799153674364467,0.42008463256355333,0.952274588638225,0.047725411361774994,1.53,0.42,3.0,7.0,460.0,0.19999999999999996,-4.0,-4.0,-3.0,455.8899999999999,12.149,455.8899999999999,0.9324100760109381,-2
2023-10-15,Gales,Croacia,2-1,,,0.8,1.23,0.34,0.66,5.0,3.0,5.0,5.0,1.0,2.0,11.0,9.0,2.0,3.0,1510.52,1747.83,6.69,14.9,2023.0,0.75,198.0,0.88,627.0,2,1,1,1,1,3,0,0.3940886699507389,0.6059113300492611,0.625,0.375,0.5,0.5,0.4,0.6,0.24,0.76,0.6666666666666666,0.33333333333333337,0.46358432949192074,0.5364156705080793,0.30986567855488656,0.6901343214451134,-0.42999999999999994,-0.32,2.0,0.0,-429.0,-0.13,-1.0,2.0,-1.0,-237.30999999999995,-8.21,-237.30999999999995,0.20325615924549675,1
2023-10-15,Noruega,España,0-1,,,0.47,0.51,0.36,0.64,3.0,2.0,3.0,1.0,2.0,4.0,11.0,9.0,1.0,3.0,1470.88,1710.72,22.69,47.03,2023.0,0.8,287.0,0.91,674.0,0,1,2,-1,0,0,3,0.47959183673469385,0.5204081632653061,0.6,0.4,0.75,0.25,0.25,0.75,0.29864724245577523,0.7013527575442248,0.0,1.0,0.46230827256726176,0.5376917274327382,0.32544463568559956,0.6745553643144004,-0.040000000000000036,-0.28,1.0,2.0,-387.0,-0.10999999999999999,-2.0,2.0,-2.0,-239.83999999999992,-24.34,-239.83999999999992,0.20090783455530548,1
2023-10-15,República Checa,Islas Feroe,1-0,,,2.4,0.2,0.65,0.35,7.0,1.0,10.0,1.0,3.0,4.0,10.0,15.0,1.0,6.0,1500.44,1106.52,7.24,0.222,2023.0,0.83,501.0,0.63,157.0,1,0,1,1,1,3,0,0.923076923076923,0.07692307692307698,0.875,0.125,0.9090909090909091,0.09090909090909094,0.14285714285714285,0.8571428571428572,0.7613981762917933,0.2386018237082067,1.0,0.0,0.5755516003314205,0.4244483996685795,0.9702492629321897,0.029750737067810284,2.1999999999999997,0.30000000000000004,6.0,9.0,344.0,0.19999999999999996,-1.0,-5.0,-5.0,393.9200000000001,7.018,393.9200000000001,0.9061566932313303,-2
2023-10-15,Turquía,Letonia,4-0,,,1.97,0.96,0.64,0.36,9.0,1.0,9.0,5.0,4.0,4.0,9.0,13.0,1.0,5.0,1475.4,1089.99,18.22,0.329,2023.0,0.88,508.0,0.75,205.0,4,0,1,4,1,3,0,0.6723549488054608,0.32764505119453924,0.9,0.09999999999999998,0.6428571428571429,0.3571428571428571,0.16666666666666666,0.8333333333333334,0.7124824684431977,0.28751753155680226,1.0,0.0,0.5751172336369909,0.42488276636300915,0.9822631947813898,0.017736805218610208,1.01,0.28,8.0,4.0,303.0,0.13,0.0,-4.0,-4.0,385.4100000000001,17.891,385.4100000000001,0.9019072565170411,-2
2023-10-15,Rumanía,Andorra,4-0,,,1.83,0.07,0.69,0.31,9.0,0.0,5.0,0.0,1.0,7.0,8.0,12.0,0.0,5.0,1448.02,1024.58,2.37,0.137,2023.0,0.93,618.0,0.64,109.0,4,0,1,4,1,3,0,0.9631578947368421,0.0368421052631579,1.0,0.0,1.0,0.0,0.0,1.0,0.8500687757909215,0.14993122420907845,1.0,0.0,0.5856264660681064,0.4143735339318936,0.9453530115676106,0.054646988432389354,1.76,0.37999999999999995,9.0,5.0,509.0,0.29000000000000004,-6.0,-4.0,-5.0,423.44000000000005,2.233,423.44000000000005,0.919643756392564,-2
2023-10-15,Polonia,Moldavia,1-1,,,2.09,0.17,0.65,0.35,7.0,1.0,8.0,6.0,1.0,6.0,10.0,14.0,0.0,6.0,1524.61,1010.1,8.91,0.373,2023.0,0.83,513.0,0.5,115.0,1,1,X,0,0,1,1,0.9247787610619469,0.0752212389380531,0.875,0.125,0.5714285714285714,0.4285714285714286,0.0,1.0,0.8168789808917197,0.18312101910828027,0.5,0.5,0.6014928729519353,0.3985071270480647,0.9598190240224066,0.0401809759775934,1.92,0.30000000000000004,6.0,2.0,398.0,0.32999999999999996,-5.0,-4.0,-6.0,514.5099999999999,8.537,514.5099999999999,0.9508162546142521,-3
2023-10-16,Islandia,Liechtenstein,4-0,,,2.21,0.91,0.65,0.35,9.0,2.0,6.0,1.0,1.0,2.0,9.0,8.0,2.0,5.0,1351.93,843.63,3.71,0.026,2023.0,0.85,486.0,0.65,157.0,4,0,1,4,1,3,0,0.7083333333333333,0.29166666666666674,0.8181818181818182,0.18181818181818177,0.8571428571428571,0.1428571428571429,0.2857142857142857,0.7142857142857143,0.7558320373250389,0.2441679626749611,1.0,0.0,0.6157563446227842,0.38424365537721583,0.9930406852248395,0.006959314775160541,1.2999999999999998,0.30000000000000004,7.0,5.0,329.0,0.19999999999999996,-1.0,1.0,-3.0,508.30000000000007,3.684,508.30000000000007,0.9491173287742554,-1
2023-10-16,Gibraltar,Irlanda,0-4,,,0.09,3.94,0.3,0.7,0.0,12.0,1.0,11.0,2.0,2.0,9.0,15.0,8.0,0.0,845.4,1416.32,0.073,5.44,2023.0,0.67,141.0,0.89,531.0,0,4,2,-4,0,0,3,0.022332506203473945,0.9776674937965261,0.0,1.0,0.08333333333333333,0.9166666666666666,1.0,0.0,0.20982142857142858,0.7901785714285714,0.0,1.0,0.37378632191429534,0.6262136780857046,0.013241429348811897,0.9867585706511881,-3.85,-0.39999999999999997,-12.0,-10.0,-390.0,-0.21999999999999997,0.0,-6.0,8.0,-570.92,-5.367,-570.92,0.03603793865785759,2
2023-10-16,Bélgica,Suecia,1-1,,,1.51,1.24,0.57,0.43,3.0,6.0,2.0,2.0,0.0,1.0,5.0,8.0,5.0,2.0,1792.64,1538.84,21.06,15.62,2023.0,0.89,278.0,0.79,133.0,1,1,X,0,0,1,1,0.5490909090909091,0.4509090909090909,0.3333333333333333,0.6666666666666667,0.5,0.5,0.7142857142857143,0.2857142857142857,0.6763990267639902,0.3236009732360098,0.5,0.5,0.5380911786953546,0.4619088213046454,0.5741548527808069,0.4258451472191931,0.27,0.13999999999999996,-3.0,0.0,145.0,0.09999999999999998,-1.0,-3.0,3.0,253.80000000000018,5.4399999999999995,253.80000000000018,0.8116840829216541,0
2023-10-16,Bosnia-Herzegovina,Portugal,0-5,,,0.18,3.68,0.34,0.66,0.0,6.0,4.0,2.0,2.0,0.0,7.0,9.0,1.0,0.0,1370.37,1728.58,5.63,38.67,2023.0,0.85,305.0,0.94,699.0,0,5,2,-5,0,0,3,0.0466321243523316,0.9533678756476685,0.0,1.0,0.6666666666666666,0.33333333333333337,1.0,0.0,0.30378486055776893,0.6962151394422311,0.0,1.0,0.4422046176930896,0.5577953823069104,0.12708803611738148,0.8729119638826185,-3.5,-0.32,-6.0,2.0,-394.0,-0.08999999999999997,2.0,-2.0,1.0,-358.21000000000004,-33.04,-358.21000000000004,0.11284319824424109,1
2023-10-16,Azerbaiyán,Austria,0-1,,,0.63,1.71,0.51,0.49,1.0,3.0,4.0,9.0,5.0,4.0,11.0,13.0,2.0,1.0,1147.69,1537.36,0.706,9.43,2023.0,0.85,370.0,0.84,313.0,0,1,2,-1,0,0,3,0.2692307692307693,0.7307692307692307,0.25,0.75,0.3076923076923077,0.6923076923076923,0.6666666666666666,0.33333333333333337,0.541727672035139,0.45827232796486095,0.0,1.0,0.4274371054542746,0.5725628945457254,0.0696527229676401,0.9303472770323599,-1.08,0.020000000000000018,-2.0,-5.0,57.0,0.010000000000000009,1.0,-2.0,1.0,-389.66999999999985,-8.724,-389.66999999999985,0.09594450173967067,3
2023-10-16,Grecia,Países Bajos,0-1,,,0.3,2.05,0.42,0.58,2.0,6.0,2.0,8.0,4.0,2.0,12.0,15.0,5.0,2.0,1437.26,1743.15,11.02,29.01,2023.0,0.81,297.0,0.86,462.0,0,1,2,-1,0,0,3,0.12765957446808512,0.8723404255319149,0.25,0.75,0.2,0.8,0.7142857142857143,0.2857142857142857,0.391304347826087,0.6086956521739131,0.0,1.0,0.4519102882961631,0.5480897117038369,0.2752935298526105,0.7247064701473895,-1.7499999999999998,-0.15999999999999998,-4.0,-6.0,-165.0,-0.04999999999999993,2.0,-3.0,3.0,-305.8900000000001,-17.990000000000002,-305.8900000000001,0.1466846180521415,1
2023-10-16,Luxemburgo,Eslovaquia,0-1,,,1.13,0.51,0.55,0.45,3.0,2.0,5.0,4.0,4.0,4.0,13.0,20.0,1.0,3.0,1273.55,1442.84,0.639,2.3,2023.0,0.82,361.0,0.82,308.0,0,1,2,-1,0,0,3,0.6890243902439024,0.3109756097560976,0.6,0.4,0.5555555555555556,0.4444444444444444,0.25,0.75,0.5396113602391629,0.4603886397608371,0.0,1.0,0.46883915785288566,0.5311608421471143,0.21742089145968016,0.7825791085403199,0.6199999999999999,0.10000000000000003,1.0,1.0,53.0,0.0,0.0,-7.0,-2.0,-169.28999999999996,-1.6609999999999998,-169.28999999999996,0.27398216333461295,1
2023-10-17,Irlanda del Norte,Eslovenia,0-1,,,0.35,0.96,0.44,0.56,2.0,4.0,6.0,2.0,5.0,2.0,12.0,11.0,3.0,2.0,1333.2,1404.72,3.47,4.02,2023.0,0.78,275.0,0.82,395.0,0,1,2,-1,0,0,3,0.2671755725190839,0.7328244274809161,0.3333333333333333,0.6666666666666667,0.75,0.25,0.6,0.4,0.41044776119402987,0.5895522388059702,0.0,1.0,0.48693899018232817,0.5130610098176718,0.46328437917222964,0.5367156208277704,-0.61,-0.12000000000000005,-2.0,4.0,-120.0,-0.039999999999999925,3.0,1.0,1.0,-71.51999999999998,-0.5499999999999994,-71.51999999999998,0.39850403233597803,1
2023-10-17,Malta,Ucrania,1-3,,,0.64,1.39,0.38,0.62,4.0,7.0,0.0,4.0,1.0,2.0,15.0,16.0,4.0,3.0,972.02,1538.42,0.554,9.88,2023.0,0.78,259.0,0.89,568.0,1,3,2,-2,0,0,3,0.3152709359605912,0.6847290640394088,0.36363636363636365,0.6363636363636364,0.0,1.0,0.5714285714285714,0.4285714285714286,0.313180169286578,0.686819830713422,0.25,0.75,0.38719109000812607,0.6128089099918739,0.05309564884032969,0.9469043511596703,-0.7499999999999999,-0.24,-3.0,-4.0,-309.0,-0.10999999999999999,-1.0,-1.0,1.0,-566.4000000000001,-9.326,-566.4000000000001,0.03695281814294713,3
2023-10-17,Inglaterra,Italia,3-1,,,1.71,1.4,0.56,0.44,6.0,4.0,2.0,2.0,1.0,3.0,8.0,15.0,3.0,3.0,1794.34,1727.37,52.43,13.73,2023.0,0.93,466.0,0.88,437.0,3,1,1,2,1,3,0,0.54983922829582,0.45016077170418,0.6,0.4,0.5,0.5,0.5,0.5,0.5160575858250277,0.4839424141749723,0.75,0.25,0.5095081650675382,0.49049183493246185,0.7924727932285369,0.20752720677146308,0.31000000000000005,0.12000000000000005,2.0,0.0,29.0,0.050000000000000044,-2.0,-7.0,0.0,66.97000000000003,38.7,66.97000000000003,0.5952014320438874,0
2023-10-17,Serbia,Montenegro,3-1,,,1.9,0.31,0.61,0.39,7.0,3.0,6.0,3.0,1.0,3.0,18.0,13.0,2.0,4.0,1529.49,1349.34,7.76,2.48,2023.0,0.89,529.0,0.78,257.0,3,1,1,2,1,3,0,0.8597285067873303,0.14027149321266974,0.7,0.30000000000000004,0.6666666666666666,0.33333333333333337,0.3333333333333333,0.6666666666666667,0.6730279898218829,0.32697201017811706,0.75,0.25,0.5312887527224602,0.46871124727753977,0.7578125,0.2421875,1.5899999999999999,0.21999999999999997,4.0,3.0,272.0,0.10999999999999999,-2.0,5.0,-2.0,180.1500000000001,5.279999999999999,180.1500000000001,0.7382759103873164,-2
2023-10-17,Finlandia,Kazajistán,1-2,,,1.37,1.3,0.55,0.45,4.0,3.0,8.0,3.0,1.0,6.0,11.0,13.0,1.0,3.0,1418.43,1206.94,1.55,0.652,2023.0,0.81,376.0,0.72,236.0,1,2,2,-1,0,0,3,0.5131086142322098,0.48689138576779023,0.5714285714285714,0.4285714285714286,0.7272727272727273,0.2727272727272727,0.25,0.75,0.6143790849673203,0.3856209150326797,0.3333333333333333,0.6666666666666667,0.5402781322251721,0.45972186777482793,0.7039055404178021,0.29609445958219793,0.07000000000000006,0.10000000000000003,1.0,5.0,140.0,0.09000000000000008,-5.0,-2.0,-2.0,211.49,0.898,211.49,0.7716117193197646,-1
2023-10-17,Lituania,Hungría,2-2,,,0.84,2.26,0.38,0.62,4.0,8.0,1.0,10.0,4.0,2.0,18.0,10.0,6.0,2.0,1072.21,1517.73,0.703,7.21,2023.0,0.7,223.0,0.8,481.0,2,2,X,0,0,1,1,0.2709677419354839,0.7290322580645161,0.3333333333333333,0.6666666666666667,0.09090909090909091,0.9090909090909091,0.75,0.25,0.31676136363636365,0.6832386363636364,0.5,0.5,0.41399028548923916,0.5860097145107608,0.08884114747883229,0.9111588525211677,-1.42,-0.24,-4.0,-9.0,-258.0,-0.10000000000000009,2.0,8.0,4.0,-445.52,-6.507,-445.52,0.07145046764579051,3
2023-10-17,San Marino,Dinamarca,1-2,,,0.32,0.8,0.32,0.68,1.0,3.0,3.0,6.0,4.0,1.0,14.0,10.0,1.0,0.0,750.27,1606.84,0.044,15.87,2023.0,0.6,100.0,0.89,685.0,1,2,2,-1,0,0,3,0.2857142857142857,0.7142857142857143,0.25,0.75,0.3333333333333333,0.6666666666666667,1.0,0.0,0.12738853503184713,0.8726114649681529,0.3333333333333333,0.6666666666666667,0.31830080055661386,0.6816991994433861,0.0027648611285660423,0.997235138871434,-0.48000000000000004,-0.36000000000000004,-2.0,-3.0,-585.0,-0.29000000000000004,3.0,4.0,1.0,-856.5699999999999,-15.825999999999999,-856.5699999999999,0.007168864770934497,3
2023-11-12,Kosovo,Israel,1-0,,,1.59,0.56,0.4,0.6,7.0,2.0,3.0,0.0,3.0,3.0,18.0,11.0,2.0,6.0,1190.74,1336.34,5.46,2.96,2023.0,0.66,170.0,0.78,388.0,1,0,1,1,1,3,0,0.7395348837209301,0.2604651162790699,0.7777777777777778,0.2222222222222222,1.0,0.0,0.25,0.75,0.3046594982078853,0.6953405017921147,1.0,0.0,0.47119204773889234,0.5288079522611077,0.6484560570071259,0.35154394299287406,1.03,-0.19999999999999996,5.0,3.0,-218.0,-0.12,0.0,7.0,-4.0,-145.5999999999999,2.5,-145.5999999999999,0.3019264607885233,0
2023-11-15,Israel,Suiza,1-1,,,0.48,1.54,0.49,0.51,2.0,7.0,9.0,6.0,3.0,4.0,9.0,13.0,6.0,1.0,1336.34,1645.38,2.96,12.79,2023.0,0.84,388.0,0.85,404.0,1,1,X,0,0,1,1,0.2376237623762376,0.7623762376237624,0.2222222222222222,0.7777777777777778,0.6,0.4,0.8571428571428571,0.1428571428571429,0.4898989898989899,0.5101010101010102,0.5,0.5,0.44817756194411273,0.5518224380558873,0.18793650793650793,0.812063492063492,-1.06,-0.020000000000000018,-5.0,3.0,-16.0,-0.010000000000000009,-1.0,-4.0,5.0,-309.0400000000002,-9.829999999999998,-309.0400000000002,0.14442946982625812,2
2023-11-15,Etiopía,Sierra Leona,0-0,,,0.6996000000000001,0.6271999999999998,0.47,0.53,0.0,0.0,4.0,3.0,2.0,1.0,11.0,15.0,0.0,0.0,1072.54,1145.12,0.126,0.559,2023.0,0.7831999999999999,314.64,0.8099999999999997,389.64,0,0,X,0,0,1,1,0.527283690081399,0.47271630991860103,0.5,0.5,0.5714285714285714,0.4285714285714286,0.5,0.5,0.44675413187936613,0.5532458681206338,0.5,0.5,0.4836359045119631,0.5163640954880369,0.18394160583941604,0.8160583941605839,0.07240000000000035,-0.06000000000000005,0.0,1.0,-75.0,-0.026799999999999824,1.0,-4.0,0.0,-72.57999999999993,-0.43300000000000005,-72.57999999999993,0.39704233728877686,0
2023-11-15,Guinea Ecuatorial,Namibia,0-3,,,1.4075999999999995,0.8117999999999997,0.6,0.4,4.0,3.0,5.0,2.0,2.0,3.0,7.0,17.0,3.0,4.0,1250.46,1172.41,0.191,0.09,2023.0,0.8782000000000002,521.36,0.7750000000000001,273.4,0,3,2,-3,0,0,3,0.6342254663422546,0.36577453365774537,0.5714285714285714,0.4285714285714286,0.7142857142857143,0.2857142857142857,0.42857142857142855,0.5714285714285714,0.6559967789018069,0.34400322109819315,0.0,1.0,0.516106931036333,0.483893068963667,0.6797153024911031,0.3202846975088969,0.5957999999999998,0.19999999999999996,1.0,3.0,247.96000000000004,0.10320000000000007,-1.0,-10.0,-1.0,78.04999999999995,0.101,78.04999999999995,0.6104708675150554,0
2023-11-15,RD Congo,Mauritania,2-0,,,1.3834000000000004,0.3824,0.64,0.36,4.0,1.0,8.0,2.0,2.0,0.0,9.0,7.0,1.0,2.0,1366.18,1208.99,5.53,1.01,2023.0,0.8771999999999999,564.82,0.7685999999999998,272.54,2,0,1,2,1,3,0,0.7834409332880281,0.2165590667119719,0.8,0.19999999999999996,0.8,0.19999999999999996,0.3333333333333333,0.6666666666666667,0.6745246966657112,0.32547530333428876,1.0,0.0,0.5305203151636592,0.46947968483634084,0.845565749235474,0.154434250764526,1.0010000000000003,0.28,3.0,6.0,292.28000000000003,0.10860000000000003,2.0,2.0,-1.0,157.19000000000005,4.5200000000000005,157.19000000000005,0.7119468764326098,-1
2023-11-15,Ruanda,Zimbabue,0-0,,,0.7923999999999997,0.8072,0.55,0.45,2.0,1.0,4.0,7.0,1.0,1.0,10.16,10.46,1.0,2.0,1087.03,1138.56,0.232,1.21,2023.0,0.7996000000000001,378.2,0.7731999999999999,300.76,0,0,X,0,0,1,1,0.4953738434608651,0.5046261565391349,0.6666666666666666,0.33333333333333337,0.36363636363636365,0.6363636363636364,0.3333333333333333,0.6666666666666667,0.5570283963709202,0.44297160362907984,0.5,0.5,0.48842329449718946,0.5115767055028105,0.1608876560332871,0.8391123439667129,-0.014800000000000368,0.10000000000000003,1.0,-3.0,77.44,0.0264000000000002,0.0,-0.3000000000000007,-1.0,-51.52999999999997,-0.978,-51.52999999999997,0.42638138533640363,0
2023-11-16,Líbano,Palestina,0-0,,,0.6376000000000002,0.9843999999999999,0.36,0.64,2.0,3.0,2.0,5.0,2.0,0.0,12.0,14.0,3.0,2.0,1198.25,1224.05,0.241,0.343,2023.0,0.7282,226.64,0.8474,463.22,0,0,X,0,0,1,1,0.3930949445129471,0.606905055487053,0.4,0.6,0.2857142857142857,0.7142857142857143,0.6,0.4,0.32853042646334035,0.6714695735366596,0.5,0.5,0.49467448292944716,0.5053255170705528,0.41267123287671226,0.5873287671232877,-0.3467999999999998,-0.28,-1.0,-3.0,-236.58000000000004,-0.11920000000000008,2.0,-2.0,1.0,-25.799999999999955,-0.10200000000000004,-25.799999999999955,0.4629389123974384,0
2023-11-16,Irán,Hong Kong,4-0,,,2.28,0.074,0.72,0.28,8.0,0.0,7.0,1.0,1.0,2.0,5.0,7.0,0.0,4.0,1567.3,1045.01,1.23,0.16,2023.0,0.9083999999999998,625.9,0.716,168.84,4,0,1,4,1,3,0,0.9685641461342397,0.03143585386576031,1.0,0.0,0.875,0.125,0.0,1.0,0.7875531620404157,0.2124468379595843,1.0,0.0,0.5999670789454544,0.4000329210545456,0.8848920863309353,0.1151079136690647,2.206,0.43999999999999995,8.0,6.0,457.05999999999995,0.1923999999999998,-1.0,-2.0,-4.0,522.29,1.07,522.29,0.9528688403734027,-3
2023-11-16,Irak,Indonesia,5-1,,,1.365,0.39520000000000005,0.69,0.31,5.0,1.0,6.0,3.0,0.0,2.0,8.0,6.0,0.0,0.0,1349.73,1069.82,0.815,0.85,2023.0,0.8482000000000002,513.64,0.6975999999999998,189.38,5,1,1,4,1,3,0,0.7754800590841949,0.22451994091580507,0.8333333333333334,0.16666666666666663,0.6666666666666666,0.33333333333333337,0.5,0.5,0.7306193280418765,0.26938067195812354,0.8333333333333334,0.16666666666666663,0.5578434006323489,0.44215659936765106,0.48948948948948945,0.5105105105105106,0.9698,0.37999999999999995,4.0,3.0,324.26,0.1506000000000004,-2.0,2.0,0.0,279.9100000000001,-0.03500000000000003,279.9100000000001,0.833590614715429,-1
2023-11-16,Turkmenistán,Uzbekistán,1-3,,,0.4603999999999999,2.1282,0.43,0.57,2.0,5.0,1.0,10.0,2.0,1.0,12.0,10.0,2.0,1.0,1086.12,1333.09,0.134,3.28,2023.0,0.8017999999999997,313.46,0.8542000000000001,465.86,1,3,2,-2,0,0,3,0.17785675654794095,0.822143243452059,0.2857142857142857,0.7142857142857143,0.09090909090909091,0.9090909090909091,0.6666666666666666,0.33333333333333337,0.4022224503413232,0.5977775496586768,0.25,0.75,0.44895647752778794,0.5510435224722121,0.039250146455770366,0.9607498535442296,-1.6678000000000002,-0.13999999999999996,-3.0,-9.0,-152.40000000000003,-0.052400000000000335,1.0,2.0,1.0,-246.97000000000003,-3.146,-246.97000000000003,0.194399349814398,1
2023-11-16,Omán,China Taipei,3-0,,,2.4068,0.3,0.59,0.41,10.0,0.0,9.0,4.0,1.0,3.0,11.0,10.0,0.0,7.0,1334.37,1040.7,0.297,0.091,2023.0,0.8575999999999998,449.22,0.7335999999999998,233.3,3,0,1,3,1,3,0,0.8891680212797399,0.11083197872026007,1.0,0.0,0.6923076923076923,0.3076923076923077,0.0,1.0,0.6581785149153139,0.3418214850846861,1.0,0.0,0.5618234409933182,0.43817655900668184,0.7654639175257731,0.23453608247422686,2.1068000000000002,0.18,10.0,5.0,215.92000000000002,0.124,-2.0,1.0,-7.0,293.66999999999985,0.206,293.66999999999985,0.8442899574092325,-1
2023-11-16,Emiratos Árabes Unidos,Nepal,4-0,,,3.215600000000001,0.5531999999999999,0.72,0.28,11.0,3.0,9.0,3.0,0.0,2.0,2.0,18.0,3.0,7.0,1348.87,963.82,1.21,0.059,2023.0,0.8702000000000002,540.3,0.6579999999999999,142.56,4,0,1,4,1,3,0,0.8532158777329655,0.14678412226703452,0.7857142857142857,0.2142857142857143,0.75,0.25,0.3,0.7,0.7912309990334769,0.20876900096652307,1.0,0.0,0.5832472142829346,0.4167527857170654,0.9535066981875493,0.046493301812450705,2.662400000000001,0.43999999999999995,8.0,6.0,397.73999999999995,0.21220000000000028,-2.0,-16.0,-4.0,385.04999999999984,1.151,385.04999999999984,0.9017237638673087,-1
2023-11-16,Catar,Afganistán,8-1,,,5.71,0.41,0.73,0.27,17.0,1.0,10.0,0.0,0.0,5.0,12.0,15.0,0.0,9.0,1394.16,1033.8,0.766,0.047,2023.0,0.9,540.0,0.67,157.0,8,1,1,7,1,3,0,0.9330065359477124,0.06699346405228757,0.9444444444444444,0.05555555555555558,1.0,0.0,0.0,1.0,0.7747489239598279,0.22525107604017214,0.8888888888888888,0.11111111111111116,0.5742104482775664,0.4257895517224336,0.942189421894219,0.05781057810578105,5.3,0.45999999999999996,16.0,10.0,383.0,0.22999999999999998,-5.0,-3.0,-9.0,360.3600000000001,0.719,360.3600000000001,0.8883898736965926,-2
2023-11-16,Sudán,Togo,1-1,,,1.3373999999999997,1.7723999999999995,0.48,0.52,5.0,5.0,7.0,14.0,2.0,1.0,27.0,24.0,4.0,4.0,1109.22,1158.24,0.121,1.11,2023.0,0.7995999999999998,339.12,0.8241999999999998,359.4,1,1,X,0,0,1,1,0.4300598109203165,0.5699401890796836,0.5,0.5,0.3333333333333333,0.6666666666666667,0.5,0.5,0.48548359388421236,0.5145164061157876,0.5,0.5,0.4891905480140774,0.5108094519859225,0.09829406986190088,0.9017059301380991,-0.43499999999999983,-0.040000000000000036,0.0,-7.0,-20.279999999999973,-0.024600000000000066,1.0,3.0,0.0,-49.01999999999998,-0.9890000000000001,-49.01999999999998,0.4299189593150397,0
2023-11-16,Malasia,Kirguistán,4-3,,,1.5441999999999998,1.6895999999999993,0.56,0.44,5.0,6.0,5.0,3.0,2.0,2.0,13.0,14.0,3.0,1.0,1096.72,1224.03,0.271,0.271,2023.0,0.8298000000000001,424.64,0.7966000000000004,319.46,4,3,1,1,1,3,0,0.4775187086399902,0.5224812913600099,0.45454545454545453,0.5454545454545454,0.625,0.375,0.75,0.25,0.5706759844106976,0.42932401558930244,0.5714285714285714,0.4285714285714286,0.4725713670149736,0.5274286329850264,0.5,0.5,-0.14539999999999953,0.12000000000000005,-1.0,2.0,105.18,0.033199999999999674,0.0,-1.0,2.0,-127.30999999999995,0.0,-127.30999999999995,0.3245684709664948,1
2023-11-16,Nigeria,Lesoto,1-1,,,2.1238,0.7424,0.73,0.27,8.0,2.0,13.0,2.0,1.0,3.0,5.0,10.0,1.0,7.0,1490.48,1034.18,7.48,0.025,2023.0,0.9055999999999998,620.54,0.7592000000000002,195.04,1,1,X,0,0,1,1,0.7409810899448748,0.25901891005512523,0.8,0.19999999999999996,0.8666666666666667,0.1333333333333333,0.125,0.875,0.7608573040045121,0.23914269599548788,0.5,0.5,0.5903686040892635,0.4096313959107365,0.9966688874083943,0.0033311125916056783,1.3814000000000002,0.45999999999999996,6.0,11.0,425.5,0.14639999999999964,-2.0,-5.0,-6.0,456.29999999999995,7.455,456.29999999999995,0.9325586645369203,-2
2023-11-16,Kuwait,India,0-1,,,0.85,0.9277999999999998,0.55,0.45,3.0,3.0,2.0,3.0,3.0,0.0,11.0,10.0,2.0,3.0,1097.05,1198.84,0.176,0.182,2023.0,0.8064,388.3,0.7763999999999999,306.02,0,1,2,-1,0,0,3,0.47811902351220614,0.5218809764877939,0.5,0.5,0.4,0.6,0.4,0.6,0.5592522179974652,0.44074778200253484,0.0,1.0,0.47783212610360254,0.5221678738963975,0.49162011173184356,0.5083798882681565,-0.07779999999999987,0.10000000000000003,0.0,-1.0,82.28000000000003,0.030000000000000138,3.0,1.0,-1.0,-101.78999999999996,-0.006000000000000005,-101.78999999999996,0.35756457250737467,1
2023-11-16,Egipto,Yibuti,6-0,,,4.0698,0.40380000000000005,0.68,0.32,13.0,2.0,8.0,1.0,1.0,2.0,12.0,11.0,2.0,7.0,1511.95,889.2,4.48,0.029,2023.0,0.9035999999999994,587.8,0.7444000000000003,197.3,6,0,1,6,1,3,0,0.9097371244635193,0.09026287553648071,0.8666666666666667,0.1333333333333333,0.8888888888888888,0.11111111111111116,0.2222222222222222,0.7777777777777778,0.7486944338300854,0.2513055661699146,1.0,0.0,0.6296774462236845,0.3703225537763155,0.9935684187181193,0.006431581281880705,3.666,0.36000000000000004,11.0,7.0,390.49999999999994,0.15919999999999912,-1.0,1.0,-5.0,622.75,4.4510000000000005,622.75,0.9730076162442922,-2
2023-11-16,Cabo Verde,Angola,0-0,,,0.6478,0.685,0.54,0.46,1.0,2.0,6.0,5.0,0.0,2.0,15.0,15.0,2.0,1.0,1326.93,1169.64,2.1,1.72,2023.0,0.7936,358.24,0.7948,298.38,0,0,X,0,0,1,1,0.4860444177671068,0.5139555822328932,0.3333333333333333,0.6666666666666667,0.5454545454545454,0.4545454545454546,0.6666666666666666,0.33333333333333337,0.5455819195272761,0.4544180804727239,0.5,0.5,0.5315012196733919,0.4684987803266081,0.5497382198952879,0.4502617801047121,-0.03720000000000001,0.08000000000000002,-1.0,1.0,59.860000000000014,-0.0011999999999999789,-2.0,0.0,1.0,157.28999999999996,0.3800000000000001,157.28999999999996,0.7120649147145862,0
2023-11-16,Argelia,Somalia,3-1,,,2.558,1.4972,0.65,0.35,9.0,5.0,7.0,3.0,0.0,1.0,7.0,10.0,4.0,6.0,1512.9,852.06,9.88,0.04,2023.0,0.9043999999999994,595.68,0.8006,262.34,3,1,1,2,1,3,0,0.6307950286052475,0.3692049713947525,0.6428571428571429,0.3571428571428571,0.7,0.30000000000000004,0.4,0.6,0.6942495512925106,0.30575044870748935,0.75,0.25,0.6397148366145728,0.36028516338542715,0.995967741935484,0.004032258064516014,1.0607999999999997,0.30000000000000004,4.0,4.0,333.34,0.10379999999999945,-1.0,-3.0,-2.0,660.8400000000001,9.840000000000002,660.8400000000001,0.978206325174292,-3
2023-11-16,Tayikistán,Jordania,1-1,,,1.1739999999999997,0.9161999999999999,0.52,0.48,4.0,3.0,5.0,6.0,0.0,2.0,12.0,9.0,2.0,3.0,1187.23,1284.39,0.324,0.781,2023.0,0.7998000000000001,364.22,0.7978000000000002,334.16,1,1,X,0,0,1,1,0.5616687398335087,0.43833126016649127,0.5714285714285714,0.4285714285714286,0.45454545454545453,0.5454545454545454,0.4,0.6,0.5215212348578138,0.47847876514218624,0.5,0.5,0.4803448750212412,0.5196551249787589,0.29321266968325793,0.706787330316742,0.2577999999999998,0.040000000000000036,1.0,-1.0,30.060000000000002,0.0019999999999998908,-2.0,3.0,-1.0,-97.16000000000008,-0.457,-97.16000000000008,0.36370992325168505,0
2023-11-16,Yemen,Bahréin,0-2,,,0.39099999999999996,2.0948000000000007,0.32,0.68,1.0,7.0,2.0,8.0,1.0,1.0,9.0,5.0,5.0,1.0,1023.59,1281.46,0.096,0.256,2023.0,0.7145999999999998,194.26,0.8508,484.78,0,2,2,-2,0,0,3,0.15729342666344834,0.8427065733365516,0.125,0.875,0.2,0.8,0.8333333333333334,0.16666666666666663,0.28608034872761545,0.7139196512723845,0.0,1.0,0.444064120084163,0.5559358799158369,0.27272727272727276,0.7272727272727273,-1.7038000000000006,-0.36000000000000004,-6.0,-6.0,-290.52,-0.1362000000000002,0.0,4.0,4.0,-257.87,-0.16,-257.87,0.1847608763350348,1
2023-11-16,Siria,Corea del Norte,1-0,,,0.6509999999999999,1.398,0.48,0.52,2.0,7.0,1.0,7.0,3.0,1.0,10.0,9.0,7.0,1.0,1239.37,1169.96,0.317,0.236,2023.0,0.7872000000000001,327.36,0.8213999999999997,376.64,1,0,1,1,1,3,0,0.31771595900439237,0.6822840409956077,0.2222222222222222,0.7777777777777778,0.125,0.875,0.875,0.125,0.465,0.5349999999999999,1.0,0.0,0.5144044194859151,0.4855955805140849,0.573236889692586,0.426763110307414,-0.747,-0.040000000000000036,-5.0,-6.0,-49.27999999999997,-0.034199999999999564,2.0,1.0,6.0,69.40999999999985,0.08100000000000002,69.40999999999985,0.5985809984735271,0
2023-11-16,Arabia Saudí,Pakistán,4-0,,,2.43,0.35,0.76,0.24,8.0,1.0,7.0,2.0,1.0,4.0,9.0,12.0,1.0,4.0,1408.85,864.84,1.56,0.154,2023.0,0.86,570.0,0.59,118.0,4,0,1,4,1,3,0,0.8741007194244604,0.12589928057553956,0.8888888888888888,0.11111111111111116,0.7777777777777778,0.2222222222222222,0.2,0.8,0.8284883720930233,0.17151162790697672,1.0,0.0,0.619631524086397,0.380368475913603,0.9101516919486582,0.08984830805134181,2.08,0.52,7.0,5.0,452.0,0.27,-3.0,-3.0,-3.0,544.0099999999999,1.4060000000000001,544.0099999999999,0.9581764869603904,-2
2023-11-16,Gabón,Kenia,2-1,,,1.2646000000000002,0.6839999999999999,0.63,0.37,3.0,2.0,6.0,0.0,3.0,3.0,4.0,17.0,1.0,1.0,1270.8,1186.85,1.01,0.135,2023.0,0.8483999999999999,489.1,0.7,211.6,2,1,1,1,1,3,0,0.6489787539772145,0.3510212460227855,0.6,0.4,1.0,0.0,0.5,0.5,0.6980162694448409,0.30198373055515915,0.6666666666666666,0.33333333333333337,0.5170793237442273,0.48292067625577273,0.8820960698689956,0.11790393013100442,0.5806000000000002,0.26,1.0,6.0,277.5,0.14839999999999998,0.0,-13.0,0.0,83.95000000000005,0.875,83.95000000000005,0.6185162114122552,0
2023-11-16,Botsuana,Mozambique,2-3,,,2.3258000000000005,1.8979999999999995,0.5,0.5,9.0,5.0,3.0,3.0,3.0,1.0,17.0,12.0,2.0,7.0,1055.85,1176.58,0.117,0.059,2023.0,0.8058,359.52,0.8245999999999998,355.22,2,3,2,-1,0,0,3,0.5506416023485962,0.44935839765140384,0.6428571428571429,0.3571428571428571,0.5,0.5,0.2222222222222222,0.7777777777777778,0.503008086856759,0.496991913143241,0.4,0.6,0.47295995843094746,0.5270400415690526,0.6647727272727274,0.3352272727272726,0.42780000000000107,0.0,4.0,0.0,4.2999999999999545,-0.018799999999999817,2.0,5.0,-5.0,-120.73000000000002,0.05800000000000001,-120.73000000000002,0.3329266652671842,1
2023-11-16,Corea del Sur,Singapur,5-0,,,2.7385999999999995,0.15999999999999995,0.78,0.22,8.0,1.0,8.0,0.0,1.0,3.0,16.0,7.0,1.0,3.0,1540.35,1032.89,5.35,0.156,2023.0,0.9071999999999997,642.56,0.6786,151.9,5,0,1,5,1,3,0,0.9448009383840474,0.05519906161595256,0.8888888888888888,0.11111111111111116,1.0,0.0,0.25,0.75,0.8088009465548927,0.19119905344510735,1.0,0.0,0.5986033172187593,0.40139668278124074,0.9716672720668362,0.02833272793316377,2.5785999999999993,0.56,7.0,8.0,490.65999999999997,0.2285999999999997,-2.0,9.0,-2.0,507.4599999999998,5.194,507.4599999999998,0.9488833006170921,-3
2023-11-16,Japón,Birmania,5-0,,,3.13,0.0,0.83,0.17,15.0,0.0,14.0,1.0,0.0,1.0,7.0,11.0,0.0,10.0,1612.99,1011.73,10.42,0.125,2023.0,0.91,693.0,0.46,72.0,5,0,1,5,1,3,0,1.0,0.0,1.0,0.0,0.9333333333333333,0.06666666666666665,0.0,1.0,0.9058823529411765,0.09411764705882353,1.0,0.0,0.6145379316650919,0.38546206833490815,0.9881460407776197,0.011853959222380306,3.13,0.6599999999999999,15.0,13.0,621.0,0.45,-1.0,-4.0,-10.0,601.26,10.295,601.26,0.9695613562648973,-3
2023-11-16,Georgia,Escocia,2-2,,,0.48,0.73,0.4,0.6,6.0,4.0,4.0,4.0,3.0,3.0,17.0,15.0,2.0,4.0,1312.14,1512.34,9.65,6.55,2023.0,0.8,254.0,0.9,499.0,2,2,X,0,0,1,1,0.39669421487603307,0.6033057851239669,0.6,0.4,0.5,0.5,0.3333333333333333,0.6666666666666667,0.33731739707835323,0.6626826029216468,0.5,0.5,0.4645598481844446,0.5354401518155554,0.5956790123456791,0.4043209876543209,-0.25,-0.19999999999999996,2.0,0.0,-245.0,-0.09999999999999998,0.0,2.0,-2.0,-200.19999999999982,3.1000000000000005,-200.19999999999982,0.2400429890051516,1
2023-11-16,Bulgaria,Hungría,2-2,,,1.21,2.81,0.46,0.54,2.0,5.0,0.0,6.0,4.0,3.0,14.0,14.0,3.0,0.0,1279.12,1521.9,1.2,7.21,2023.0,0.75,290.0,0.82,446.0,2,2,X,0,0,1,1,0.3009950248756219,0.6990049751243781,0.2857142857142857,0.7142857142857143,0.0,1.0,1.0,0.0,0.39402173913043476,0.6059782608695652,0.5,0.5,0.4566622159070624,0.5433377840929376,0.1426872770511296,0.8573127229488704,-1.6,-0.08000000000000002,-3.0,-6.0,-156.0,-0.06999999999999995,1.0,0.0,3.0,-242.7800000000002,-6.01,-242.7800000000002,0.19820453808514385,2
2023-11-16,Azerbaiyán,Suecia,3-0,,,0.93,1.75,0.41,0.59,3.0,5.0,3.0,9.0,3.0,2.0,9.0,8.0,5.0,0.0,1155.91,1545.76,0.706,15.62,2023.0,0.7,196.0,0.82,414.0,3,0,1,3,1,3,0,0.34701492537313433,0.6529850746268657,0.375,0.625,0.25,0.75,1.0,0.0,0.32131147540983607,0.6786885245901639,1.0,0.0,0.42785018155437193,0.5721498184456281,0.04324390542692637,0.9567560945730736,-0.82,-0.18,-2.0,-6.0,-218.0,-0.12,1.0,1.0,5.0,-389.8499999999999,-14.914,-389.8499999999999,0.09585466343240766,3
2023-11-16,Burundi,Gambia,3-2,,,1.1804000000000001,0.8797999999999998,0.52,0.48,3.0,2.0,9.0,3.0,2.0,2.0,13.92,15.86,0.0,0.0,1080.43,1160.55,0.377,3.43,2023.0,0.7992000000000004,357.86,0.8042000000000001,332.08,3,2,1,1,1,3,0,0.5729540821279487,0.42704591787205126,0.6,0.4,0.75,0.25,0.5,0.5,0.5186827840102037,0.48131721598979627,0.6,0.4,0.4821238922257227,0.5178761077742773,0.09902810612030469,0.9009718938796953,0.3006000000000003,0.040000000000000036,1.0,6.0,25.78000000000003,-0.004999999999999782,0.0,-1.9399999999999995,0.0,-80.11999999999989,-3.053,-80.11999999999989,0.3866993406611435,0
2023-11-16,Tailandia,China,1-2,,,1.0,2.05,0.62,0.38,4.0,2.0,7.0,5.0,0.0,4.0,5.0,17.0,0.0,3.0,1177.15,1296.99,0.273,0.551,2023.0,0.84,430.0,0.74,224.0,1,2,2,-1,0,0,3,0.3278688524590164,0.6721311475409836,0.6666666666666666,0.33333333333333337,0.5833333333333334,0.41666666666666663,0.0,1.0,0.6574923547400612,0.3425076452599388,0.3333333333333333,0.6666666666666667,0.475781483667052,0.524218516332948,0.3313106796116505,0.6686893203883495,-1.0499999999999998,0.24,2.0,2.0,206.0,0.09999999999999998,-4.0,-12.0,-3.0,-119.83999999999992,-0.278,-119.83999999999992,0.3340654425949415,0
2023-11-16,Australia,Bangladés,7-0,,,7.02,0.02,0.7,0.3,14.0,0.0,8.0,1.0,1.0,3.0,14.0,13.0,0.0,7.0,1531.25,912.6,2.98,0.315,2023.0,0.93,599.0,0.76,216.0,7,0,1,7,1,3,0,0.9971590909090909,0.0028409090909090606,1.0,0.0,0.8888888888888888,0.11111111111111116,0.0,1.0,0.7349693251533742,0.2650306748466258,1.0,0.0,0.626572825664423,0.37342717433557704,0.9044006069802731,0.09559939301972686,7.0,0.39999999999999997,14.0,7.0,383.0,0.17000000000000004,-2.0,1.0,-7.0,618.65,2.665,618.65,0.9723807826832429,-3
2023-11-16,Estonia,Austria,0-2,,,0.82,2.05,0.35,0.65,0.0,4.0,1.0,3.0,1.82,1.08,7.0,5.0,2.0,0.0,1159.33,1535.41,0.516,9.43,2023.0,0.73,244.0,0.86,631.0,0,2,2,-2,0,0,3,0.28571428571428575,0.7142857142857142,0.0,1.0,0.25,0.75,1.0,0.0,0.27885714285714286,0.7211428571428571,0.0,1.0,0.430219613023891,0.569780386976109,0.05188015282525639,0.9481198471747436,-1.23,-0.30000000000000004,-4.0,-2.0,-387.0,-0.13,0.74,2.0,2.0,-376.08000000000015,-8.914,-376.08000000000015,0.10294793725588858,3
2023-11-16,Chipre,España,1-3,,,0.45,1.86,0.29,0.71,3.0,5.0,0.0,8.0,4.0,1.0,10.0,11.0,2.0,2.0,1141.27,1725.97,0.737,47.03,2023.0,0.73,179.0,0.91,707.0,1,3,2,-2,0,0,3,0.19480519480519481,0.8051948051948052,0.375,0.625,0.0,1.0,0.5,0.5,0.2020316027088036,0.7979683972911964,0.25,0.75,0.3980378342936064,0.6019621657063936,0.015429061904662214,0.9845709380953378,-1.4100000000000001,-0.42,-2.0,-8.0,-528.0,-0.18000000000000005,3.0,-1.0,0.0,-584.7,-46.293,-584.7,0.03338144464514472,3
2023-11-16,Montenegro,Lituania,2-0,,,0.78,0.38,0.5,0.5,8.0,1.0,5.0,2.0,5.0,3.0,18.0,20.0,1.0,6.0,1344.3,1098.48,2.48,0.703,2023.0,0.79,302.0,0.78,317.0,2,0,1,2,1,3,0,0.6724137931034482,0.3275862068965518,0.8888888888888888,0.11111111111111116,0.7142857142857143,0.2857142857142857,0.14285714285714285,0.8571428571428572,0.4878836833602585,0.5121163166397416,1.0,0.0,0.5503156240021615,0.4496843759978385,0.77913917687716,0.22086082312284006,0.4,0.0,7.0,3.0,-15.0,0.010000000000000009,2.0,-2.0,-5.0,245.81999999999994,1.7770000000000001,245.81999999999994,0.8045618164219618,-1
2023-11-16,Luxemburgo,Bosnia-Herzegovina,4-1,,,1.25,0.82,0.55,0.45,5.0,2.0,4.0,2.0,2.0,6.0,13.0,23.0,1.0,1.0,1266.67,1368.3,0.639,5.63,2023.0,0.84,393.0,0.83,336.0,4,1,1,3,1,3,0,0.6038647342995169,0.3961352657004831,0.7142857142857143,0.2857142857142857,0.6666666666666666,0.33333333333333337,0.5,0.5,0.5390946502057613,0.4609053497942387,0.8,0.19999999999999996,0.48071515045712093,0.519284849542879,0.10193013239751156,0.8980698676024884,0.43000000000000005,0.10000000000000003,3.0,2.0,57.0,0.010000000000000009,-4.0,-10.0,0.0,-101.62999999999988,-4.991,-101.62999999999988,0.3577761729598126,1
2023-11-16,Liechtenstein,Portugal,0-2,,,0.35,2.59,0.27,0.73,1.0,7.0,0.0,6.0,1.0,1.0,9.0,9.0,5.0,1.0,837.61,1739.83,0.026,38.67,2023.0,0.7,126.0,0.92,806.0,0,2,2,-2,0,0,3,0.11904761904761904,0.8809523809523809,0.125,0.875,0.0,1.0,0.8333333333333334,0.16666666666666663,0.1351931330472103,0.8648068669527897,0.0,1.0,0.32497749705133777,0.6750225029486623,0.0006719040727723795,0.9993280959272276,-2.2399999999999998,-0.45999999999999996,-6.0,-6.0,-680.0,-0.22000000000000008,0.0,0.0,4.0,-902.2199999999999,-38.644,-902.2199999999999,0.00552135234943859,3
2023-11-16,Eslovaquia,Islandia,4-2,,,1.87,0.67,0.55,0.45,8.0,2.0,12.0,2.0,1.0,0.0,7.0,14.0,0.0,4.0,1445.34,1353.17,2.3,3.71,2023.0,0.8,379.0,0.71,258.0,4,2,1,2,1,3,0,0.7362204724409449,0.2637795275590551,0.8,0.19999999999999996,0.8571428571428571,0.1428571428571429,0.0,1.0,0.5949764521193093,0.4050235478806907,0.6666666666666666,0.33333333333333337,0.5164676917359594,0.4835323082640406,0.3826955074875208,0.6173044925124792,1.2000000000000002,0.10000000000000003,6.0,10.0,121.0,0.09000000000000008,1.0,-7.0,-4.0,92.16999999999985,-1.4100000000000001,92.16999999999985,0.629616784858176,-1
2023-11-16,Filipinas,Vietnam,0-2,,,0.6936,1.0972,0.47,0.53,0.0,4.0,4.0,2.0,2.0,3.0,9.0,11.0,2.0,0.0,1095.94,1236.25,0.147,0.277,2023.0,0.7803999999999999,313.2,0.8119999999999996,380.46,0,2,2,-2,0,0,3,0.38731293276747825,0.6126870672325218,0.0,1.0,0.6666666666666666,0.33333333333333337,1.0,0.0,0.4515180347720785,0.5484819652279215,0.0,1.0,0.46991883165608295,0.530081168343917,0.3466981132075471,0.6533018867924529,-0.40359999999999996,-0.06000000000000005,-4.0,2.0,-67.25999999999999,-0.03159999999999974,-1.0,-2.0,2.0,-140.30999999999995,-0.13000000000000003,-140.30999999999995,0.3083831133047084,1
2023-11-17,Inglaterra,Malta,2-0,,,1.02,0.14,0.72,0.28,3.0,0.0,6.0,2.0,2.0,2.0,5.0,12.0,0.0,2.0,1807.88,968.25,52.43,0.554,2023.0,0.91,774.0,0.82,230.0,2,0,1,2,1,3,0,0.8793103448275861,0.12068965517241392,1.0,0.0,0.75,0.25,0.0,1.0,0.7709163346613546,0.22908366533864544,1.0,0.0,0.65122310554621,0.34877689445379,0.98954401328703,0.010455986712969989,0.88,0.43999999999999995,3.0,4.0,544.0,0.09000000000000008,0.0,-7.0,-2.0,839.6300000000001,51.876,839.6300000000001,0.9921026459609396,-3
2023-11-17,Moldavia,Albania,1-1,,,0.96,1.13,0.46,0.54,6.0,4.0,4.0,2.0,2.0,2.0,21.0,18.0,3.0,5.0,1018.45,1396.83,0.373,3.42,2023.0,0.8,328.0,0.86,411.0,1,1,X,0,0,1,1,0.45933014354066987,0.5406698564593302,0.6,0.4,0.6666666666666666,0.33333333333333337,0.375,0.625,0.4438430311231394,0.5561569688768606,0.5,0.5,0.4216695372793217,0.5783304627206782,0.09833904561033482,0.9016609543896652,-0.16999999999999993,-0.08000000000000002,2.0,2.0,-83.0,-0.05999999999999994,0.0,3.0,-2.0,-378.3799999999999,-3.0469999999999997,-378.3799999999999,0.101731651973859,2
2023-11-17,Dinamarca,Eslovenia,2-1,,,2.25,0.06,0.64,0.36,8.0,1.0,8.0,2.0,1.0,1.0,13.0,13.0,0.0,6.0,1612.15,1428.1,15.87,4.02,2023.0,0.84,588.0,0.7,251.0,2,1,1,1,1,3,0,0.974025974025974,0.025974025974025983,0.8888888888888888,0.11111111111111116,0.8,0.19999999999999996,0.0,1.0,0.700834326579261,0.29916567342073896,0.6666666666666666,0.33333333333333337,0.5302688923608256,0.46973110763917436,0.7978883861236802,0.20211161387631982,2.19,0.28,7.0,6.0,337.0,0.14,0.0,0.0,-6.0,184.05000000000018,11.85,184.05000000000018,0.7425905801224487,-1
2023-11-17,Liberia,Malaui,0-1,,,0.5996,1.1582000000000001,0.53,0.47,0.0,4.0,6.0,5.0,1.0,0.0,9.0,7.0,3.0,0.0,1041.5,1144.29,0.551,0.075,2023.0,0.8012000000000001,374.5,0.8108000000000001,334.54,0,1,2,-1,0,0,3,0.3411082034361133,0.6588917965638867,0.0,1.0,0.5454545454545454,0.4545454545454546,1.0,0.0,0.5281789461807515,0.47182105381924855,0.0,1.0,0.4764867622232694,0.5235132377767306,0.8801916932907349,0.11980830670926512,-0.5586000000000001,0.06000000000000005,-4.0,1.0,39.95999999999998,-0.009599999999999942,1.0,2.0,3.0,-102.78999999999996,0.47600000000000003,-102.78999999999996,0.3562433300496748,0
2023-11-17,Zambia,Congo,4-2,,,2.2752,1.6718000000000008,0.59,0.41,8.0,8.0,4.0,2.0,2.04,1.86,8.0,9.0,6.0,4.0,1291.34,1189.9,0.614,0.111,2023.0,0.8903999999999997,519.96,0.8297999999999998,309.3,4,2,1,2,1,3,0,0.5764378008614136,0.4235621991385864,0.5,0.5,0.6666666666666666,0.33333333333333337,0.6,0.4,0.6270168584038782,0.3729831415961218,0.6666666666666666,0.33333333333333337,0.5204413922071223,0.47955860779287773,0.8468965517241379,0.1531034482758621,0.603399999999999,0.18,0.0,2.0,210.66000000000003,0.06059999999999999,0.17999999999999994,-1.0,2.0,101.43999999999983,0.503,101.43999999999983,0.6419724794967188,0
2023-11-17,Guinea,Uganda,2-1,,,1.3581999999999999,0.5704000000000002,0.56,0.44,3.0,2.0,9.0,3.0,1.0,4.0,12.0,12.0,1.0,1.0,1296.89,1251.94,2.47,0.297,2023.0,0.8580000000000005,467.3,0.7979999999999998,320.02,2,1,1,1,1,3,0,0.7042414186456496,0.2957585813543504,0.6,0.4,0.75,0.25,0.5,0.5,0.5935324899659605,0.40646751003403947,0.6666666666666666,0.33333333333333337,0.5088177712911415,0.4911822287088585,0.8926635345139139,0.10733646548608611,0.7877999999999996,0.12000000000000005,1.0,6.0,147.28000000000003,0.06000000000000072,-3.0,0.0,0.0,44.950000000000045,2.173,44.950000000000045,0.5643297268694254,0
2023-11-17,Eswatini,Libia,0-1,,,1.1968,0.9546000000000002,0.55,0.45,2.0,2.0,11.0,1.0,0.0,1.0,5.0,4.0,1.0,2.0,1063.13,1137.64,0.045,0.533,2023.0,0.8028000000000002,384.78,0.7803999999999999,301.44,0,1,2,-1,0,0,3,0.5562889281398159,0.4437110718601841,0.5,0.5,0.9166666666666666,0.08333333333333337,0.3333333333333333,0.6666666666666667,0.5607239660750196,0.4392760339249804,0.0,1.0,0.48307183394902686,0.5169281660509731,0.0778546712802768,0.9221453287197232,0.24219999999999986,0.10000000000000003,0.0,10.0,83.33999999999997,0.02240000000000031,-1.0,1.0,-1.0,-74.50999999999999,-0.48800000000000004,-74.50999999999999,0.3943856790121971,0
2023-11-17,Comores,República Centroafricana,4-2,,,1.4871999999999996,0.7052,0.59,0.41,6.0,2.0,2.0,2.0,0.0,2.0,13.0,14.0,1.0,2.0,1125.57,1126.72,0.667,0.336,2023.0,0.7998000000000001,370.82,0.7085999999999999,218.4,4,2,1,2,1,3,0,0.6783433679985403,0.32165663200145966,0.75,0.25,0.5,0.5,0.3333333333333333,0.6666666666666667,0.6293404840297342,0.3706595159702658,0.6666666666666666,0.33333333333333337,0.4997447042787563,0.5002552957212437,0.6650049850448654,0.3349950149551346,0.7819999999999996,0.18,4.0,0.0,152.42,0.09120000000000017,-2.0,-1.0,-1.0,-1.150000000000091,0.331,-1.150000000000091,0.4983450230083132,0
2023-11-17,Finlandia,Irlanda del Norte,4-0,,,2.0,0.53,0.59,0.41,5.0,3.0,3.0,3.0,2.12,1.64,14.0,9.0,3.0,1.0,1388.46,1325.06,1.55,3.47,2023.0,0.86,502.0,0.78,288.0,4,0,1,4,1,3,0,0.7905138339920947,0.20948616600790526,0.625,0.375,0.5,0.5,0.75,0.25,0.6354430379746835,0.3645569620253165,1.0,0.0,0.5116822429906542,0.48831775700934577,0.30876494023904383,0.6912350597609562,1.47,0.18,2.0,0.0,214.0,0.07999999999999996,0.4800000000000002,5.0,2.0,63.40000000000009,-1.9200000000000002,63.40000000000009,0.5902405141492206,-1
2023-11-17,Polonia,República Checa,1-1,,,1.35,1.32,0.57,0.43,5.0,3.0,3.0,3.0,1.0,1.0,12.0,10.0,2.0,4.0,1519.28,1489.72,8.91,7.24,2023.0,0.83,458.0,0.73,265.0,1,1,X,0,0,1,1,0.5056179775280899,0.4943820224719101,0.625,0.375,0.5,0.5,0.3333333333333333,0.6666666666666667,0.6334716459197787,0.36652835408022133,0.5,0.5,0.5049119308740445,0.4950880691259555,0.5517027863777091,0.4482972136222909,0.030000000000000027,0.13999999999999996,2.0,0.0,193.0,0.09999999999999998,0.0,2.0,-2.0,29.559999999999945,1.67,29.559999999999945,0.5424379106142038,-1
2023-11-17,Kazajistán,San Marino,3-1,,,1.78,0.53,0.62,0.38,7.0,2.0,6.0,2.0,2.0,3.0,13.0,16.0,1.0,4.0,1219.65,746.98,0.652,0.044,2023.0,0.81,381.0,0.63,156.0,3,1,1,2,1,3,0,0.7705627705627706,0.22943722943722944,0.7777777777777778,0.2222222222222222,0.75,0.25,0.2,0.8,0.7094972067039106,0.2905027932960894,0.75,0.25,0.6201725794887701,0.37982742051122986,0.9367816091954022,0.06321839080459779,1.25,0.24,5.0,4.0,225.0,0.18000000000000005,-1.0,-3.0,-3.0,472.6700000000001,0.608,472.6700000000001,0.9382491180349887,-1
2023-11-17,Ghana,Madagascar,1-0,,,2.085200000000001,1.008,0.52,0.48,8.0,4.0,6.0,7.0,1.0,2.0,5.0,12.0,4.0,7.0,1394.74,1188.57,9.01,0.283,2023.0,0.8364,414.0,0.8156000000000002,359.78,1,0,1,1,1,3,0,0.6741238846502006,0.32587611534979943,0.6666666666666666,0.33333333333333337,0.46153846153846156,0.5384615384615384,0.36363636363636365,0.6363636363636364,0.5350357982889193,0.46496420171108066,1.0,0.0,0.5399042313930578,0.46009576860694223,0.9695469708382655,0.030453029161734535,1.0772000000000008,0.040000000000000036,4.0,-1.0,54.22000000000003,0.02079999999999982,-1.0,-7.0,-3.0,206.17000000000007,8.727,206.17000000000007,0.7661700358180871,-1
2023-11-17,Burkina Faso,Guinea-Bisáu,1-1,,,1.2577999999999998,0.5792,0.61,0.39,4.0,3.0,7.0,3.0,2.0,3.0,13.0,11.0,2.0,3.0,1410.59,1186.85,4.42,1.64,2023.0,0.8470000000000002,465.26,0.7339999999999998,233.68,1,1,X,0,0,1,1,0.6847033206314643,0.31529667936853567,0.5714285714285714,0.4285714285714286,0.7,0.30000000000000004,0.4,0.6,0.6656651500844135,0.3343348499155865,0.5,0.5,0.5430693298016509,0.4569306701983491,0.7293729372937294,0.27062706270627057,0.6785999999999998,0.21999999999999997,1.0,4.0,231.57999999999998,0.11300000000000043,-1.0,2.0,-1.0,223.74,2.7800000000000002,223.74,0.7838001679672685,-1
2023-11-17,Camerún,Mauricio,3-0,,,2.6468000000000003,0.15499999999999994,0.7,0.3,9.0,1.0,6.0,1.0,1.0,1.0,11.0,13.0,1.0,6.0,1466.98,942.64,8.28,0.035,2023.0,0.9043999999999994,599.24,0.7410000000000003,200.88,3,0,1,3,1,3,0,0.9446784210150618,0.05532157898493817,0.9,0.09999999999999998,0.8571428571428571,0.1428571428571429,0.14285714285714285,0.8571428571428572,0.7489376593510974,0.25106234064890265,1.0,0.0,0.6088013877706858,0.3911986122293142,0.9957907396271798,0.004209260372820212,2.4918000000000005,0.39999999999999997,8.0,5.0,398.36,0.1633999999999991,0.0,-2.0,-5.0,524.34,8.245,524.34,0.9533959865041052,-2
2023-11-17,Italia,Macedonia del Norte,5-2,,,2.52,0.72,0.62,0.38,11.0,2.0,7.0,2.0,2.0,4.0,13.0,18.0,0.0,6.0,1717.81,1358.41,13.73,1.38,2023.0,0.9,576.0,0.8,298.0,5,2,1,3,1,3,0,0.7777777777777777,0.22222222222222232,0.8461538461538461,0.15384615384615385,0.7777777777777778,0.2222222222222222,0.0,1.0,0.6590389016018307,0.34096109839816935,0.7142857142857143,0.2857142857142857,0.5584158480212728,0.44158415197872725,0.9086697551290537,0.09133024487094632,1.8,0.24,9.0,5.0,278.0,0.09999999999999998,-2.0,-5.0,-6.0,359.39999999999986,12.350000000000001,359.39999999999986,0.8878407550904215,-1
2023-11-17,Costa de Marfil,Seychelles,9-0,,,5.7268,0.10379999999999999,0.66,0.34,22.0,0.0,14.0,1.0,0.0,2.0,3.0,4.0,0.0,13.0,1439.17,853.5,20.08,0.045,2023.0,0.9149999999999995,624.12,0.8065999999999999,262.52,9,0,1,9,1,3,0,0.9821973724831065,0.017802627516893543,1.0,0.0,0.9333333333333333,0.06666666666666665,0.0,1.0,0.7039159072453307,0.2960840927546693,1.0,0.0,0.6277266244160739,0.37227337558392615,0.9977639751552794,0.00223602484472063,5.623,0.32,22.0,13.0,361.6,0.10839999999999961,-2.0,-1.0,-13.0,585.6700000000001,20.034999999999997,585.6700000000001,0.9667982588330676,-2
2023-11-17,Mali,Chad,3-1,,,1.999,0.5895999999999999,0.65,0.35,6.0,2.0,9.0,2.0,1.0,2.0,12.0,16.0,1.0,3.0,1449.75,930.22,4.32,0.356,2023.0,0.8538000000000001,467.86,0.7191999999999998,217.08,3,1,1,2,1,3,0,0.7722320945684926,0.22776790543150738,0.75,0.25,0.8181818181818182,0.18181818181818177,0.25,0.75,0.6830671299675883,0.31693287003241166,0.75,0.25,0.6091463337773164,0.3908536662226836,0.9238665526090676,0.07613344739093242,1.4094000000000002,0.30000000000000004,4.0,7.0,250.78,0.13460000000000027,-1.0,-4.0,-2.0,519.53,3.9640000000000004,519.53,0.9521501647415966,-2
2023-11-17,Túnez,Santo Tomé y Príncipe,4-0,,,2.3029999999999995,0.264,0.61,0.39,8.0,1.0,4.0,3.0,2.0,3.0,20.0,12.0,1.0,4.0,1516.14,897.69,2.69,0.066,2023.0,0.8936000000000003,513.64,0.7762000000000002,260.74,4,0,1,4,1,3,0,0.8971562134787691,0.10284378652123094,0.8888888888888888,0.11111111111111116,0.5714285714285714,0.4285714285714286,0.2,0.8,0.66329192386167,0.33670807613833,1.0,0.0,0.6281055418152894,0.37189445818471056,0.9760522496371553,0.02394775036284469,2.0389999999999997,0.21999999999999997,7.0,1.0,252.89999999999998,0.11740000000000006,-1.0,8.0,-3.0,618.45,2.624,618.45,0.9723498462932365,-3
2023-11-18,Países Bajos,Irlanda,1-0,,,1.43,0.06,0.53,0.47,5.0,1.0,5.0,3.0,0.0,1.0,13.0,5.0,1.0,4.0,1739.26,1406.94,29.01,5.44,2023.0,0.87,541.0,0.85,418.0,1,0,1,1,1,3,0,0.959731543624161,0.04026845637583898,0.8333333333333334,0.16666666666666663,0.625,0.375,0.2,0.8,0.5641293013555787,0.4358706986444213,1.0,0.0,0.5528129171699193,0.4471870828300807,0.8420899854862118,0.15791001451378817,1.3699999999999999,0.06000000000000005,4.0,2.0,123.0,0.020000000000000018,-1.0,8.0,-3.0,332.31999999999994,23.57,332.31999999999994,0.871354427951268,-1
2023-11-18,Suiza,Kosovo,1-1,,,1.84,0.09,0.67,0.33,5.0,3.0,14.0,0.0,2.0,2.0,10.0,4.0,2.0,4.0,1645.38,1190.74,12.79,5.46,2023.0,0.91,706.0,0.75,178.0,1,1,X,0,0,1,1,0.9533678756476683,0.04663212435233166,0.625,0.375,1.0,0.0,0.3333333333333333,0.6666666666666667,0.7986425339366516,0.20135746606334837,0.5,0.5,0.5801517566252486,0.41984824337475135,0.7008219178082191,0.2991780821917809,1.75,0.34,2.0,14.0,528.0,0.16000000000000003,0.0,6.0,-2.0,454.6400000000001,7.329999999999999,454.6400000000001,0.931955186277873,-2
2023-11-18,Bielorrusia,Andorra,1-0,,,1.09,0.32,0.63,0.37,7.0,2.0,2.0,3.0,1.0,3.0,16.0,15.0,2.0,6.0,1212.52,1011.68,0.641,0.137,2023.0,0.82,493.0,0.62,158.0,1,0,1,1,1,3,0,0.7730496453900709,0.22695035460992907,0.7777777777777778,0.2222222222222222,0.4,0.6,0.25,0.75,0.7572964669738863,0.2427035330261137,1.0,0.0,0.5451488175523784,0.45485118244762157,0.8239074550128535,0.17609254498714655,0.77,0.26,5.0,-1.0,335.0,0.19999999999999996,-2.0,1.0,-4.0,200.84000000000003,0.504,200.84000000000003,0.7606284359832309,-1
2023-11-18,Letonia,Croacia,0-2,,,0.4664,2.1844,0.36,0.64,0.0,6.0,4.0,1.0,2.0,0.0,10.0,8.0,4.0,0.0,1101.7,1711.88,0.329,14.9,2023.0,0.7,219.0,0.87,622.0,0,2,2,-2,0,0,3,0.17594688395955935,0.8240531160404406,0.0,1.0,0.8,0.19999999999999996,1.0,0.0,0.26040428061831156,0.7395957193816884,0.0,1.0,0.3915651945208596,0.6084348054791404,0.021603519600761706,0.9783964803992383,-1.7180000000000002,-0.28,-6.0,3.0,-403.0,-0.17000000000000004,2.0,2.0,4.0,-610.1800000000001,-14.571,-610.1800000000001,0.02895925941914505,3
2023-11-18,Francia,Gibraltar,14-0,,,6.59,0.0,0.66,0.34,19.0,0.0,7.0,0.0,0.8,1.78,10.0,5.0,0.0,5.0,1853.11,842.07,58.58,0.073,2023.0,0.92,581.0,0.71,177.0,14,0,1,14,1,3,0,1.0,0.0,1.0,0.0,1.0,0.0,0.0,1.0,0.7664907651715039,0.23350923482849606,1.0,0.0,0.6875644669372732,0.31243553306272676,0.9987553918810632,0.0012446081189367852,6.59,0.32,19.0,7.0,404.0,0.21000000000000008,-0.98,5.0,-5.0,1011.0399999999998,58.507,1011.0399999999998,0.9970412170178887,-3
2023-11-18,Israel,Rumanía,1-2,,,0.68,1.44,0.6,0.4,5.0,7.0,6.0,3.0,3.0,2.0,10.0,11.0,5.0,4.0,1336.34,1446.52,2.96,2.37,2023.0,0.85,470.0,0.73,219.0,1,2,2,-1,0,0,3,0.32075471698113206,0.679245283018868,0.4166666666666667,0.5833333333333333,0.6666666666666666,0.33333333333333337,0.5555555555555556,0.4444444444444444,0.6821480406386067,0.3178519593613933,0.3333333333333333,0.6666666666666667,0.48020381909258825,0.5197961809074118,0.5553470919324578,0.4446529080675422,-0.7599999999999999,0.19999999999999996,-2.0,3.0,251.0,0.12,1.0,-1.0,1.0,-110.18000000000006,0.5899999999999999,-110.18000000000006,0.34654815368804975,1
2023-11-18,Sudáfrica,Benín,2-1,,,1.271,0.40639999999999993,0.7,0.3,3.0,1.0,5.0,2.0,1.0,1.0,7.0,19.0,0.0,1.0,1366.35,1238.89,1.89,0.723,2023.0,0.8532000000000001,518.12,0.6554000000000001,161.58,2,1,1,1,1,3,0,0.7577202813878622,0.24227971861213782,0.75,0.25,0.7142857142857143,0.2857142857142857,0.0,1.0,0.762277475356775,0.23772252464322496,0.6666666666666666,0.33333333333333337,0.5244622376441326,0.4755377623558674,0.7233065442020665,0.2766934557979335,0.8646,0.39999999999999997,2.0,3.0,356.53999999999996,0.19779999999999998,0.0,-12.0,-1.0,127.45999999999981,1.1669999999999998,127.45999999999981,0.6756207933787842,-1
2023-11-18,Níger,Tanzania,0-1,,,1.0773999999999995,1.0076000000000003,0.54,0.46,2.0,3.0,5.0,2.0,4.0,6.0,19.0,20.0,2.0,2.0,1122.81,1146.46,0.428,0.361,2023.0,0.8021999999999997,359.66,0.7850000000000001,304.9,0,1,2,-1,0,0,3,0.5167386091127096,0.48326139088729037,0.4,0.6,0.7142857142857143,0.2857142857142857,0.5,0.5,0.5412001926086434,0.4587998073913566,0.0,1.0,0.4947890731380576,0.5052109268619425,0.5424588086185045,0.4575411913814955,0.0697999999999992,0.08000000000000002,-1.0,3.0,54.76000000000005,0.01719999999999955,-2.0,-1.0,0.0,-23.65000000000009,0.067,-23.65000000000009,0.46601738458454484,0
2023-11-18,Senegal,Sudán del Sur,4-0,,,2.8949999999999996,0.09659999999999998,0.67,0.33,10.0,1.0,5.0,0.0,0.0,2.0,9.0,6.0,1.0,6.0,1600.82,986.56,18.39,0.064,2023.0,0.9103999999999997,617.54,0.7881999999999999,248.32,4,0,1,4,1,3,0,0.9677095868431609,0.032290413156839115,0.9090909090909091,0.09090909090909094,1.0,0.0,0.14285714285714285,0.8571428571428572,0.7132099877578362,0.2867900122421638,1.0,0.0,0.6187030896118854,0.38129691038811464,0.9965319171995232,0.003468082800476835,2.7983999999999996,0.34,9.0,5.0,369.21999999999997,0.12219999999999975,-2.0,3.0,-5.0,614.26,18.326,614.26,0.9716939354816289,-3
2023-11-18,Armenia,Gales,1-1,,,0.8,0.83,0.54,0.46,2.0,4.0,5.0,3.0,1.0,3.0,11.0,12.0,3.0,1.0,1234.25,1528.69,1.56,6.69,2023.0,0.84,405.0,0.83,357.0,1,1,X,0,0,1,1,0.49079754601227,0.50920245398773,0.3333333333333333,0.6666666666666667,0.625,0.375,0.75,0.25,0.531496062992126,0.46850393700787396,0.5,0.5,0.4467161791425076,0.5532838208574924,0.1890909090909091,0.8109090909090909,-0.029999999999999916,0.08000000000000002,-2.0,2.0,48.0,0.010000000000000009,-2.0,-1.0,2.0,-294.44000000000005,-5.130000000000001,-294.44000000000005,0.1551282184904972,2
2023-11-19,Sierra Leona,Egipto,0-2,,,1.918,2.2037999999999998,0.44,0.56,7.0,6.0,4.0,7.0,4.0,1.0,4.0,12.0,4.0,7.0,1145.12,1511.95,0.559,4.48,2023.0,0.8249999999999998,319.4,0.8610000000000002,458.54,0,2,2,-2,0,0,3,0.4653306807705372,0.5346693192294628,0.5384615384615384,0.46153846153846156,0.36363636363636365,0.6363636363636364,0.36363636363636365,0.6363636363636364,0.4105715093709026,0.5894284906290974,0.0,1.0,0.43097095673053404,0.569029043269466,0.11093470926771185,0.8890652907322881,-0.28579999999999983,-0.12000000000000005,1.0,-3.0,-139.14000000000004,-0.036000000000000365,3.0,-8.0,-3.0,-366.83000000000015,-3.9210000000000003,-366.83000000000015,0.10797030139918636,2
2023-11-19,Sudán,RD Congo,1-0,,,0.45900000000000013,1.3621999999999996,0.35,0.65,2.0,3.0,1.0,11.0,1.0,1.0,12.0,7.0,3.0,1.0,1109.22,1366.18,0.121,5.53,2023.0,0.7286,211.12,0.8598,522.4,1,0,1,1,1,3,0,0.25203162749835284,0.7479683725016472,0.4,0.6,0.08333333333333333,0.9166666666666666,0.75,0.25,0.28781764641727564,0.7121823535827243,1.0,0.0,0.448097277207724,0.5519027227922759,0.021412139444346133,0.9785878605556538,-0.9031999999999996,-0.30000000000000004,-1.0,-10.0,-311.28,-0.13119999999999998,0.0,5.0,2.0,-256.96000000000004,-5.409000000000001,-256.96000000000004,0.18555120709230633,2
2023-11-19,Burundi,Gabón,1-2,,,1.5233999999999996,2.1678,0.59,0.41,7.0,9.0,5.0,4.0,2.0,4.0,17.0,16.0,7.0,6.0,1080.43,1270.8,0.377,1.01,2023.0,0.7994,350.0,0.7262,215.58,1,2,2,-1,0,0,3,0.4127113133940181,0.5872886866059819,0.4375,0.5625,0.5555555555555556,0.4444444444444444,0.5384615384615384,0.46153846153846156,0.6188337635701403,0.3811662364298597,0.3333333333333333,0.6666666666666667,0.4595169336900261,0.5404830663099739,0.27180966113914923,0.7281903388608508,-0.6444000000000005,0.18,-2.0,1.0,134.42,0.07320000000000004,-2.0,1.0,1.0,-190.3699999999999,-0.633,-190.3699999999999,0.25051682024419125,1
2023-11-19,Mozambique,Argelia,0-2,,,1.8500000000000008,1.4602000000000004,0.47,0.53,7.0,4.0,9.0,3.0,1.0,2.0,11.0,14.0,2.0,7.0,1176.58,1512.9,0.059,9.88,2023.0,0.8235999999999999,326.92,0.8542000000000002,421.46,0,2,2,-2,0,0,3,0.558878617606187,0.44112138239381304,0.6363636363636364,0.36363636363636365,0.75,0.25,0.2222222222222222,0.7777777777777778,0.43683690103957884,0.5631630989604212,0.0,1.0,0.4374749022115799,0.5625250977884201,0.005936210886407083,0.9940637891135929,0.38980000000000037,-0.06000000000000005,3.0,6.0,-94.53999999999996,-0.030600000000000294,-1.0,-3.0,-5.0,-336.32000000000016,-9.821000000000002,-336.32000000000016,0.1260864641850799,2
2023-11-19,Suecia,Estonia,2-0,,,2.73,0.05,0.58,0.42,4.0,0.0,7.0,1.0,1.0,2.0,13.0,8.0,0.0,2.0,1545.76,1159.33,15.62,0.516,2023.0,0.84,469.0,0.79,273.0,2,0,1,2,1,3,0,0.9820143884892087,0.017985611510791255,1.0,0.0,0.875,0.125,0.0,1.0,0.6320754716981132,0.3679245283018868,1.0,0.0,0.5714264590087575,0.42857354099124245,0.9680218145761031,0.031978185423896854,2.68,0.15999999999999998,4.0,6.0,196.0,0.04999999999999993,-1.0,5.0,-2.0,386.43000000000006,15.104,386.43000000000006,0.9024254950849397,-3
2023-11-19,Hungría,Montenegro,3-1,,,1.32,1.91,0.58,0.42,5.0,7.0,7.0,3.0,4.0,7.0,12.0,21.0,6.0,2.0,1521.9,1344.3,7.21,2.48,2023.0,0.88,475.0,0.8,259.0,3,1,1,2,1,3,0,0.4086687306501548,0.5913312693498451,0.4166666666666667,0.5833333333333333,0.7,0.30000000000000004,0.75,0.25,0.6471389645776566,0.35286103542234337,0.75,0.25,0.5309817877328868,0.46901821226711315,0.7440660474716203,0.2559339525283797,-0.5899999999999999,0.15999999999999998,-2.0,4.0,216.0,0.07999999999999996,-3.0,-9.0,4.0,177.60000000000014,4.73,177.60000000000014,0.7354296664432365,-2
2023-11-19,Zimbabue,Nigeria,1-1,,,0.6099999999999999,1.25,0.48,0.52,1.0,2.0,0.0,5.0,2.0,3.0,6.0,14.0,1.0,0.0,1138.56,1490.48,1.21,7.48,2023.0,0.7868000000000002,311.44,0.8277999999999999,361.78,1,1,X,0,0,1,1,0.32795698924731176,0.6720430107526882,0.3333333333333333,0.6666666666666667,0.0,1.0,1.0,0.0,0.46261251893883126,0.5373874810611687,0.5,0.5,0.4330706265404862,0.5669293734595138,0.1392405063291139,0.8607594936708861,-0.6400000000000001,-0.040000000000000036,-1.0,-5.0,-50.339999999999975,-0.0409999999999997,-1.0,-8.0,1.0,-351.9200000000001,-6.2700000000000005,-351.9200000000001,0.1165191103026658,2
2023-11-19,Bélgica,Azerbaiyán,5-0,,,2.56,0.08,0.72,0.28,7.0,0.0,9.0,0.0,2.0,3.0,13.0,7.0,0.0,2.0,1793.71,1155.91,21.06,0.706,2023.0,0.89,582.0,0.73,159.0,5,0,1,5,1,3,0,0.9696969696969697,0.030303030303030276,1.0,0.0,1.0,0.0,0.0,1.0,0.7854251012145749,0.21457489878542513,1.0,0.0,0.6081156216733004,0.39188437832669965,0.9675640907837912,0.03243590921620876,2.48,0.43999999999999995,7.0,9.0,423.0,0.16000000000000003,-1.0,6.0,-2.0,637.8,20.354,637.8,0.9751920904289596,-3
2023-11-19,Portugal,Islandia,2-0,,,2.31,0.41,0.64,0.36,12.0,4.0,14.0,0.0,2.0,4.0,9.0,7.0,4.0,10.0,1739.83,1353.17,38.67,3.71,2023.0,0.9,717.0,0.72,204.0,2,0,1,2,1,3,0,0.8492647058823529,0.15073529411764708,0.75,0.25,1.0,0.0,0.2857142857142857,0.7142857142857143,0.7785016286644951,0.22149837133550487,1.0,0.0,0.5625056579372777,0.4374943420627223,0.9124587069372345,0.08754129306276548,1.9000000000000001,0.28,8.0,14.0,513.0,0.18000000000000005,-2.0,2.0,-6.0,386.65999999999985,34.96,386.65999999999985,0.9025420149169209,-2
2023-11-19,Liechtenstein,Luxemburgo,0-1,,,0.54,0.66,0.44,0.56,1.0,4.0,4.0,6.0,3.0,0.0,21.0,16.0,3.0,1.0,837.61,1266.67,0.026,0.639,2023.0,0.77,240.0,0.81,352.0,0,1,2,-1,0,0,3,0.44999999999999996,0.55,0.2,0.8,0.4,0.6,0.75,0.25,0.40540540540540543,0.5945945945945945,0.0,1.0,0.3980506396487159,0.6019493603512841,0.03909774436090225,0.9609022556390977,-0.12,-0.12000000000000005,-3.0,-2.0,-112.0,-0.040000000000000036,3.0,5.0,2.0,-429.06000000000006,-0.613,-429.06000000000006,0.0779977344508019,1
2023-11-19,España,Georgia,3-1,,,1.81,0.62,0.68,0.32,8.0,1.0,9.0,3.0,2.0,2.0,9.0,9.0,0.0,5.0,1725.97,1312.14,47.03,9.65,2023.0,0.93,745.0,0.81,212.0,3,1,1,2,1,3,0,0.7448559670781892,0.25514403292181076,0.8888888888888888,0.11111111111111116,0.75,0.25,0.0,1.0,0.7784743991640544,0.22152560083594564,0.75,0.25,0.5681064872568801,0.43189351274311993,0.8297459421312633,0.1702540578687367,1.19,0.36000000000000004,7.0,6.0,533.0,0.12,0.0,0.0,-5.0,413.8299999999999,37.38,413.8299999999999,0.9154596205053795,-2
2023-11-19,Escocia,Noruega,3-3,,,1.15,2.43,0.46,0.54,2.0,6.0,6.0,4.0,1.0,3.0,14.0,20.0,3.0,0.0,1512.34,1469.56,6.55,22.69,2023.0,0.85,380.0,0.85,387.0,3,3,X,0,0,1,1,0.3212290502793296,0.6787709497206704,0.25,0.75,0.6,0.4,1.0,0.0,0.4954367666232073,0.5045632333767927,0.5,0.5,0.5071732787819847,0.4928267212180153,0.2240082079343365,0.7759917920656635,-1.2800000000000002,-0.08000000000000002,-4.0,2.0,-7.0,0.0,-2.0,-6.0,3.0,42.77999999999997,-16.14,42.77999999999997,0.5612561097639556,0
2023-11-19,Bosnia-Herzegovina,Eslovaquia,1-2,,,0.2,0.98,0.48,0.52,2.0,3.0,1.0,7.0,4.0,1.0,16.0,15.0,1.0,1.0,1368.3,1445.34,5.63,2.3,2023.0,0.8,317.0,0.89,450.0,1,2,2,-1,0,0,3,0.16949152542372883,0.8305084745762712,0.4,0.6,0.125,0.875,0.5,0.5,0.4132985658409387,0.5867014341590613,0.3333333333333333,0.6666666666666667,0.4863095491960592,0.5136904508039408,0.7099621689785625,0.29003783102143754,-0.78,-0.040000000000000036,-1.0,-6.0,-133.0,-0.08999999999999997,3.0,1.0,0.0,-77.03999999999996,3.33,-77.03999999999996,0.39091257068328583,0
2023-11-19,Serbia,Bulgaria,2-2,,,1.39,0.26,0.56,0.44,8.0,2.0,11.0,3.0,1.0,1.0,12.0,10.0,0.0,6.0,1525.4,1279.12,7.76,1.2,2023.0,0.87,438.0,0.8,316.0,2,2,X,0,0,1,1,0.8424242424242424,0.1575757575757576,0.8,0.19999999999999996,0.7857142857142857,0.2142857142857143,0.0,1.0,0.5809018567639257,0.4190981432360743,0.5,0.5,0.5439076918688404,0.45609230813115964,0.8660714285714286,0.1339285714285714,1.13,0.12000000000000005,6.0,8.0,122.0,0.06999999999999995,0.0,2.0,-6.0,246.2800000000002,6.56,246.2800000000002,0.804977853469586,-2
2023-11-20,Mali,República Centroafricana,1-1,,,2.030400000000001,0.28859999999999997,0.56,0.44,7.0,1.0,12.0,0.0,0.0,2.0,9.0,10.0,0.0,6.0,1449.75,1126.72,4.32,0.336,2023.0,0.8892,506.56,0.8414000000000001,354.82,1,1,X,0,0,1,1,0.8755498059508411,0.12445019404915891,0.875,0.125,1.0,0.0,0.0,1.0,0.5880795932108942,0.4119204067891058,0.5,0.5,0.5626884846320741,0.4373115153679259,0.9278350515463917,0.07216494845360832,1.7418000000000011,0.12000000000000005,6.0,12.0,151.74,0.04779999999999984,-2.0,-1.0,-6.0,323.03,3.9840000000000004,323.03,0.865239842580676,-2
2023-11-20,Yibuti,Guinea-Bisáu,0-1,,,1.0084,1.7035999999999993,0.46,0.54,5.0,5.0,6.0,3.0,2.0,3.0,20.0,15.0,4.0,5.0,889.2,1186.85,0.029,1.64,2023.0,0.7826000000000003,291.52,0.8194,355.98,0,1,2,-1,0,0,3,0.37182890855457235,0.6281710914454277,0.5,0.5,0.6666666666666666,0.33333333333333337,0.4444444444444444,0.5555555555555556,0.4502239382239382,0.5497760617760619,0.0,1.0,0.4283133835890272,0.5716866164109728,0.017375674056321153,0.9826243259436789,-0.6951999999999994,-0.08000000000000002,0.0,3.0,-64.46000000000004,-0.03679999999999972,-1.0,5.0,-1.0,-297.64999999999986,-1.611,-297.64999999999986,0.15272179950053832,1
2023-11-20,Liberia,Guinea Ecuatorial,3-0,,,0.8608000000000001,0.6219999999999999,0.47,0.53,3.0,2.0,5.0,2.0,2.0,3.0,13.0,17.0,2.0,3.0,1041.5,1250.46,0.551,0.191,2023.0,0.7916,313.6,0.8247999999999998,380.06,3,0,1,3,1,3,0,0.5805233342325331,0.4194766657674669,0.6,0.4,0.7142857142857143,0.2857142857142857,0.4,0.6,0.4520946861574835,0.5479053138425165,1.0,0.0,0.4544145622087645,0.5455854377912355,0.7425876010781672,0.25741239892183276,0.23880000000000023,-0.06000000000000005,1.0,3.0,-66.45999999999998,-0.033199999999999785,-1.0,-4.0,-1.0,-208.96000000000004,0.36000000000000004,-208.96000000000004,0.23096497258490314,1
2023-11-20,Gambia,Costa de Marfil,0-2,,,0.3619999999999999,1.7855999999999996,0.37,0.63,1.0,5.0,2.0,5.0,1.0,2.0,6.0,11.0,3.0,1.0,1160.55,1439.17,3.43,20.08,2023.0,0.7778000000000002,249.08,0.887,564.3,0,2,2,-2,0,0,3,0.16856025330601598,0.831439746693984,0.16666666666666666,0.8333333333333334,0.2857142857142857,0.7142857142857143,0.75,0.25,0.3062283311613268,0.6937716688386732,0.0,1.0,0.4464134599110673,0.5535865400889327,0.14589536367503192,0.854104636324968,-1.4235999999999998,-0.26,-4.0,-3.0,-315.2199999999999,-0.10919999999999985,-1.0,-5.0,2.0,-278.6200000000001,-16.65,-278.6200000000001,0.16744203065922608,2
2023-11-20,Seychelles,Kenia,0-5,,,0.26860000000000006,3.833200000000001,0.28,0.72,1.0,12.0,2.0,8.0,3.0,0.0,7.0,14.0,7.0,1.0,853.5,1186.85,0.045,0.135,2023.0,0.687,154.66,0.8720000000000002,530.68,0,5,2,-5,0,0,3,0.06548344629187186,0.9345165537081281,0.07692307692307693,0.9230769230769231,0.2,0.8,0.875,0.125,0.22566901100183853,0.7743309889981614,0.0,1.0,0.4183105839684368,0.5816894160315632,0.25,0.75,-3.564600000000001,-0.43999999999999995,-11.0,-6.0,-376.02,-0.18500000000000016,3.0,-7.0,6.0,-333.3499999999999,-0.09000000000000001,-333.3499999999999,0.1279824000950853,1
2023-11-20,Chad,Madagascar,0-3,,,0.5446,2.2696,0.43,0.57,0.0,6.0,0.0,7.0,1.0,2.0,15.0,14.0,3.0,0.0,930.22,1188.57,0.356,0.283,2023.0,0.7608000000000001,263.58,0.8412000000000001,448.08,0,3,2,-3,0,0,3,0.19351858432236513,0.8064814156776349,0.0,1.0,0.0,1.0,1.0,0.0,0.3703734929601214,0.6296265070398785,0.0,1.0,0.4390335993656757,0.5609664006343242,0.5571205007824725,0.44287949921752745,-1.725,-0.13999999999999996,-6.0,-7.0,-184.5,-0.08039999999999992,-1.0,1.0,3.0,-258.3499999999999,0.07300000000000001,-258.3499999999999,0.18434504849407493,1
2023-11-20,Irlanda del Norte,Dinamarca,2-0,,,0.79,1.21,0.28,0.72,2.0,3.0,2.0,10.0,2.0,2.0,6.0,8.0,3.0,0.0,1325.06,1612.15,3.47,15.87,2023.0,0.58,115.0,0.88,681.0,2,0,1,2,1,3,0,0.395,0.605,0.4,0.6,0.16666666666666666,0.8333333333333334,1.0,0.0,0.1444723618090452,0.8555276381909548,1.0,0.0,0.4511287922892813,0.5488712077107187,0.17942088934850053,0.8205791106514995,-0.41999999999999993,-0.43999999999999995,-1.0,-8.0,-566.0,-0.30000000000000004,0.0,-2.0,3.0,-287.09000000000015,-12.399999999999999,-287.09000000000015,0.16075477408047914,2
2023-11-20,Ucrania,Italia,0-0,,,0.33,1.73,0.4,0.6,4.0,2.0,4.0,9.0,1.0,1.0,14.0,9.0,2.0,4.0,1549.33,1717.81,9.88,13.73,2023.0,0.82,301.0,0.87,454.0,0,0,X,0,0,1,1,0.16019417475728157,0.8398058252427184,0.6666666666666666,0.33333333333333337,0.3076923076923077,0.6923076923076923,0.3333333333333333,0.6666666666666667,0.39867549668874175,0.6013245033112582,0.5,0.5,0.47421598094969913,0.5257840190503009,0.4184667513765354,0.5815332486234646,-1.4,-0.19999999999999996,2.0,-5.0,-153.0,-0.050000000000000044,0.0,5.0,-2.0,-168.48000000000002,-3.8499999999999996,-168.48000000000002,0.2749106323967516,0
2023-11-20,San Marino,Finlandia,1-2,,,0.4277999999999998,2.5405999999999995,0.3,0.7,1.0,5.0,2.0,6.0,5.0,2.0,17.0,12.0,3.0,0.0,746.98,1388.46,0.044,1.55,2023.0,0.64,136.0,0.88,720.0,1,2,2,-1,0,0,3,0.14411804339037862,0.8558819566096214,0.16666666666666666,0.8333333333333334,0.25,0.75,1.0,0.0,0.1588785046728972,0.8411214953271028,0.3333333333333333,0.6666666666666667,0.3498014460720039,0.6501985539279961,0.02760351317440401,0.972396486825596,-2.1127999999999996,-0.39999999999999997,-4.0,-4.0,-584.0,-0.24,3.0,5.0,3.0,-641.48,-1.506,-641.48,0.024300547651429246,2
2023-11-20,República Checa,Moldavia,3-0,,,1.85,0.3,0.5,0.5,6.0,3.0,4.0,4.0,1.0,6.0,16.0,16.0,3.0,3.0,1489.72,1018.45,7.24,0.373,2023.0,0.81,321.0,0.76,239.0,3,0,1,3,1,3,0,0.8604651162790699,0.13953488372093015,0.6666666666666666,0.33333333333333337,0.5,0.5,0.5,0.5,0.5732142857142857,0.4267857142857143,1.0,0.0,0.5939469812652253,0.40605301873477473,0.9510048601077105,0.04899513989228954,1.55,0.0,3.0,0.0,82.0,0.050000000000000044,-5.0,0.0,0.0,471.27,6.867,471.27,0.9377805428439859,-2
2023-11-20,Macedonia del Norte,Inglaterra,1-1,,,1.21,1.13,0.29,0.71,3.0,2.0,1.0,6.0,1.0,2.0,16.0,15.0,2.0,2.0,1358.41,1807.88,1.38,52.43,2023.0,0.74,174.0,0.91,593.0,1,1,X,0,0,1,1,0.5170940170940171,0.48290598290598286,0.6,0.4,0.14285714285714285,0.8571428571428572,0.5,0.5,0.22685788787483702,0.7731421121251629,0.5,0.5,0.42902261005782794,0.5709773899421721,0.02564579074521464,0.9743542092547853,0.08000000000000007,-0.42,1.0,-5.0,-419.0,-0.17000000000000004,-1.0,1.0,0.0,-449.47,-51.05,-449.47,0.06995652827397586,1
2023-11-20,Eslovenia,Kazajistán,2-1,,,1.48,0.74,0.58,0.42,6.0,3.0,4.0,3.0,1.0,4.0,11.0,17.0,2.0,4.0,1428.1,1219.65,4.02,0.652,2023.0,0.77,398.0,0.72,263.0,2,1,1,1,1,3,0,0.6666666666666667,0.33333333333333326,0.6666666666666666,0.33333333333333337,0.5714285714285714,0.4285714285714286,0.3333333333333333,0.6666666666666667,0.6021180030257186,0.3978819969742814,0.6666666666666666,0.33333333333333337,0.5393636106127844,0.46063638938721563,0.860445205479452,0.13955479452054798,0.74,0.15999999999999998,3.0,1.0,135.0,0.050000000000000044,-3.0,-6.0,-2.0,208.44999999999982,3.3679999999999994,208.44999999999982,0.7685131590650649,-1
2023-11-20,Albania,Islas Feroe,0-0,,,0.96,0.67,0.62,0.38,4.0,0.0,2.0,3.0,1.0,2.0,6.0,17.0,0.0,4.0,1396.83,1097.66,3.42,0.222,2023.0,0.85,547.0,0.78,290.0,0,0,X,0,0,1,1,0.588957055214724,0.41104294478527603,1.0,0.0,0.4,0.6,0.0,1.0,0.6535244922341696,0.34647550776583036,0.5,0.5,0.5599661654286047,0.44003383457139533,0.9390444810543658,0.060955518945634224,0.2899999999999999,0.24,4.0,-1.0,257.0,0.06999999999999995,-1.0,-11.0,-4.0,299.16999999999985,3.198,299.16999999999985,0.8484069717304077,-2
2023-11-21,Andorra,Israel,0-2,,,0.32,1.58,0.25,0.75,2.0,8.0,1.0,5.0,4.0,1.0,6.0,3.0,6.0,2.0,1011.68,1336.34,0.137,2.96,2023.0,0.53,79.0,0.89,711.0,0,2,2,-2,0,0,3,0.16842105263157894,0.8315789473684211,0.2,0.8,0.16666666666666666,0.8333333333333334,0.75,0.25,0.1,0.9,0.0,1.0,0.43086515447057516,0.5691348455294248,0.0442363577655796,0.9557636422344205,-1.26,-0.5,-6.0,-4.0,-632.0,-0.36,3.0,3.0,4.0,-324.65999999999997,-2.823,-324.65999999999997,0.1336698415385174,1
2023-11-21,Lesoto,Benín,0-0,,,0.7259999999999998,1.0263999999999998,0.47,0.53,3.0,4.0,2.0,2.0,1.0,1.0,11.0,13.0,4.0,3.0,1034.18,1238.89,0.025,0.723,2023.0,0.7787999999999999,307.9,0.8115999999999999,381.92,0,0,X,0,0,1,1,0.41428897511983565,0.5857110248801644,0.42857142857142855,0.5714285714285714,0.5,0.5,0.5714285714285714,0.4285714285714286,0.44634832275086256,0.5536516772491374,0.5,0.5,0.4549705904349624,0.5450294095650376,0.03342245989304813,0.9665775401069518,-0.3004,-0.06000000000000005,-1.0,0.0,-74.02000000000004,-0.03279999999999994,0.0,-2.0,1.0,-204.71000000000004,-0.698,-204.71000000000004,0.2353390152124466,1
2023-11-21,Malaui,Túnez,0-1,,,0.4845999999999998,1.9576,0.34,0.66,3.0,7.0,2.0,2.0,3.0,1.0,14.0,8.0,6.0,3.0,1144.29,1516.14,0.075,2.69,2023.0,0.7138000000000004,206.08,0.8560000000000002,523.5,0,1,2,-1,0,0,3,0.1984276472033412,0.8015723527966588,0.3,0.7,0.5,0.5,0.6666666666666666,0.33333333333333337,0.28246388333013517,0.7175361166698648,0.0,1.0,0.4301146807095093,0.5698853192904907,0.027124773960216998,0.972875226039783,-1.4730000000000003,-0.32,-4.0,0.0,-317.41999999999996,-0.14219999999999977,2.0,6.0,3.0,-371.85000000000014,-2.6149999999999998,-371.85000000000014,0.10521847617693285,3
2023-11-21,Ruanda,Sudáfrica,2-0,,,0.9966000000000002,1.0276000000000003,0.43,0.57,4.0,2.0,2.0,6.0,2.0,0.0,11.0,13.0,2.0,2.0,1087.03,1366.35,0.232,1.89,2023.0,0.8136000000000001,315.42,0.8607999999999998,458.26,2,0,1,2,1,3,0,0.49234265388795573,0.5076573461120443,0.6666666666666666,0.33333333333333337,0.25,0.75,0.5,0.5,0.4076879329955537,0.5923120670044463,1.0,0.0,0.44307445238813387,0.5569255476118662,0.10933081998114987,0.8906691800188501,-0.03100000000000014,-0.13999999999999996,2.0,-4.0,-142.83999999999997,-0.04719999999999969,2.0,-2.0,0.0,-279.31999999999994,-1.658,-279.31999999999994,0.16688104659016725,2
2023-11-21,Rumanía,Suiza,1-0,,,0.74,0.95,0.41,0.59,4.0,4.0,1.0,6.0,4.0,2.0,13.0,11.0,4.0,3.0,1446.52,1645.38,2.37,12.79,2023.0,0.84,291.0,0.9,526.0,1,0,1,1,1,3,0,0.4378698224852071,0.5621301775147929,0.5,0.5,0.14285714285714285,0.8571428571428572,0.5714285714285714,0.4285714285714286,0.3561811505507956,0.6438188494492044,1.0,0.0,0.46784178013519195,0.532158219864808,0.15633245382585753,0.8436675461741425,-0.20999999999999996,-0.18,0.0,-5.0,-235.0,-0.06000000000000005,2.0,2.0,1.0,-198.86000000000013,-10.419999999999998,-198.86000000000013,0.24145295331698202,1
2023-11-21,Kosovo,Bielorrusia,0-1,,,0.72,0.14,0.56,0.44,4.0,1.0,8.0,1.0,5.0,4.0,14.0,13.0,0.0,4.0,1190.74,1212.52,5.46,0.641,2023.0,0.81,357.0,0.69,182.0,0,1,2,-1,0,0,3,0.8372093023255813,0.16279069767441867,0.8,0.19999999999999996,0.8888888888888888,0.11111111111111116,0.0,1.0,0.6623376623376623,0.33766233766233766,0.0,1.0,0.4954686550768539,0.5045313449231461,0.8949352565153254,0.10506474348467465,0.58,0.12000000000000005,3.0,7.0,175.0,0.1200000000000001,1.0,1.0,-4.0,-21.779999999999973,4.819,-21.779999999999973,0.46869705414429097,0
2023-11-21,Grecia,Francia,2-2,,,0.47,1.77,0.38,0.62,2.0,7.0,2.0,9.0,3.0,3.0,5.0,11.0,5.0,0.0,1442.96,1853.11,11.02,58.58,2023.0,0.84,294.0,0.9,636.0,2,2,X,0,0,1,1,0.20982142857142855,0.7901785714285714,0.2222222222222222,0.7777777777777778,0.18181818181818182,0.8181818181818181,1.0,0.0,0.3161290322580645,0.6838709677419355,0.5,0.5,0.4377819645820629,0.5622180354179371,0.15833333333333335,0.8416666666666667,-1.3,-0.24,-5.0,-7.0,-342.0,-0.06000000000000005,0.0,-6.0,5.0,-410.14999999999986,-47.56,-410.14999999999986,0.08619435725232795,1
2023-11-21,Gibraltar,Países Bajos,0-6,,,0.16399999999999995,3.2508,0.29,0.71,0.0,9.0,0.0,9.0,1.0,1.0,14.0,11.0,3.0,0.0,842.07,1739.26,0.073,29.01,2023.0,0.65,127.0,0.92,676.0,0,6,2,-6,0,0,3,0.0480262387255476,0.9519737612744524,0.0,1.0,0.0,1.0,1.0,0.0,0.1581569115815691,0.8418430884184309,0.0,1.0,0.32621555554694676,0.6737844444530532,0.0025100574218615682,0.9974899425781384,-3.0867999999999998,-0.42,-9.0,-9.0,-549.0,-0.27,0.0,3.0,3.0,-897.1899999999999,-28.937,-897.1899999999999,0.005682638411743581,3
2023-11-21,Gales,Turquía,1-1,,,0.49,1.39,0.41,0.59,4.0,2.0,7.0,5.0,3.0,5.0,11.0,17.0,1.0,3.0,1528.69,1498.5,6.69,18.22,2023.0,0.77,268.0,0.86,449.0,1,1,X,0,0,1,1,0.26063829787234044,0.7393617021276595,0.6666666666666666,0.33333333333333337,0.5833333333333334,0.41666666666666663,0.25,0.75,0.3737796373779637,0.6262203626220363,0.5,0.5,0.5049864726033054,0.4950135273966946,0.2685668406262545,0.7314331593737455,-0.8999999999999999,-0.18,2.0,2.0,-181.0,-0.08999999999999997,-2.0,-6.0,-2.0,30.190000000000055,-11.529999999999998,30.190000000000055,0.5433378826295947,-1
2023-11-21,China,Corea del Sur,0-3,,,0.14,1.7,0.35,0.65,0.0,8.0,0.0,4.0,4.0,1.0,19.0,14.0,5.0,0.0,1296.99,1540.35,0.551,5.35,2023.0,0.78,279.0,0.9,604.0,0,3,2,-3,0,0,3,0.07608695652173915,0.9239130434782609,0.0,1.0,0.0,1.0,1.0,0.0,0.3159682899207248,0.6840317100792752,0.0,1.0,0.4571147624183214,0.5428852375816786,0.09337400440603288,0.9066259955939671,-1.56,-0.30000000000000004,-8.0,-4.0,-325.0,-0.12,3.0,5.0,5.0,-243.3599999999999,-4.7989999999999995,-243.3599999999999,0.197674480452569,2
2023-11-21,Etiopía,Burkina Faso,0-3,,,0.48059999999999997,2.2483999999999997,0.43,0.57,1.0,7.0,3.0,4.0,2.0,2.0,21.0,14.0,4.0,1.0,1072.54,1410.59,0.126,4.42,2023.0,0.7592,264.06,0.8440000000000001,452.68,0,3,2,-3,0,0,3,0.17610846463906193,0.8238915353609381,0.125,0.875,0.42857142857142855,0.5714285714285714,0.8,0.19999999999999996,0.368418115355638,0.6315818846443619,0.0,1.0,0.43193066814866715,0.5680693318513328,0.027716673999120103,0.9722833260008799,-1.7677999999999998,-0.13999999999999996,-6.0,-1.0,-188.62,-0.0848000000000001,0.0,7.0,3.0,-338.04999999999995,-4.294,-338.04999999999995,0.12499321041385536,2
2023-11-21,Hong Kong,Turkmenistán,2-2,,,1.9604,2.0138,0.63,0.37,7.0,6.0,9.0,1.0,2.0,2.0,9.0,23.0,4.0,5.0,1045.01,1086.12,0.16,0.134,2023.0,0.8935999999999997,543.66,0.8177999999999996,294.14,2,2,X,0,0,1,1,0.493281666750541,0.5067183332494589,0.5384615384615384,0.46153846153846156,0.9,0.09999999999999998,0.4444444444444444,0.5555555555555556,0.6489138219145381,0.35108617808546194,0.5,0.5,0.4903548821517223,0.5096451178482777,0.5442176870748299,0.45578231292517013,-0.05339999999999989,0.26,1.0,8.0,249.51999999999998,0.07580000000000009,0.0,-14.0,-1.0,-41.1099999999999,0.025999999999999995,-41.1099999999999,0.44111251794209616,0
2023-11-21,Singapur,Tailandia,1-3,,,0.63,1.02,0.37,0.63,4.0,10.0,0.0,10.0,1.0,2.0,14.0,18.0,7.0,3.0,1032.89,1177.15,0.156,0.273,2023.0,0.78,257.0,0.85,456.0,1,3,2,-2,0,0,3,0.38181818181818183,0.6181818181818182,0.2857142857142857,0.7142857142857143,0.0,1.0,0.7,0.30000000000000004,0.36044880785413747,0.6395511921458625,0.25,0.75,0.46736258167273,0.53263741832727,0.3636363636363636,0.6363636363636365,-0.39,-0.26,-6.0,-10.0,-199.0,-0.06999999999999995,-1.0,-4.0,4.0,-144.26,-0.11700000000000002,-144.26,0.30355472450448795,1
2023-11-21,Vietnam,Irak,0-1,,,0.38360000000000005,1.9622000000000002,0.44,0.56,0.0,7.0,2.0,3.0,5.0,1.0,10.0,13.0,6.0,0.0,1236.25,1349.73,0.277,0.815,2023.0,0.8025999999999999,317.0,0.8520000000000002,459.36,0,1,2,-1,0,0,3,0.16352630232756418,0.8364736976724358,0.0,1.0,0.4,0.6,1.0,0.0,0.40831572981606473,0.5916842701839353,0.0,1.0,0.47805860834190517,0.5219413916580948,0.25366300366300365,0.7463369963369964,-1.5786000000000002,-0.12000000000000005,-7.0,-1.0,-142.36,-0.04940000000000033,4.0,-3.0,6.0,-113.48000000000002,-0.5379999999999999,-113.48000000000002,0.3422590192575809,0
2023-11-21,Bangladés,Líbano,1-1,,,1.2194000000000005,1.7342000000000002,0.43,0.57,4.0,6.0,3.0,8.0,3.0,1.0,11.0,7.0,5.0,3.0,912.6,1198.25,0.315,0.241,2023.0,0.7981999999999998,298.5,0.8512000000000003,450.14,1,1,X,0,0,1,1,0.4128521126760564,0.5871478873239435,0.4,0.6,0.2727272727272727,0.7272727272727273,0.625,0.375,0.3987230177388331,0.6012769822611669,0.5,0.5,0.43233768387142624,0.5676623161285738,0.566546762589928,0.433453237410072,-0.5147999999999997,-0.13999999999999996,-2.0,-5.0,-151.64,-0.05300000000000049,2.0,4.0,2.0,-285.65,0.07400000000000001,-285.65,0.1618762538862577,1
2023-11-21,China Taipei,Malasia,0-1,,,0.5362,2.1142,0.41,0.59,1.0,8.0,2.0,9.0,2.0,1.0,12.0,13.0,7.0,1.0,1040.7,1096.72,0.091,0.271,2023.0,0.7662000000000003,259.48,0.8470000000000002,450.76,0,1,2,-1,0,0,3,0.20230908542106854,0.7976909145789315,0.1111111111111111,0.8888888888888888,0.18181818181818182,0.8181818181818181,0.875,0.125,0.36534129308402796,0.634658706915972,0.0,1.0,0.48689541596878483,0.5131045840312152,0.2513812154696133,0.7486187845303867,-1.5779999999999998,-0.18,-7.0,-7.0,-191.27999999999997,-0.08079999999999987,1.0,-1.0,6.0,-56.01999999999998,-0.18000000000000002,-56.01999999999998,0.4200721925683907,0
2023-11-21,Filipinas,Indonesia,1-1,,,0.8565999999999998,1.0973999999999997,0.43,0.57,5.0,4.0,2.0,5.0,3.0,2.0,10.0,9.0,3.0,4.0,1095.94,1069.82,0.147,0.85,2023.0,0.7636000000000002,253.58,0.8186,370.28,1,1,X,0,0,1,1,0.4383828045035824,0.5616171954964175,0.5555555555555556,0.4444444444444444,0.2857142857142857,0.7142857142857143,0.42857142857142855,0.5714285714285714,0.4064694001859392,0.5935305998140608,0.5,0.5,0.5060302157210401,0.4939697842789599,0.1474423269809428,0.8525576730190572,-0.2407999999999999,-0.13999999999999996,1.0,-3.0,-116.69999999999996,-0.05499999999999983,1.0,1.0,-1.0,26.12000000000012,-0.703,26.12000000000012,0.5375190431023759,0
2023-11-21,Birmania,Corea del Norte,1-6,,,0.7986,2.133,0.51,0.49,2.0,8.0,3.0,5.0,2.0,2.0,11.0,11.0,2.0,1.0,1011.73,1169.96,0.125,0.236,2023.0,0.7982000000000002,351.64,0.8155999999999999,344.06,1,6,2,-5,0,0,3,0.2724109701187065,0.7275890298812935,0.2,0.8,0.375,0.625,0.6666666666666666,0.33333333333333337,0.5054477504671553,0.4945522495328447,0.14285714285714285,0.8571428571428572,0.4637368278719708,0.5362631721280292,0.3462603878116344,0.6537396121883656,-1.3344,0.020000000000000018,-6.0,-2.0,7.579999999999984,-0.017399999999999638,0.0,0.0,1.0,-158.23000000000002,-0.11099999999999999,-158.23000000000002,0.2868269351582149,1
2023-11-21,Pakistán,Tayikistán,1-6,,,0.4497999999999999,3.3204000000000007,0.29,0.71,2.0,11.0,1.0,9.0,1.0,3.0,7.0,8.0,5.0,1.0,864.84,1187.23,0.154,0.324,2023.0,0.6827999999999999,156.02,0.8641999999999999,502.34,1,6,2,-5,0,0,3,0.11930401570208474,0.8806959842979153,0.15384615384615385,0.8461538461538461,0.1,0.9,0.8333333333333334,0.16666666666666663,0.2369828057597667,0.7630171942402333,0.14285714285714285,0.8571428571428572,0.42144761143625703,0.5785523885637429,0.32217573221757323,0.6778242677824268,-2.870600000000001,-0.42,-9.0,-8.0,-346.31999999999994,-0.1814,-2.0,-1.0,4.0,-322.39,-0.17,-322.39,0.13519030548671668,1
2023-11-21,Somalia,Uganda,0-1,,,0.4293999999999999,0.6987999999999999,0.38,0.62,1.0,1.0,1.0,2.0,4.0,2.0,13.0,16.0,0.0,1.0,852.06,1251.94,0.04,0.297,2023.0,0.7264,197.46,0.8577999999999999,441.84,0,1,2,-1,0,0,3,0.3806062754830704,0.6193937245169296,0.5,0.5,0.3333333333333333,0.6666666666666667,0.0,1.0,0.3088690755513844,0.6911309244486157,0.0,1.0,0.40497148288973384,0.5950285171102662,0.11869436201780417,0.8813056379821959,-0.2694,-0.24,0.0,-1.0,-244.37999999999997,-0.13139999999999985,2.0,-3.0,-1.0,-399.8800000000001,-0.257,-399.8800000000001,0.0909661959307307,1
2023-11-21,Eswatini,Cabo Verde,0-2,,,0.9699999999999998,2.1455999999999995,0.52,0.48,5.0,7.0,4.0,5.0,4.0,1.0,12.0,7.0,5.0,5.0,1063.13,1326.93,0.045,2.1,2023.0,0.8078,369.04,0.8170000000000003,348.76,0,2,2,-2,0,0,3,0.31133650019257925,0.6886634998074208,0.4166666666666667,0.5833333333333333,0.4444444444444444,0.5555555555555556,0.5,0.5,0.5141264976316523,0.4858735023683477,0.0,1.0,0.4448131009263365,0.5551868990736635,0.020979020979020976,0.9790209790209791,-1.1755999999999998,0.040000000000000036,-2.0,-1.0,20.28000000000003,-0.009200000000000319,3.0,5.0,0.0,-263.79999999999995,-2.055,-263.79999999999995,0.179674420900202,1
2023-11-21,Uzbekistán,Irán,2-2,,,1.2684,0.8370000000000001,0.48,0.52,5.0,2.0,5.0,1.0,2.0,2.0,10.0,8.0,0.0,3.0,1333.09,1567.3,3.28,1.23,2023.0,0.7978000000000001,320.18,0.8100000000000002,364.78,2,2,X,0,0,1,1,0.6024508406953548,0.3975491593046452,0.7142857142857143,0.2857142857142857,0.8333333333333334,0.16666666666666663,0.0,1.0,0.46744335435645873,0.5325566456435413,0.5,0.5,0.45962439533993704,0.540375604660063,0.7272727272727273,0.2727272727272727,0.4313999999999999,-0.040000000000000036,3.0,4.0,-44.599999999999966,-0.0122000000000001,0.0,2.0,-3.0,-234.21000000000004,2.05,-234.21000000000004,0.20616134636676753,2
2023-11-21,Croacia,Armenia,1-0,,,1.19,0.28,0.65,0.35,11.0,2.0,11.0,3.0,0.0,1.0,6.0,10.0,2.0,10.0,1711.88,1234.25,14.9,1.56,2023.0,0.89,652.0,0.76,266.0,1,0,1,1,1,3,0,0.8095238095238095,0.19047619047619047,0.8461538461538461,0.15384615384615385,0.7857142857142857,0.2142857142857143,0.16666666666666666,0.8333333333333334,0.710239651416122,0.289760348583878,1.0,0.0,0.5810605777749115,0.4189394222250885,0.9052247873633049,0.09477521263669508,0.9099999999999999,0.30000000000000004,9.0,8.0,386.0,0.13,-1.0,-4.0,-8.0,477.6300000000001,13.34,477.6300000000001,0.9398828055688203,-2
2023-11-21,Níger,Zambia,2-1,,,0.9161999999999996,0.5241999999999999,0.52,0.48,3.0,1.0,0.0,6.0,4.0,3.0,10.0,17.0,0.0,1.0,1122.81,1291.34,0.428,0.614,2023.0,0.7972000000000006,371.38,0.8080000000000004,336.16,2,1,1,1,1,3,0,0.6360733129686198,0.3639266870313802,0.75,0.25,0.0,1.0,0.0,1.0,0.5248890522090625,0.47511094779093754,0.6666666666666666,0.33333333333333337,0.46509537518381217,0.5349046248161878,0.41074856046065256,0.5892514395393474,0.3919999999999997,0.040000000000000036,2.0,-6.0,35.21999999999997,-0.01079999999999981,1.0,-7.0,-1.0,-168.52999999999997,-0.186,-168.52999999999997,0.2748532629532433,1
2023-11-21,Tanzania,Marruecos,0-2,,,0.3734,1.83,0.44,0.56,0.0,3.0,0.0,3.0,4.0,4.0,8.0,18.0,1.0,0.0,1146.46,1658.49,0.361,17.22,2023.0,0.8170000000000002,309.06,0.8676,482.16,0,2,2,-2,0,0,3,0.16946537169828446,0.8305346283017155,0.0,1.0,0.0,1.0,1.0,0.0,0.39061196633047696,0.609388033669523,0.0,1.0,0.4087274282964046,0.5912725717035954,0.020533530515897843,0.9794664694841022,-1.4566000000000001,-0.12000000000000005,-3.0,-3.0,-173.10000000000002,-0.05059999999999987,0.0,-10.0,1.0,-512.03,-16.858999999999998,-512.03,0.04985567261922993,3
2023-11-21,Afganistán,Kuwait,0-4,,,0.3103999999999999,3.4194000000000004,0.29,0.71,0.0,13.0,1.0,11.0,1.0,0.0,13.0,6.0,9.0,0.0,1033.8,1097.05,0.047,0.176,2023.0,0.6856000000000002,157.88,0.8684000000000001,527.22,0,4,2,-4,0,0,3,0.08322162046222314,0.9167783795377769,0.0,1.0,0.08333333333333333,0.9166666666666666,1.0,0.0,0.2304481097649978,0.7695518902350023,0.0,1.0,0.4851585048220194,0.5148414951779806,0.21076233183856505,0.7892376681614349,-3.1090000000000004,-0.42,-13.0,-10.0,-369.34000000000003,-0.18279999999999985,1.0,7.0,9.0,-63.25,-0.129,-63.25,0.4099683379300504,0
2023-11-21,Jordania,Arabia Saudí,0-2,,,0.94,0.79,0.56,0.44,4.0,2.0,8.0,1.0,3.0,1.0,13.0,17.0,0.0,4.0,1284.39,1408.85,0.781,1.56,2023.0,0.82,377.0,0.79,290.0,0,2,2,-2,0,0,3,0.5433526011560693,0.4566473988439307,0.6666666666666666,0.33333333333333337,0.8888888888888888,0.11111111111111116,0.0,1.0,0.5652173913043478,0.4347826086956522,0.0,1.0,0.47689400127727205,0.523105998722728,0.33361811191798374,0.6663818880820163,0.1499999999999999,0.12000000000000005,2.0,7.0,87.0,0.029999999999999916,2.0,-4.0,-4.0,-124.45999999999981,-0.779,-124.45999999999981,0.3281753385561532,1
2023-11-21,Comores,Ghana,1-0,,,0.9925999999999999,0.5797999999999999,0.41,0.59,3.0,1.0,3.0,4.0,1.0,0.0,15.0,10.0,1.0,2.0,1125.57,1394.74,0.667,9.01,2023.0,0.7656000000000003,251.72,0.8295999999999998,403.76,1,0,1,1,1,3,0,0.6312643093360468,0.3687356906639532,0.75,0.25,0.42857142857142855,0.5714285714285714,0.3333333333333333,0.6666666666666667,0.38402392140111064,0.6159760785988894,1.0,0.0,0.4465998230376422,0.5534001769623578,0.06892632014053943,0.9310736798594605,0.41280000000000006,-0.18,2.0,-1.0,-152.04,-0.0639999999999995,1.0,5.0,-1.0,-269.1700000000001,-8.343,-269.1700000000001,0.17516325260609752,2
2023-11-21,Botsuana,Guinea,1-0,,,0.6852000000000001,0.9304000000000001,0.46,0.54,2.0,2.0,3.0,4.0,4.0,1.0,14.0,17.0,2.0,1.0,1055.85,1296.89,0.117,2.47,2023.0,0.7787999999999999,308.44,0.8186,390.54,1,0,1,1,1,3,0,0.4241148799207725,0.5758851200792274,0.5,0.5,0.42857142857142855,0.5714285714285714,0.6666666666666666,0.33333333333333337,0.4412715671406907,0.5587284328593093,1.0,0.0,0.4487746202300297,0.5512253797699703,0.04522613065326633,0.9547738693467337,-0.24519999999999997,-0.08000000000000002,0.0,-1.0,-82.10000000000002,-0.03980000000000006,3.0,-3.0,1.0,-241.0400000000002,-2.353,-241.0400000000002,0.19980112766300004,1
2023-11-21,Mauricio,Angola,0-0,,,0.6454,1.9476,0.43,0.57,3.0,6.0,2.0,10.0,1.0,1.0,11.0,19.0,6.0,3.0,942.64,1169.64,0.035,1.72,2023.0,0.7889999999999999,295.98,0.8506000000000005,457.78,0,0,X,0,0,1,1,0.24890088700347088,0.7510991129965291,0.3333333333333333,0.6666666666666667,0.16666666666666666,0.8333333333333334,0.6666666666666666,0.33333333333333337,0.3926714073445129,0.6073285926554871,0.5,0.5,0.44626659344405095,0.553733406555949,0.019943019943019946,0.98005698005698,-1.3022,-0.13999999999999996,-3.0,-8.0,-161.79999999999995,-0.06160000000000054,0.0,-8.0,3.0,-227.0000000000001,-1.685,-227.0000000000001,0.21303672061053072,1
2023-11-21,Santo Tomé y Príncipe,Namibia,0-2,,,0.5571999999999999,1.2113999999999998,0.42,0.58,1.0,2.0,1.0,8.0,1.0,1.0,18.0,22.0,0.0,1.0,897.69,1172.41,0.066,0.09,2023.0,0.7117999999999999,217.24,0.7846,347.42,0,2,2,-2,0,0,3,0.3150514531267669,0.684948546873233,0.3333333333333333,0.6666666666666667,0.1111111111111111,0.8888888888888888,0.0,1.0,0.3847270924095916,0.6152729075904084,0.0,1.0,0.4336457175981836,0.5663542824018164,0.4230769230769231,0.5769230769230769,-0.6541999999999999,-0.15999999999999998,-1.0,-7.0,-130.18,-0.07280000000000009,0.0,-4.0,-1.0,-274.72,-0.023999999999999994,-274.72,0.17059511433654082,1
2023-11-21,Libia,Camerún,1-1,,,0.7572,1.2486,0.49,0.51,2.0,3.0,1.0,0.0,2.0,3.0,11.0,21.0,2.0,1.0,1137.64,1466.98,0.533,8.28,2023.0,0.8012,348.7,0.8297999999999999,370.04,1,1,X,0,0,1,1,0.37750523481902487,0.6224947651809751,0.4,0.6,1.0,0.0,0.6666666666666666,0.33333333333333337,0.48515457606366696,0.514845423936333,0.5,0.5,0.4367777257335044,0.5632222742664956,0.06047883808010894,0.9395211619198911,-0.49139999999999995,-0.020000000000000018,-1.0,1.0,-21.340000000000032,-0.028599999999999848,-1.0,-10.0,1.0,-329.3399999999999,-7.746999999999999,-329.3399999999999,0.13058077433530502,2
2023-11-21,Togo,Senegal,0-0,,,0.8002000000000001,1.1311999999999995,0.53,0.47,3.0,3.0,1.0,5.0,2.0,2.0,12.0,14.0,3.0,3.0,1158.24,1600.82,1.11,18.39,2023.0,0.8062,363.7,0.8126000000000002,319.2,0,0,X,0,0,1,1,0.41431086258672484,0.5856891374132751,0.5,0.5,0.16666666666666666,0.8333333333333334,0.5,0.5,0.5325816371357446,0.4674183628642554,0.5,0.5,0.4197951476227411,0.5802048523772589,0.05692307692307693,0.943076923076923,-0.3309999999999994,0.06000000000000005,0.0,-4.0,44.5,-0.006400000000000183,0.0,-2.0,0.0,-442.5799999999999,-17.28,-442.5799999999999,0.07258147142113398,3
2023-11-21,Bahréin,Emiratos Árabes Unidos,0-2,,,1.0247999999999997,1.08,0.58,0.42,2.0,3.0,9.0,0.0,3.0,2.0,13.0,14.0,1.0,2.0,1281.46,1348.87,0.256,1.21,2023.0,0.8486000000000001,447.86,0.7972000000000001,307.08,0,2,2,-2,0,0,3,0.4868871151653362,0.5131128848346638,0.4,0.6,1.0,0.0,0.3333333333333333,0.6666666666666667,0.593239197817045,0.40676080218295496,0.0,1.0,0.4871860184843727,0.5128139815156273,0.17462482946793997,0.82537517053206,-0.05520000000000036,0.15999999999999998,-1.0,9.0,140.78000000000003,0.0514,1.0,-1.0,-1.0,-67.40999999999985,-0.954,-67.40999999999985,0.40418846045063145,0
2023-11-21,Siria,Japón,0-5,,,0.53,3.41,0.29,0.71,0.0,8.0,1.0,5.0,1.38,1.02,8.0,10.0,3.0,0.0,1239.37,1612.99,0.317,10.42,2023.0,0.69,181.0,0.89,566.0,0,5,2,-5,0,0,3,0.13451776649746192,0.8654822335025381,0.0,1.0,0.16666666666666666,0.8333333333333334,1.0,0.0,0.24230254350736277,0.7576974564926372,0.0,1.0,0.4345068644911582,0.5654931355088417,0.02952407562633883,0.9704759243736611,-2.88,-0.42,-8.0,-4.0,-385.0,-0.20000000000000007,0.3599999999999999,-2.0,3.0,-373.6200000000001,-10.103,-373.6200000000001,0.10426306386595709,2
2023-11-21,Palestina,Australia,0-1,,,0.55,0.66,0.45,0.55,3.0,5.0,6.0,4.0,1.0,1.0,15.0,16.0,4.0,3.0,1224.05,1531.25,0.343,2.98,2023.0,0.8127999999999997,323.64,0.8642000000000002,444.36,0,1,2,-1,0,0,3,0.4545454545454546,0.5454545454545454,0.375,0.625,0.6,0.4,0.5714285714285714,0.4285714285714286,0.42140625,0.57859375,0.0,1.0,0.44425289442166005,0.55574710557834,0.1032199819440265,0.8967800180559735,-0.10999999999999999,-0.10000000000000003,-2.0,2.0,-120.72000000000003,-0.051400000000000445,0.0,-1.0,1.0,-307.20000000000005,-2.637,-307.20000000000005,0.14574324118937038,2
2023-11-21,India,Catar,0-3,,,0.5,2.46,0.46,0.54,0.0,7.0,3.0,11.0,1.0,0.0,14.0,7.0,4.0,0.0,1198.84,1394.16,0.182,0.766,2023.0,0.74,268.0,0.8,331.0,0,3,2,-3,0,0,3,0.16891891891891891,0.8310810810810811,0.0,1.0,0.21428571428571427,0.7857142857142857,1.0,0.0,0.44741235392320533,0.5525876460767947,0.0,1.0,0.46233706131893554,0.5376629386810645,0.1919831223628692,0.8080168776371308,-1.96,-0.08000000000000002,-7.0,-8.0,-63.0,-0.06000000000000005,1.0,7.0,4.0,-195.32000000000016,-0.5840000000000001,-195.32000000000016,0.24520486913416234,1
2023-11-21,Sudán del Sur,Mauritania,0-0,,,0.6928,1.018,0.46,0.54,2.0,4.0,1.0,3.0,1.0,0.0,12.0,13.0,4.0,2.0,986.56,1208.99,0.064,1.01,2023.0,0.7706000000000002,294.2,0.8142,390.08,0,0,X,0,0,1,1,0.4049567453822773,0.5950432546177227,0.3333333333333333,0.6666666666666667,0.25,0.75,0.6666666666666666,0.33333333333333337,0.4299409598410008,0.5700590401589992,0.5,0.5,0.44934526656190926,0.5506547334380907,0.0595903165735568,0.9404096834264432,-0.32520000000000004,-0.08000000000000002,-2.0,-2.0,-95.88,-0.04359999999999986,1.0,-1.0,2.0,-222.43000000000006,-0.946,-222.43000000000006,0.21748043963753175,1
2024-01-12,Catar,Líbano,3-0,,,1.82,0.33,0.61,0.39,5.0,5.0,4.0,3.0,2.0,2.0,9.0,9.0,5.0,2.0,1407.3,1192.58,0.766,0.241,2024.0,0.82,400.0,0.71,218.0,3,0,1,3,1,3,0,0.8465116279069768,0.15348837209302324,0.5,0.5,0.5714285714285714,0.4285714285714286,0.7142857142857143,0.2857142857142857,0.6472491909385113,0.3527508090614887,1.0,0.0,0.5412942135790882,0.45870578642091175,0.7606752730883812,0.23932472691161877,1.49,0.21999999999999997,0.0,1.0,182.0,0.10999999999999999,0.0,0.0,3.0,214.72000000000003,0.525,214.72000000000003,0.7748718173267037,-1
2024-01-13,China,Tayikistán,0-0,,,1.39,1.03,0.49,0.51,2.0,2.0,4.0,4.0,1.0,2.0,20.0,12.0,2.0,2.0,1299.49,1195.07,0.551,0.324,2024.0,0.74,295.0,0.74,317.0,0,0,X,0,0,1,1,0.5743801652892562,0.4256198347107438,0.5,0.5,0.5,0.5,0.5,0.5,0.4820261437908497,0.5179738562091503,0.5,0.5,0.5209295426848823,0.47907045731511766,0.6297142857142858,0.3702857142857142,0.3599999999999999,-0.020000000000000018,0.0,0.0,-22.0,0.0,-1.0,8.0,0.0,104.42000000000007,0.22700000000000004,104.42000000000007,0.6459056045064622,0
2024-01-13,Uzbekistán,Siria,0-0,,,0.42,0.14,0.65,0.35,2.0,0.0,5.0,2.0,1.0,1.0,12.0,11.0,0.0,2.0,1345.26,1245.27,3.28,0.317,2024.0,0.85,509.0,0.72,232.0,0,0,X,0,0,1,1,0.7499999999999999,0.2500000000000001,1.0,0.0,0.7142857142857143,0.2857142857142857,0.0,1.0,0.6869095816464238,0.3130904183535762,0.5,0.5,0.5192991395583144,0.4807008604416856,0.9118710036141229,0.08812899638587712,0.27999999999999997,0.30000000000000004,2.0,3.0,277.0,0.13,0.0,1.0,-2.0,99.99000000000001,2.9629999999999996,99.99000000000001,0.6400517378537411,0
2024-01-13,Australia,India,2-0,,,2.05,0.2,0.71,0.29,6.0,1.0,14.0,0.0,0.0,1.0,7.0,16.0,1.0,4.0,1539.22,1200.8,2.98,0.182,2024.0,0.89,614.0,0.69,199.0,2,0,1,2,1,3,0,0.911111111111111,0.08888888888888902,0.8571428571428571,0.1428571428571429,1.0,0.0,0.2,0.8,0.7552275522755227,0.24477244772447726,1.0,0.0,0.5617550236859585,0.43824497631404147,0.9424414927261228,0.057558507273877235,1.8499999999999999,0.42,5.0,14.0,415.0,0.20000000000000007,-1.0,-9.0,-3.0,338.4200000000001,2.798,338.4200000000001,0.8752395495925247,-2
2024-01-14,Japón,Vietnam,4-2,,,1.33,0.94,0.58,0.42,7.0,3.0,3.0,1.0,1.0,0.0,13.0,7.0,1.0,3.0,1620.19,1235.58,10.42,0.277,2024.0,0.86,640.0,0.81,434.0,4,2,1,2,1,3,0,0.5859030837004405,0.41409691629955947,0.7,0.30000000000000004,0.75,0.25,0.25,0.75,0.595903165735568,0.404096834264432,0.6666666666666666,0.33333333333333337,0.5673391064406448,0.4326608935593552,0.974104889221277,0.025895110778722974,0.3900000000000001,0.15999999999999998,4.0,2.0,206.0,0.04999999999999993,1.0,6.0,-2.0,384.6100000000001,10.143,384.6100000000001,0.9014990797918164,-2
2024-01-14,Emiratos Árabes Unidos,Hong Kong,3-1,,,3.48,1.06,0.71,0.29,7.0,5.0,5.0,4.0,1.0,2.0,7.0,21.0,4.0,4.0,1364.46,1042.93,1.21,0.16,2024.0,0.79,408.0,0.53,105.0,3,1,1,2,1,3,0,0.7665198237885462,0.23348017621145378,0.5833333333333334,0.41666666666666663,0.5555555555555556,0.4444444444444444,0.5,0.5,0.7953216374269005,0.20467836257309946,0.75,0.25,0.5667797905615625,0.43322020943843753,0.8832116788321168,0.11678832116788318,2.42,0.42,2.0,1.0,303.0,0.26,-1.0,-14.0,0.0,321.53,1.05,321.53,0.8642298595371438,-2
2024-01-14,Irán,Palestina,4-1,,,1.79,0.44,0.62,0.38,5.0,3.0,3.0,2.0,1.0,6.0,11.0,21.0,2.0,1.0,1565.08,1217.6,1.23,0.343,2024.0,0.85,488.0,0.74,261.0,4,1,1,3,1,3,0,0.8026905829596412,0.19730941704035876,0.625,0.375,0.6,0.4,0.6666666666666666,0.33333333333333337,0.6515353805073432,0.34846461949265684,0.8,0.19999999999999996,0.5624362125720529,0.4375637874279471,0.7819453273998729,0.21805467260012712,1.35,0.24,2.0,1.0,227.0,0.10999999999999999,-5.0,-10.0,1.0,347.48,0.887,347.48,0.8808239191043151,-2
2024-01-15,Corea del Sur,Bahréin,3-1,,,2.24,1.22,0.71,0.29,5.0,2.0,4.0,1.0,5.0,2.0,17.0,8.0,1.0,2.0,1550.65,1277.29,5.35,0.256,2024.0,0.88,582.0,0.67,185.0,3,1,1,2,1,3,0,0.647398843930636,0.35260115606936404,0.7142857142857143,0.2857142857142857,0.8,0.19999999999999996,0.3333333333333333,0.6666666666666667,0.758800521512386,0.24119947848761403,0.75,0.25,0.548332001386168,0.451667998613832,0.9543346414555832,0.04566535854441678,1.0200000000000002,0.42,3.0,3.0,397.0,0.20999999999999996,3.0,9.0,-1.0,273.3600000000001,5.093999999999999,273.3600000000001,0.8282943129886494,-2
2024-01-15,Indonesia,Irak,1-3,,,1.16,3.34,0.34,0.66,1.0,5.0,4.0,4.0,2.0,0.0,13.0,4.0,2.0,0.0,1064.01,1365.98,0.85,0.815,2024.0,0.71,222.0,0.86,507.0,1,3,2,-2,0,0,3,0.2577777777777778,0.7422222222222222,0.16666666666666666,0.8333333333333334,0.5,0.5,1.0,0.0,0.3045267489711934,0.6954732510288066,0.25,0.75,0.4378659994485574,0.5621340005514426,0.5105105105105104,0.48948948948948956,-2.1799999999999997,-0.32,-4.0,0.0,-285.0,-0.15000000000000002,2.0,9.0,2.0,-301.97,0.03500000000000003,-301.97,0.1495316589403395,2
2024-01-15,Malasia,Jordania,0-4,,,0.53,2.45,0.52,0.48,3.0,8.0,4.0,3.0,0.0,1.0,5.0,15.0,4.0,3.0,1122.87,1272.63,0.271,0.781,2024.0,0.81,343.0,0.74,294.0,0,4,2,-4,0,0,3,0.17785234899328858,0.8221476510067114,0.2727272727272727,0.7272727272727273,0.5714285714285714,0.4285714285714286,0.5714285714285714,0.4285714285714286,0.5384615384615384,0.46153846153846156,0.0,1.0,0.46874139010644955,0.5312586098935504,0.2576045627376426,0.7423954372623573,-1.9200000000000002,0.040000000000000036,-5.0,1.0,49.0,0.07000000000000006,-1.0,-10.0,1.0,-149.76000000000022,-0.51,-149.76000000000022,0.2969033167659968,1
2024-01-16,Tailandia,Kirguistán,2-0,,,2.2,1.35,0.45,0.55,4.0,3.0,3.0,2.0,3.0,2.0,15.0,11.0,3.0,2.0,1176.75,1224.14,0.273,0.271,2024.0,0.76,307.0,0.8,403.0,2,0,1,2,1,3,0,0.6197183098591549,0.3802816901408451,0.5714285714285714,0.4285714285714286,0.6,0.4,0.6,0.4,0.4323943661971831,0.5676056338028169,1.0,0.0,0.49013074318273636,0.5098692568172636,0.5018382352941176,0.49816176470588236,0.8500000000000001,-0.10000000000000003,1.0,1.0,-96.0,-0.040000000000000036,1.0,4.0,1.0,-47.3900000000001,0.0020000000000000018,-47.3900000000001,0.4322201307966336,0
2024-01-16,Arabia Saudí,Omán,2-1,,,1.1,0.96,0.65,0.35,4.0,2.0,6.0,0.0,1.0,0.0,4.0,8.0,1.0,2.0,1421.06,1324.89,1.56,0.297,2024.0,0.87,559.0,0.76,272.0,2,1,1,1,1,3,0,0.5339805825242718,0.46601941747572817,0.6666666666666666,0.33333333333333337,1.0,0.0,0.3333333333333333,0.6666666666666667,0.6726835138387485,0.32731648616125153,0.6666666666666666,0.33333333333333337,0.5175112438318251,0.4824887561681749,0.840064620355412,0.15993537964458804,0.14000000000000012,0.30000000000000004,2.0,6.0,287.0,0.10999999999999999,1.0,-4.0,-1.0,96.16999999999985,1.2630000000000001,96.16999999999985,0.6349701875789544,-1
2024-01-17,Tayikistán,Catar,0-1,,,0.18,2.07,0.4,0.6,3.0,6.0,7.0,3.0,3.0,3.0,22.0,19.0,5.0,3.0,1195.07,1407.3,0.324,0.766,2024.0,0.64,203.0,0.8,386.0,0,1,2,-1,0,0,3,0.08,0.92,0.3333333333333333,0.6666666666666667,0.7,0.30000000000000004,0.625,0.375,0.34465195246179964,0.6553480475382003,0.0,1.0,0.4592237076203614,0.5407762923796386,0.2972477064220183,0.7027522935779817,-1.89,-0.19999999999999996,-3.0,4.0,-183.0,-0.16000000000000003,0.0,3.0,2.0,-212.23000000000002,-0.442,-212.23000000000002,0.22763846036948493,1
2024-01-17,Líbano,China,0-0,,,0.64,1.4,0.4,0.6,5.0,7.0,3.0,8.0,0.0,1.0,14.0,8.0,7.0,5.0,1192.58,1299.49,0.241,0.551,2024.0,0.7,219.0,0.76,348.0,0,0,X,0,0,1,1,0.3137254901960784,0.6862745098039216,0.4166666666666667,0.5833333333333333,0.2727272727272727,0.7272727272727273,0.5833333333333334,0.41666666666666663,0.3862433862433862,0.6137566137566137,0.5,0.5,0.47854996047462556,0.5214500395253745,0.3042929292929293,0.6957070707070707,-0.7599999999999999,-0.19999999999999996,-2.0,-5.0,-129.0,-0.06000000000000005,-1.0,6.0,2.0,-106.91000000000008,-0.31000000000000005,-106.91000000000008,0.3508230349113474,0
2024-01-18,India,Uzbekistán,0-3,,,0.73,2.94,0.52,0.48,3.0,7.0,4.0,1.0,2.0,1.16,8.0,18.0,4.0,3.0,1200.8,1345.26,0.182,3.28,2024.0,0.82,429.0,0.81,393.0,0,3,2,-3,0,0,3,0.1989100817438692,0.8010899182561309,0.3,0.7,0.8,0.19999999999999996,0.5714285714285714,0.4285714285714286,0.5218978102189781,0.4781021897810219,0.0,1.0,0.47163067641768064,0.5283693235823194,0.05257076834199885,0.9474292316580012,-2.21,0.040000000000000036,-4.0,3.0,36.0,0.009999999999999898,0.8400000000000001,-10.0,1.0,-144.46000000000004,-3.098,-144.46000000000004,0.3033113856682468,0
2024-01-18,Palestina,Emiratos Árabes Unidos,1-1,,,2.57,0.69,0.65,0.35,7.0,2.0,16.0,1.0,1.0,1.0,11.0,7.0,1.0,6.0,1217.6,1364.46,0.343,1.21,2024.0,0.85,445.0,0.7,220.0,1,1,X,0,0,1,1,0.7883435582822086,0.2116564417177914,0.7777777777777778,0.2222222222222222,0.9411764705882353,0.05882352941176472,0.14285714285714285,0.8571428571428572,0.6691729323308271,0.3308270676691729,0.5,0.5,0.4715614664260319,0.5284385335739681,0.22086284610431425,0.7791371538956857,1.88,0.30000000000000004,5.0,15.0,225.0,0.15000000000000002,0.0,4.0,-5.0,-146.86000000000013,-0.867,-146.86000000000013,0.30039993828902606,1
2024-01-18,Siria,Australia,0-1,,,0.24,0.8,0.37,0.63,1.0,1.0,1.0,4.0,0.0,2.0,12.0,7.0,0.0,1.0,1245.27,1539.22,0.317,2.98,2024.0,0.71,267.0,0.84,527.0,0,1,2,-1,0,0,3,0.23076923076923075,0.7692307692307693,0.5,0.5,0.2,0.8,0.0,1.0,0.336272040302267,0.663727959697733,0.0,1.0,0.4472165459383945,0.5527834540616055,0.09614801334546558,0.9038519866545345,-0.56,-0.26,0.0,-3.0,-260.0,-0.13,-2.0,5.0,-1.0,-293.95000000000005,-2.663,-293.95000000000005,0.1554982645405259,2
2024-01-19,Hong Kong,Irán,0-1,,,0.41,0.96,0.3,0.7,2.0,4.0,2.0,5.0,2.0,0.0,12.0,12.0,3.0,2.0,1042.93,1565.08,0.16,1.23,2024.0,0.44,93.0,0.79,402.0,0,1,2,-1,0,0,3,0.29927007299270075,0.7007299270072993,0.3333333333333333,0.6666666666666667,0.2857142857142857,0.7142857142857143,0.6,0.4,0.18787878787878787,0.8121212121212121,0.0,1.0,0.39989493905314777,0.6001050609468522,0.11510791366906475,0.8848920863309353,-0.55,-0.39999999999999997,-2.0,-3.0,-309.0,-0.35000000000000003,2.0,0.0,1.0,-522.1499999999999,-1.07,-522.1499999999999,0.0471673658722184,3
2024-01-19,Vietnam,Indonesia,0-1,,,1.13,1.41,0.57,0.43,3.0,5.0,6.0,4.0,2.0,2.0,8.0,24.0,4.0,3.0,1235.58,1064.01,0.277,0.85,2024.0,0.75,364.0,0.74,267.0,0,1,2,-1,0,0,3,0.44488188976377946,0.5551181102362206,0.375,0.625,0.6,0.4,0.5714285714285714,0.4285714285714286,0.5768621236133122,0.42313787638668776,0.0,1.0,0.5373044760152896,0.46269552398471037,0.24578527062999114,0.7542147293700089,-0.28,0.13999999999999996,-2.0,2.0,97.0,0.010000000000000009,0.0,-16.0,1.0,171.56999999999994,-0.573,171.56999999999994,0.7286207967894033,-1
2024-01-19,Irak,Japón,2-1,,,0.66,1.59,0.27,0.73,3.0,2.0,1.0,13.0,1.0,1.0,11.0,14.0,1.0,1.0,1365.98,1620.19,0.815,10.42,2024.0,0.59,138.0,0.81,485.0,2,1,1,1,1,3,0,0.29333333333333333,0.7066666666666667,0.6,0.4,0.07142857142857142,0.9285714285714286,0.5,0.5,0.22150882825040127,0.7784911717495987,0.6666666666666666,0.33333333333333337,0.45743544406380077,0.5425645559361992,0.07254116599910992,0.92745883400089,-0.93,-0.45999999999999996,1.0,-12.0,-347.0,-0.22000000000000008,0.0,-3.0,0.0,-254.21000000000004,-9.605,-254.21000000000004,0.18795542638844676,1
2024-01-20,Bahréin,Malasia,1-0,,,0.8,0.21,0.66,0.34,3.0,1.0,7.0,1.0,1.0,2.0,11.0,19.0,1.0,2.0,1277.29,1122.87,0.256,0.271,2024.0,0.82,442.0,0.67,182.0,1,0,1,1,1,3,0,0.7920792079207921,0.20792079207920788,0.75,0.25,0.875,0.125,0.3333333333333333,0.6666666666666667,0.7083333333333334,0.29166666666666663,1.0,0.0,0.5321686887540831,0.4678313112459169,0.4857685009487666,0.5142314990512333,0.5900000000000001,0.32,2.0,6.0,260.0,0.1499999999999999,-1.0,-8.0,-1.0,154.42000000000007,-0.015000000000000013,154.42000000000007,0.7086657978698834,-1
2024-01-20,Jordania,Corea del Sur,2-2,,,0.23,2.75,0.34,0.66,4.0,7.0,6.0,3.0,3.0,2.0,16.0,10.0,5.0,2.0,1272.63,1550.65,0.781,5.35,2024.0,0.71,221.0,0.87,523.0,2,2,X,0,0,1,1,0.07718120805369127,0.9228187919463087,0.36363636363636365,0.6363636363636364,0.6666666666666666,0.33333333333333337,0.7142857142857143,0.2857142857142857,0.2970430107526882,0.7029569892473118,0.5,0.5,0.45076294239324477,0.5492370576067552,0.12738541836568262,0.8726145816343174,-2.52,-0.32,-3.0,3.0,-302.0,-0.16000000000000003,1.0,6.0,3.0,-278.02,-4.569,-278.02,0.16792407235296494,2
2024-01-21,Kirguistán,Arabia Saudí,0-2,,,0.0,1.9,0.25,0.75,0.0,7.0,0.0,8.0,2.0,1.0,14.0,15.0,5.0,0.0,1224.14,1421.06,0.271,1.56,2024.0,0.65,137.0,0.87,545.0,0,2,2,-2,0,0,3,0.0,1.0,0.0,1.0,0.0,1.0,1.0,0.0,0.20087976539589442,0.7991202346041055,0.0,1.0,0.46277786178738856,0.5372221382126114,0.14800655379574004,0.85199344620426,-1.9,-0.5,-7.0,-8.0,-408.0,-0.21999999999999997,1.0,-1.0,5.0,-196.91999999999985,-1.2890000000000001,-196.91999999999985,0.24350422748679093,1
2024-01-21,Omán,Tailandia,0-0,,,0.5,0.56,0.7,0.3,1.0,2.0,7.0,4.0,0.0,1.0,9.0,18.0,2.0,1.0,1324.89,1176.75,0.297,0.273,2024.0,0.86,539.0,0.7,187.0,0,0,X,0,0,1,1,0.4716981132075471,0.5283018867924529,0.3333333333333333,0.6666666666666667,0.6363636363636364,0.36363636363636365,0.6666666666666666,0.33333333333333337,0.7424242424242424,0.25757575757575757,0.5,0.5,0.5296085767736365,0.4703914232263635,0.5210526315789473,0.4789473684210527,-0.06000000000000005,0.39999999999999997,-1.0,3.0,352.0,0.16000000000000003,-1.0,-9.0,1.0,148.1400000000001,0.023999999999999966,148.1400000000001,0.7011462954033438,0
2024-01-22,Tayikistán,Líbano,2-1,,,0.8,0.87,0.68,0.32,4.0,6.0,6.0,5.0,3.0,2.0,14.0,18.0,5.0,2.0,1195.07,1192.58,0.324,0.241,2024.0,0.84,462.0,0.63,158.0,2,1,1,1,1,3,0,0.4790419161676647,0.5209580838323353,0.4,0.6,0.5454545454545454,0.4545454545454546,0.7142857142857143,0.2857142857142857,0.7451612903225806,0.2548387096774194,0.6666666666666666,0.33333333333333337,0.5005214332083848,0.4994785667916152,0.5734513274336284,0.42654867256637163,-0.06999999999999995,0.36000000000000004,-2.0,1.0,304.0,0.20999999999999996,1.0,-4.0,3.0,2.490000000000009,0.08300000000000002,2.490000000000009,0.5035833367009146,0
2024-01-22,Catar,China,1-0,,,0.29,0.57,0.59,0.41,1.0,1.0,6.0,6.0,3.0,0.0,8.0,12.0,1.0,0.0,1407.3,1299.49,0.766,0.551,2024.0,0.83,389.0,0.7,219.0,1,0,1,1,1,3,0,0.33720930232558144,0.6627906976744186,0.5,0.5,0.5,0.5,1.0,0.0,0.6398026315789473,0.36019736842105265,1.0,0.0,0.5199147329493606,0.48008526705063936,0.5816249050873196,0.41837509491268043,-0.27999999999999997,0.18,0.0,0.0,170.0,0.13,3.0,-4.0,1.0,107.80999999999995,0.21499999999999997,107.80999999999995,0.6503559626861639,-1
2024-01-23,Siria,India,1-0,,,0.86,0.22,0.52,0.48,4.0,1.0,9.0,3.0,2.0,2.0,10.0,18.0,1.0,3.0,1245.27,1200.8,0.317,0.182,2024.0,0.71,251.0,0.71,239.0,1,0,1,1,1,3,0,0.7962962962962963,0.20370370370370372,0.8,0.19999999999999996,0.75,0.25,0.25,0.75,0.5122448979591837,0.4877551020408163,1.0,0.0,0.5090900914528202,0.49090990854717975,0.6352705410821643,0.3647294589178357,0.64,0.040000000000000036,3.0,6.0,12.0,0.0,0.0,-8.0,-2.0,44.47000000000003,0.135,44.47000000000003,0.5636502655833308,0
2024-01-23,Australia,Uzbekistán,1-1,,,1.21,0.58,0.56,0.44,1.0,1.0,3.0,0.0,2.0,3.0,10.0,9.0,0.0,0.0,1539.22,1345.26,2.98,3.28,2024.0,0.82,468.0,0.78,363.0,1,1,X,0,0,1,1,0.6759776536312849,0.3240223463687151,0.5,0.5,1.0,0.0,0.5,0.5,0.5631768953068592,0.4368231046931408,0.5,0.5,0.5336213112935434,0.4663786887064566,0.476038338658147,0.523961661341853,0.63,0.12000000000000005,0.0,3.0,105.0,0.039999999999999925,-1.0,1.0,0.0,193.96000000000004,-0.2999999999999998,193.96000000000004,0.753343294295783,-2
2024-01-23,Irán,Emiratos Árabes Unidos,2-1,,,2.23,1.14,0.6,0.4,2.0,5.0,7.0,0.0,2.0,2.0,14.0,13.0,4.0,0.0,1565.08,1364.46,1.23,1.21,2024.0,0.86,486.0,0.8,301.0,2,1,1,1,1,3,0,0.6617210682492581,0.33827893175074186,0.2857142857142857,0.7142857142857143,1.0,0.0,1.0,0.0,0.6175349428208387,0.38246505717916135,0.6666666666666666,0.33333333333333337,0.5342408705803642,0.4657591294196358,0.5040983606557377,0.49590163934426235,1.09,0.19999999999999996,-3.0,7.0,185.0,0.05999999999999994,0.0,1.0,4.0,200.6199999999999,0.020000000000000018,200.6199999999999,0.7603977788955404,-1
2024-01-23,Hong Kong,Palestina,0-3,,,1.22,2.44,0.33,0.67,1.0,7.0,4.0,1.0,2.0,0.0,9.0,11.0,4.0,1.0,1042.93,1217.6,0.16,0.343,2024.0,0.52,131.0,0.77,400.0,0,3,2,-3,0,0,3,0.3333333333333333,0.6666666666666667,0.125,0.875,0.8,0.19999999999999996,0.8,0.19999999999999996,0.24670433145009416,0.7532956685499058,0.0,1.0,0.4613652550508067,0.5386347449491933,0.31809145129224653,0.6819085487077534,-1.22,-0.34,-6.0,3.0,-269.0,-0.25,2.0,-2.0,3.0,-174.66999999999985,-0.18300000000000002,-174.66999999999985,0.26786508932000785,1
2024-01-24,Irak,Vietnam,3-2,,,2.6,0.59,0.63,0.37,4.0,4.0,5.0,1.0,1.0,4.0,15.0,20.0,2.0,1.0,1365.98,1235.58,0.815,0.277,2024.0,0.88,491.0,0.76,249.0,3,2,1,1,1,3,0,0.8150470219435737,0.1849529780564263,0.5,0.5,0.8333333333333334,0.16666666666666663,0.6666666666666666,0.33333333333333337,0.6635135135135135,0.3364864864864865,0.6,0.4,0.5250618859453559,0.47493811405464414,0.7463369963369962,0.25366300366300376,2.0100000000000002,0.26,0.0,4.0,242.0,0.12,-3.0,-5.0,1.0,130.4000000000001,0.5379999999999999,130.4000000000001,0.6793187329406895,-1
2024-01-24,Japón,Indonesia,3-1,,,2.67,0.28,0.71,0.29,2.0,1.0,4.0,1.0,2.0,3.0,15.0,13.0,0.0,0.0,1620.19,1064.01,10.42,0.85,2024.0,0.85,566.0,0.64,172.0,3,1,1,2,1,3,0,0.9050847457627118,0.0949152542372882,0.6666666666666666,0.33333333333333337,0.8,0.19999999999999996,0.5,0.5,0.7669376693766937,0.23306233062330628,0.75,0.25,0.6036025631473065,0.39639743685269346,0.9245785270629991,0.07542147293700086,2.3899999999999997,0.42,1.0,3.0,394.0,0.20999999999999996,-1.0,2.0,0.0,556.1800000000001,9.57,556.1800000000001,0.9608955499854646,-3
2024-01-25,Jordania,Bahréin,0-1,,,0.46,1.01,0.6,0.4,3.0,4.0,4.0,2.0,2.0,0.0,15.0,8.0,3.0,3.0,1272.63,1277.29,0.781,0.256,2024.0,0.88,593.0,0.84,379.0,0,1,2,-1,0,0,3,0.3129251700680272,0.6870748299319728,0.42857142857142855,0.5714285714285714,0.6666666666666666,0.33333333333333337,0.5,0.5,0.6100823045267489,0.38991769547325106,0.0,1.0,0.49908624584300687,0.5009137541569931,0.7531340405014466,0.2468659594985534,-0.55,0.19999999999999996,-1.0,2.0,214.0,0.040000000000000036,2.0,7.0,0.0,-4.6599999999998545,0.525,-4.6599999999998545,0.4932941230335818,0
2024-01-25,Arabia Saudí,Tailandia,0-0,,,2.62,0.18,0.69,0.31,7.0,0.0,11.0,5.0,1.0,0.0,6.0,4.0,0.0,7.0,1421.06,1176.75,1.56,0.273,2024.0,0.9,612.0,0.73,221.0,0,0,X,0,0,1,1,0.9357142857142856,0.06428571428571439,1.0,0.0,0.6875,0.3125,0.0,1.0,0.7346938775510204,0.26530612244897955,0.5,0.5,0.5470222995523152,0.4529777004476848,0.8510638297872339,0.14893617021276606,2.44,0.37999999999999995,7.0,6.0,391.0,0.17000000000000004,1.0,2.0,-7.0,244.30999999999995,1.287,244.30999999999995,0.803191408111613,-1
2024-01-25,Kirguistán,Omán,1-1,,,0.58,1.79,0.43,0.57,2.0,4.0,3.0,12.0,2.0,2.0,13.0,6.0,3.0,1.0,1224.14,1324.89,0.271,0.297,2024.0,0.75,260.0,0.82,368.0,1,1,X,0,0,1,1,0.24472573839662445,0.7552742616033755,0.3333333333333333,0.6666666666666667,0.2,0.8,0.75,0.25,0.4140127388535032,0.5859872611464968,0.5,0.5,0.4802375805698638,0.5197624194301362,0.477112676056338,0.522887323943662,-1.21,-0.13999999999999996,-2.0,-9.0,-108.0,-0.06999999999999995,0.0,7.0,2.0,-100.75,-0.025999999999999968,-100.75,0.35894096467712316,0
2024-01-25,Corea del Sur,Malasia,3-3,,,1.74,1.26,0.81,0.19,7.0,4.0,20.0,0.0,1.0,0.0,5.0,13.0,1.0,4.0,1550.65,1122.87,5.35,0.271,2024.0,0.89,750.0,0.57,113.0,3,3,X,0,0,1,1,0.58,0.42000000000000004,0.6363636363636364,0.36363636363636365,1.0,0.0,0.2,0.8,0.8690614136732329,0.13093858632676714,0.5,0.5,0.5800031419252522,0.41999685807474785,0.951787938089308,0.04821206191069205,0.48,0.6200000000000001,3.0,20.0,637.0,0.32000000000000006,1.0,-8.0,-3.0,427.7800000000002,5.079,427.7800000000002,0.9214707326093401,-3
2024-01-28,Tayikistán,Emiratos Árabes Unidos,1-1,1-1,2-1,2.42,1.46,0.34,0.66,6.0,6.0,9.0,12.0,1.0,2.0,15.0,14.0,5.0,5.0,1195.07,1364.46,0.324,1.21,2024.0,0.69,274.0,0.83,642.0,1,1,X,0,0,1,1,0.6237113402061856,0.37628865979381443,0.5,0.5,0.42857142857142855,0.5714285714285714,0.5,0.5,0.29912663755458513,0.7008733624454149,0.5,0.5,0.4669099404968881,0.5330900595031118,0.21121251629726207,0.788787483702738,0.96,-0.32,0.0,-3.0,-368.0,-0.14,-1.0,1.0,0.0,-169.3900000000001,-0.8859999999999999,-169.3900000000001,0.27386767301557213,1
2024-01-28,Australia,Indonesia,4-0,,,2.03,0.34,0.51,0.49,4.0,1.0,5.0,1.0,2.0,4.0,10.0,11.0,1.0,1.0,1539.22,1064.01,2.98,0.85,2024.0,0.81,354.0,0.82,349.0,4,0,1,4,1,3,0,0.8565400843881857,0.14345991561181426,0.8,0.19999999999999996,0.8333333333333334,0.16666666666666663,0.5,0.5,0.5035561877667141,0.49644381223328593,1.0,0.0,0.5912731491262777,0.4087268508737223,0.7780678851174935,0.22193211488250653,1.6899999999999997,0.020000000000000018,3.0,4.0,5.0,-0.009999999999999898,-2.0,-1.0,0.0,475.21000000000004,2.13,475.21000000000004,0.9390908407593436,-3
2024-01-29,Catar,Palestina,2-1,,,1.06,0.62,0.6,0.4,3.0,5.0,4.0,6.0,0.0,3.0,11.0,15.0,4.0,1.0,1407.3,1217.6,0.766,0.343,2024.0,0.82,380.0,0.69,205.0,2,1,1,1,1,3,0,0.6309523809523809,0.36904761904761907,0.375,0.625,0.4,0.6,0.8,0.19999999999999996,0.6495726495726496,0.3504273504273504,0.6666666666666666,0.33333333333333337,0.5361347098937103,0.46386529010628974,0.6907123534715961,0.3092876465284039,0.44000000000000006,0.19999999999999996,-2.0,-2.0,175.0,0.13,-3.0,-4.0,3.0,189.70000000000005,0.423,189.70000000000005,0.7487583319509452,-1
2024-01-29,Irak,Jordania,2-3,,,0.49,2.19,0.57,0.43,5.0,8.0,8.0,7.0,2.0,3.0,4.0,5.0,5.0,3.0,1365.98,1272.63,0.815,0.781,2024.0,0.79,335.0,0.67,221.0,2,3,2,-1,0,0,3,0.18283582089552242,0.8171641791044776,0.38461538461538464,0.6153846153846154,0.5333333333333333,0.4666666666666667,0.625,0.375,0.6025179856115108,0.3974820143884892,0.4,0.6,0.5176892378941943,0.4823107621058057,0.5106516290726817,0.4893483709273183,-1.7,0.13999999999999996,-3.0,1.0,114.0,0.12,-1.0,-1.0,2.0,93.34999999999991,0.03399999999999992,93.34999999999991,0.6311994222767057,-1
2024-01-30,Arabia Saudí,Corea del Sur,1-1,1-1,1-2,1.2,2.42,0.42,0.58,4.0,8.0,5.0,11.0,3.0,2.0,11.0,13.0,7.0,3.0,1421.06,1550.65,1.56,5.35,2024.0,0.8,437.0,0.85,617.0,1,1,X,0,0,1,1,0.3314917127071823,0.6685082872928176,0.3333333333333333,0.6666666666666667,0.3125,0.6875,0.7,0.30000000000000004,0.4146110056925996,0.5853889943074004,0.5,0.5,0.47819605546974636,0.5218039445302536,0.22575976845151954,0.7742402315484804,-1.22,-0.15999999999999998,-4.0,-6.0,-180.0,-0.04999999999999993,1.0,-2.0,4.0,-129.59000000000015,-3.7899999999999996,-129.59000000000015,0.32169786770887376,1
2024-01-30,Uzbekistán,Tailandia,2-1,,,1.27,0.46,0.45,0.55,5.0,3.0,4.0,6.0,1.0,0.0,9.0,6.0,2.0,3.0,1345.26,1176.75,3.28,0.273,2024.0,0.78,377.0,0.81,486.0,2,1,1,1,1,3,0,0.7341040462427746,0.2658959537572254,0.625,0.375,0.4,0.6,0.4,0.6,0.43684820393974505,0.563151796060255,0.6666666666666666,0.33333333333333337,0.5334078770504478,0.4665921229495522,0.9231635237827188,0.07683647621728118,0.81,-0.10000000000000003,2.0,-2.0,-109.0,-0.030000000000000027,1.0,3.0,-1.0,168.51,3.0069999999999997,168.51,0.7251237901614866,0
2024-01-31,Bahréin,Japón,1-3,,,0.21,1.95,0.47,0.53,2.0,5.0,1.0,7.0,2.0,1.0,5.0,14.0,2.0,1.0,1277.29,1620.19,0.256,10.42,2024.0,0.77,346.0,0.81,417.0,1,3,2,-2,0,0,3,0.09722222222222221,0.9027777777777778,0.2857142857142857,0.7142857142857143,0.125,0.875,0.6666666666666666,0.33333333333333337,0.4534731323722149,0.546526867627785,0.25,0.75,0.4408278918232395,0.5591721081767604,0.02397901835893593,0.9760209816410641,-1.74,-0.06000000000000005,-3.0,-6.0,-71.0,-0.040000000000000036,1.0,-9.0,1.0,-342.9000000000001,-10.164,-342.9000000000001,0.12197156119273515,2
2024-01-31,Irán,Siria,1-1,1-1,2-1,2.42,1.21,0.57,0.43,12.0,4.0,7.0,2.0,6.0,2.0,11.0,8.0,3.0,11.0,1565.08,1245.27,1.23,0.317,2024.0,0.82,594.0,0.78,419.0,1,1,X,0,0,1,1,0.6666666666666666,0.33333333333333337,0.75,0.25,0.7777777777777778,0.2222222222222222,0.21428571428571427,0.7857142857142857,0.5863770977295163,0.4136229022704837,0.5,0.5,0.5568986069350792,0.4431013930649208,0.795087265675501,0.20491273432449897,1.21,0.13999999999999996,8.0,5.0,175.0,0.039999999999999925,4.0,3.0,-8.0,319.80999999999995,0.913,319.80999999999995,0.8630639009174158,-2
2024-02-02,Tayikistán,Jordania,0-1,,,0.63,0.68,0.51,0.49,2.0,2.0,3.0,6.0,1.0,3.0,13.0,11.0,2.0,2.0,1195.07,1272.63,0.324,0.781,2024.0,0.8,364.0,0.78,346.0,0,1,2,-1,0,0,3,0.4809160305343511,0.5190839694656488,0.5,0.5,0.3333333333333333,0.6666666666666667,0.5,0.5,0.5126760563380282,0.48732394366197185,0.0,1.0,0.4842849617052316,0.5157150382947684,0.29321266968325793,0.706787330316742,-0.050000000000000044,0.020000000000000018,0.0,-3.0,18.0,0.020000000000000018,-2.0,2.0,0.0,-77.56000000000017,-0.457,-77.56000000000017,0.39020008490640246,0
2024-02-02,Australia,Corea del Sur,1-1,1-2,,1.84,1.77,0.27,0.73,5.0,9.0,2.0,8.0,1.0,1.0,22.0,19.0,7.0,4.0,1539.22,1550.65,2.98,5.35,2024.0,0.68,250.0,0.88,887.0,1,1,X,0,0,1,1,0.5096952908587258,0.4903047091412742,0.35714285714285715,0.6428571428571428,0.2,0.8,0.6363636363636364,0.36363636363636365,0.2198768689533861,0.7801231310466139,0.5,0.5,0.4981504076223272,0.5018495923776728,0.3577430972388956,0.6422569027611045,0.07000000000000006,-0.45999999999999996,-4.0,-6.0,-637.0,-0.19999999999999996,0.0,3.0,3.0,-11.430000000000064,-2.3699999999999997,-11.430000000000064,0.4835568394063618,0
2024-02-03,Irán,Japón,2-1,,,1.75,0.85,0.42,0.58,4.0,2.0,3.0,3.0,0.0,2.0,15.0,12.0,1.0,2.0,1565.08,1620.19,1.23,10.42,2024.0,0.72,225.0,0.82,365.0,2,1,1,1,1,3,0,0.673076923076923,0.326923076923077,0.6666666666666666,0.33333333333333337,0.5,0.5,0.3333333333333333,0.6666666666666667,0.3813559322033898,0.6186440677966102,0.6666666666666666,0.33333333333333337,0.4913492419794868,0.5086507580205132,0.10557939914163089,0.894420600858369,0.9,-0.15999999999999998,2.0,0.0,-140.0,-0.09999999999999998,-2.0,3.0,-1.0,-55.11000000000013,-9.19,-55.11000000000013,0.4213488542904105,0
2024-02-03,Catar,Uzbekistán,1-1,1-1,2-1,0.34,0.61,0.55,0.45,3.0,4.0,4.0,9.0,4.0,2.0,16.0,25.0,3.0,2.0,1407.3,1345.26,0.766,3.28,2024.0,0.72,433.0,0.66,323.0,1,1,X,0,0,1,1,0.3578947368421053,0.6421052631578947,0.42857142857142855,0.5714285714285714,0.3076923076923077,0.6923076923076923,0.6,0.4,0.5727513227513228,0.4272486772486772,0.5,0.5,0.511269509111518,0.48873049088848197,0.18932278793870494,0.8106772120612951,-0.26999999999999996,0.10000000000000003,-1.0,-5.0,110.0,0.05999999999999994,2.0,-9.0,1.0,62.039999999999964,-2.514,62.039999999999964,0.5883457404639815,-1
2024-02-06,Jordania,Corea del Sur,2-0,,,1.79,0.69,0.3,0.7,7.0,0.0,5.0,6.0,2.0,3.0,4.0,11.0,0.0,5.0,1272.63,1550.65,0.781,5.35,2024.0,0.69,197.0,0.86,564.0,2,0,1,2,1,3,0,0.7217741935483871,0.2782258064516129,1.0,0.0,0.45454545454545453,0.5454545454545454,0.0,1.0,0.2588699080157687,0.7411300919842313,1.0,0.0,0.45076294239324477,0.5492370576067552,0.12738541836568262,0.8726145816343174,1.1,-0.39999999999999997,7.0,-1.0,-367.0,-0.17000000000000004,-1.0,-7.0,-5.0,-278.02,-4.569,-278.02,0.16792407235296494,2
2024-02-07,Irán,Catar,2-3,,,2.08,1.56,0.58,0.42,5.0,8.0,12.0,1.0,2.0,2.0,9.0,11.0,5.0,3.0,1565.08,1407.3,1.23,0.766,2024.0,0.6,203.0,0.55,143.0,2,3,2,-1,0,0,3,0.5714285714285714,0.4285714285714286,0.38461538461538464,0.6153846153846154,0.9230769230769231,0.07692307692307687,0.625,0.375,0.5867052023121387,0.41329479768786126,0.4,0.6,0.5265410210000067,0.47345897899999334,0.6162324649298597,0.3837675350701403,0.52,0.15999999999999998,-3.0,11.0,60.0,0.04999999999999993,0.0,-2.0,2.0,157.77999999999997,0.46399999999999997,157.77999999999997,0.7126428856010977,-1
2024-02-10,Jordania,Catar,1-3,,,1.45,2.82,0.57,0.43,6.0,7.0,7.0,6.0,4.0,2.0,14.0,15.0,4.0,5.0,1272.63,1407.3,0.781,0.766,2024.0,0.71,253.0,0.61,166.0,1,3,2,-2,0,0,3,0.33957845433255274,0.6604215456674473,0.46153846153846156,0.5384615384615384,0.5384615384615384,0.46153846153846156,0.4444444444444444,0.5555555555555556,0.60381861575179,0.39618138424821003,0.25,0.75,0.4748743437328587,0.5251256562671414,0.5048480930833872,0.4951519069166128,-1.3699999999999999,0.13999999999999996,-1.0,1.0,87.0,0.09999999999999998,2.0,-1.0,-1.0,-134.66999999999985,0.015000000000000013,-134.66999999999985,0.31535038635773227,1
2024-03-21,Bosnia-Herzegovina,Ucrania,1-2,,,0.53,1.2,0.38,0.62,1.0,3.0,2.0,4.0,4.0,4.0,14.0,20.0,1.0,0.0,1343.32,1553.35,5.63,9.88,2024.0,0.63,175.0,0.77,395.0,1,2,2,-1,0,0,3,0.3063583815028902,0.6936416184971098,0.25,0.75,0.3333333333333333,0.6666666666666667,1.0,0.0,0.30701754385964913,0.6929824561403508,0.3333333333333333,0.6666666666666667,0.46374630178791504,0.5362536982120849,0.3629916183107672,0.6370083816892328,-0.6699999999999999,-0.24,-2.0,-2.0,-220.0,-0.14,0.0,-6.0,1.0,-210.02999999999997,-4.250000000000001,-210.02999999999997,0.22987274969584132,2
2024-03-21,Gales,Finlandia,4-1,,,3.27,1.22,0.43,0.57,10.0,3.0,2.0,3.0,4.0,3.0,16.0,12.0,2.0,6.0,1521.88,1401.31,6.69,1.55,2024.0,0.85,328.0,0.87,498.0,4,1,1,3,1,3,0,0.7282850779510022,0.27171492204899783,0.7692307692307693,0.23076923076923073,0.4,0.6,0.25,0.75,0.39709443099273606,0.602905569007264,0.8,0.19999999999999996,0.5206230180043036,0.47937698199569645,0.8118932038834952,0.18810679611650483,2.05,-0.13999999999999996,7.0,-1.0,-170.0,-0.020000000000000018,1.0,4.0,-4.0,120.57000000000016,5.140000000000001,120.57000000000016,0.666868754039896,-1
2024-03-21,Grecia,Kazajistán,5-0,,,3.28,0.5,0.63,0.37,8.0,1.0,8.0,5.0,1.0,4.0,10.0,13.0,1.0,3.0,1453.95,1215.16,11.02,0.652,2024.0,0.84,416.0,0.73,210.0,5,0,1,5,1,3,0,0.8677248677248677,0.13227513227513232,0.8888888888888888,0.11111111111111116,0.6153846153846154,0.3846153846153846,0.25,0.75,0.6645367412140575,0.3354632587859425,1.0,0.0,0.5447321391774786,0.45526786082252135,0.9441398217957506,0.05586017820424938,2.78,0.26,7.0,3.0,206.0,0.10999999999999999,-3.0,-3.0,-2.0,238.78999999999996,10.368,238.78999999999996,0.7981200379090155,-1
2024-03-21,Polonia,Estonia,5-1,,,2.59,0.11,0.74,0.26,10.0,1.0,17.0,1.0,1.0,2.0,6.0,8.0,0.0,5.0,1520.24,1148.76,8.91,0.516,2024.0,0.93,649.0,0.58,77.0,5,1,1,4,1,3,0,0.9592592592592593,0.040740740740740744,0.9090909090909091,0.09090909090909094,0.9444444444444444,0.05555555555555558,0.0,1.0,0.8939393939393939,0.10606060606060608,0.8333333333333334,0.16666666666666663,0.5695916073435744,0.4304083926564256,0.9452577975811585,0.054742202418841535,2.48,0.48,9.0,16.0,572.0,0.3500000000000001,-1.0,-2.0,-5.0,371.48,8.394,371.48,0.8945808311121581,-3
2024-03-21,Georgia,Luxemburgo,2-0,,,1.56,0.19,0.53,0.47,4.0,1.0,2.0,0.0,4.0,7.0,16.0,21.0,1.0,2.0,1312.45,1285.41,9.65,0.639,2024.0,0.88,437.0,0.84,334.0,2,0,1,2,1,3,0,0.8914285714285715,0.10857142857142854,0.8,0.19999999999999996,1.0,0.0,0.3333333333333333,0.6666666666666667,0.5667963683527886,0.43320363164721143,1.0,0.0,0.5052042835256711,0.49479571647432885,0.9378948391486054,0.062105160851394614,1.37,0.06000000000000005,3.0,2.0,103.0,0.040000000000000036,-3.0,-5.0,-1.0,27.039999999999964,9.011000000000001,27.039999999999964,0.5388353099243177,0
2024-03-21,Israel,Islandia,1-4,,,1.91,1.97,0.51,0.49,4.0,9.0,5.0,6.0,1.0,0.0,11.0,13.0,5.0,3.0,1323.43,1342.57,2.96,3.71,2024.0,0.82,409.0,0.84,328.0,1,4,2,-3,0,0,3,0.4922680412371134,0.5077319587628866,0.3076923076923077,0.6923076923076923,0.45454545454545453,0.5454545454545454,0.625,0.375,0.5549525101763908,0.4450474898236092,0.2,0.8,0.4964103525881471,0.5035896474118529,0.44377811094452774,0.5562218890554722,-0.06000000000000005,0.020000000000000018,-5.0,-1.0,81.0,-0.020000000000000018,1.0,-2.0,2.0,-19.139999999999873,-0.75,-19.139999999999873,0.47248315656655004,0
2024-03-21,Catar,Kuwait,3-0,,,1.67,0.32,0.64,0.36,7.0,2.0,5.0,1.0,0.0,3.0,13.0,13.0,2.0,4.0,1499.34,1094.05,0.766,0.176,2024.0,0.86,460.0,0.73,222.0,3,0,1,3,1,3,0,0.8391959798994975,0.16080402010050254,0.7777777777777778,0.2222222222222222,0.8333333333333334,0.16666666666666663,0.3333333333333333,0.6666666666666667,0.6744868035190615,0.32551319648093846,1.0,0.0,0.5781390380929979,0.42186096190700206,0.8131634819532909,0.1868365180467091,1.3499999999999999,0.28,5.0,4.0,238.0,0.13,-3.0,0.0,-2.0,405.28999999999996,0.5900000000000001,405.28999999999996,0.9115764221421361,-2
2024-03-21,Arabia Saudí,Tayikistán,1-0,,,1.08,0.77,0.51,0.49,5.0,3.0,4.0,5.0,2.0,1.0,15.0,9.0,3.0,4.0,1441.4,1218.89,1.56,0.324,2024.0,0.8,348.0,0.8,323.0,1,0,1,1,1,3,0,0.5837837837837838,0.4162162162162162,0.625,0.375,0.4444444444444444,0.5555555555555556,0.42857142857142855,0.5714285714285714,0.518628912071535,0.48137108792846495,1.0,0.0,0.5418206285780874,0.45817937142191256,0.8280254777070063,0.1719745222929937,0.31000000000000005,0.020000000000000018,2.0,-1.0,25.0,0.0,1.0,6.0,-1.0,222.51,1.236,222.51,0.7825979221945178,-1
2024-03-21,Emiratos Árabes Unidos,Yemen,2-1,,,1.6666000000000003,0.423,0.65,0.35,4.0,1.0,15.0,4.0,5.0,4.0,16.0,10.0,0.0,2.0,1355.55,1027.94,1.21,0.096,2024.0,0.8526,454.9,0.7271999999999998,223.04,2,1,1,1,1,3,0,0.7975689127105666,0.20243108728943338,0.8,0.19999999999999996,0.7894736842105263,0.21052631578947367,0.0,1.0,0.6710033336283447,0.32899666637165526,0.6666666666666666,0.33333333333333337,0.5687248530516176,0.4312751469483824,0.9264931087289433,0.0735068912710567,1.2436000000000003,0.30000000000000004,3.0,11.0,231.85999999999999,0.12540000000000018,1.0,6.0,-2.0,327.6099999999999,1.1139999999999999,327.6099999999999,0.8682844569299107,-2
2024-03-21,Omán,Malasia,2-0,,,1.5352,0.43060000000000004,0.58,0.42,5.0,1.0,13.0,5.0,2.0,3.0,17.0,9.0,1.0,3.0,1307.6,1110.17,0.297,0.271,2024.0,0.8071999999999998,345.0,0.7474000000000001,237.42,2,0,1,2,1,3,0,0.7809543188523755,0.21904568114762446,0.8333333333333334,0.16666666666666663,0.7222222222222222,0.2777777777777778,0.25,0.75,0.5923560317296797,0.40764396827032034,1.0,0.0,0.540828945681351,0.459171054318649,0.5228873239436619,0.4771126760563381,1.1045999999999998,0.15999999999999998,4.0,8.0,107.58000000000001,0.05979999999999974,-1.0,8.0,-2.0,197.42999999999984,0.025999999999999968,197.42999999999984,0.7570361679381555,-1
2024-03-21,Indonesia,Vietnam,1-0,,,1.1463999999999996,0.3470000000000001,0.49,0.51,6.0,0.0,2.0,2.0,4.0,1.0,17.0,10.0,0.0,5.0,1072.66,1194.58,0.85,0.277,2024.0,0.8120000000000002,342.38,0.8210000000000001,364.56,1,0,1,1,1,3,0,0.7676443015936787,0.2323556984063213,1.0,0.0,0.5,0.5,0.0,1.0,0.4843126715138484,0.5156873284861516,1.0,0.0,0.47311268326246897,0.526887316737531,0.7542147293700089,0.24578527062999111,0.7993999999999996,-0.020000000000000018,6.0,0.0,-22.180000000000007,-0.008999999999999897,3.0,7.0,-5.0,-121.91999999999985,0.573,-121.91999999999985,0.3314070754841288,1
2024-03-21,Singapur,China,2-2,,,0.5,1.73,0.42,0.58,6.0,4.0,1.0,4.0,6.0,1.0,20.0,19.0,2.0,4.0,1020.5,1273.78,0.156,0.551,2024.0,0.68,199.0,0.77,309.0,2,2,X,0,0,1,1,0.2242152466367713,0.7757847533632287,0.6,0.4,0.2,0.8,0.3333333333333333,0.6666666666666667,0.39173228346456695,0.6082677165354331,0.5,0.5,0.4448018550482069,0.5551981449517931,0.22065063649222064,0.7793493635077794,-1.23,-0.15999999999999998,2.0,-3.0,-110.0,-0.08999999999999997,5.0,1.0,-2.0,-253.27999999999997,-0.395,-253.27999999999997,0.18877388826378244,1
2024-03-21,Hong Kong,Uzbekistán,0-2,,,0.7861999999999999,2.0113999999999996,0.48,0.52,2.0,6.0,5.0,10.0,1.28,1.34,7.0,11.0,4.0,2.0,1022.91,1376.5,0.16,3.28,2024.0,0.7888000000000001,326.04,0.8351999999999999,373.34,0,2,2,-2,0,0,3,0.28102659422362025,0.7189734057763797,0.25,0.75,0.3333333333333333,0.6666666666666667,0.6666666666666666,0.33333333333333337,0.46618433469644543,0.5338156653035546,0.0,1.0,0.42631730300365506,0.5736826969963449,0.046511627906976744,0.9534883720930233,-1.2251999999999996,-0.040000000000000036,-4.0,-5.0,-47.299999999999955,-0.046399999999999886,-0.06000000000000005,-4.0,2.0,-353.59000000000003,-3.1199999999999997,-353.59000000000003,0.11553313720109319,2
2024-03-21,Nepal,Bahréin,0-5,,,0.4084,2.9326,0.36,0.64,0.0,9.0,1.0,4.0,1.0,2.0,6.0,9.0,4.0,0.0,948.05,1297.32,0.059,0.256,2024.0,0.7208000000000001,218.16,0.8530000000000004,464.16,0,5,2,-5,0,0,3,0.12223885064351991,0.8777611493564801,0.0,1.0,0.2,0.8,1.0,0.0,0.319732676749912,0.680267323250088,0.0,1.0,0.422224399542169,0.5777756004578309,0.1873015873015873,0.8126984126984127,-2.5242,-0.28,-9.0,-3.0,-246.00000000000003,-0.13220000000000032,-1.0,-3.0,4.0,-349.27,-0.197,-349.27,0.11809866780534198,1
2024-03-21,Birmania,Siria,1-1,,,0.5032,1.0983999999999996,0.38,0.62,1.0,3.0,2.0,9.0,3.0,1.0,13.0,10.0,2.0,0.0,1000.46,1265.51,0.125,0.317,2024.0,0.7258000000000001,209.36,0.8460000000000001,431.02,1,1,X,0,0,1,1,0.31418581418581426,0.6858141858141857,0.25,0.75,0.18181818181818182,0.8181818181818181,1.0,0.0,0.32693088478715765,0.6730691152128423,0.5,0.5,0.4415151127331782,0.5584848872668218,0.2828054298642534,0.7171945701357466,-0.5951999999999996,-0.24,-2.0,-7.0,-221.65999999999997,-0.12019999999999997,2.0,3.0,2.0,-265.04999999999995,-0.192,-265.04999999999995,0.17861629710043045,1
2024-03-21,Japón,Corea del Norte,1-0,,,1.11,0.17,0.61,0.39,5.0,2.0,9.0,3.0,1.0,3.0,9.0,10.0,2.0,4.0,1614.33,1168.12,10.42,0.236,2024.0,0.84,325.0,0.65,159.0,1,0,1,1,1,3,0,0.8671875000000001,0.1328124999999999,0.7142857142857143,0.2857142857142857,0.75,0.25,0.3333333333333333,0.6666666666666667,0.6714876033057852,0.32851239669421484,1.0,0.0,0.5801829323078582,0.4198170676921418,0.9778528528528528,0.02214714714714716,0.9400000000000001,0.21999999999999997,3.0,6.0,166.0,0.18999999999999995,-2.0,-1.0,-2.0,446.21000000000004,10.184,446.21000000000004,0.9288126050346527,-2
2024-03-21,Australia,Líbano,2-0,,,1.8961999999999997,0.4520000000000001,0.64,0.36,6.0,3.0,9.0,1.0,2.0,0.0,14.0,4.0,3.0,4.0,1554.82,1168.07,2.98,0.241,2024.0,0.89,557.0,0.78,275.0,2,0,1,2,1,3,0,0.8075121369559661,0.19248786304403387,0.6666666666666666,0.33333333333333337,0.9,0.09999999999999998,0.42857142857142855,0.5714285714285714,0.6694711538461539,0.33052884615384615,1.0,0.0,0.57101829306362,0.42898170693638005,0.9251785159888233,0.07482148401117672,1.4441999999999995,0.28,3.0,8.0,282.0,0.10999999999999999,2.0,10.0,-1.0,386.75,2.739,386.75,0.9025875758375435,-2
2024-03-21,Pakistán,Jordania,0-3,,,0.3682000000000001,2.147,0.31,0.69,2.0,8.0,1.0,10.0,3.0,1.0,8.0,4.0,5.0,2.0,856.54,1343.6,0.154,0.781,2024.0,0.7076,181.62,0.8614000000000002,502.38,0,3,2,-3,0,0,3,0.14638994910941477,0.8536100508905853,0.2,0.8,0.09090909090909091,0.9090909090909091,0.7142857142857143,0.2857142857142857,0.26552631578947367,0.7344736842105264,0.0,1.0,0.3893115892625015,0.6106884107374986,0.16470588235294117,0.8352941176470589,-1.7787999999999997,-0.37999999999999995,-6.0,-9.0,-320.76,-0.15380000000000016,2.0,4.0,3.0,-487.05999999999995,-0.627,-487.05999999999995,0.057122260140895324,1
2024-03-21,China Taipei,Kirguistán,0-2,,,0.7955999999999999,1.253,0.55,0.45,2.0,4.0,3.0,4.0,1.0,2.0,10.0,11.0,2.0,2.0,1023.93,1196.97,0.091,0.271,2024.0,0.7984000000000003,380.34,0.7728,303.86,0,2,2,-2,0,0,3,0.38836278434052524,0.6116372156594747,0.3333333333333333,0.6666666666666667,0.42857142857142855,0.5714285714285714,0.5,0.5,0.5558900906167786,0.44410990938322137,0.0,1.0,0.46104282047818446,0.5389571795218155,0.2513812154696133,0.7486187845303867,-0.45740000000000003,0.10000000000000003,-2.0,-1.0,76.47999999999996,0.02560000000000029,-1.0,-1.0,0.0,-173.04000000000008,-0.18000000000000002,-173.04000000000008,0.2697092311629391,1
2024-03-21,Afganistán,India,0-0,,,0.9642000000000001,0.47639999999999977,0.47,0.53,2.0,1.0,4.0,5.0,1.0,3.0,4.0,10.0,1.0,2.0,1017.68,1165.17,0.047,0.182,2024.0,0.7822000000000002,307.06,0.8096,391.48,0,0,X,0,0,1,1,0.6693044564764682,0.3306955435235318,0.6666666666666666,0.33333333333333337,0.4444444444444444,0.5555555555555556,0.3333333333333333,0.6666666666666667,0.43957396856300285,0.5604260314369971,0.5,0.5,0.46621618526238634,0.5337838147376137,0.2052401746724891,0.7947598253275109,0.4878000000000003,-0.06000000000000005,1.0,-1.0,-84.42000000000002,-0.027399999999999758,-2.0,-6.0,-1.0,-147.49000000000012,-0.135,-147.49000000000012,0.29963833082254043,0
2024-03-21,Gibraltar,Lituania,0-1,,,0.33,2.42,0.39,0.61,3.0,5.0,4.0,4.0,1.0,5.0,9.0,14.0,4.0,3.0,840.8,1086.93,0.073,0.703,2024.0,0.63,151.0,0.86,456.0,0,1,2,-1,0,0,3,0.12000000000000001,0.88,0.375,0.625,0.5,0.5,0.5714285714285714,0.4285714285714286,0.2487644151565074,0.7512355848434926,0.0,1.0,0.436160665653385,0.563839334346615,0.09407216494845361,0.9059278350515464,-2.09,-0.21999999999999997,-2.0,0.0,-305.0,-0.22999999999999998,-4.0,-5.0,1.0,-246.1300000000001,-0.63,-246.1300000000001,0.19515773700338634,0
2024-03-21,Corea del Sur,Tailandia,1-1,,,2.47,1.25,0.78,0.22,8.0,2.0,13.0,4.0,0.0,1.0,7.0,8.0,1.0,7.0,1566.21,1206.72,5.35,0.273,2024.0,0.91,738.0,0.71,161.0,1,1,X,0,0,1,1,0.6639784946236559,0.3360215053763441,0.8,0.19999999999999996,0.7647058823529411,0.23529411764705888,0.125,0.875,0.8209121245828699,0.17908787541713012,0.5,0.5,0.5648213261784466,0.4351786738215534,0.951449404232616,0.048550595767383964,1.2200000000000002,0.56,6.0,9.0,577.0,0.20000000000000007,-1.0,-1.0,-6.0,359.49,5.077,359.49,0.8878923350616265,-2
2024-03-21,Irak,Filipinas,1-0,,,1.9516000000000004,0.0706,0.85,0.15,5.0,0.0,7.0,0.0,0.0,2.0,2.0,8.0,0.0,4.0,1409.44,1086.17,0.815,0.147,2024.0,0.9083999999999998,691.4,0.6896000000000002,150.78,1,0,1,1,1,3,0,0.9650875284343783,0.03491247156562172,1.0,0.0,1.0,0.0,0.0,1.0,0.8209646393882544,0.17903536061174563,1.0,0.0,0.5647677321376336,0.43523226786236635,0.8471933471933472,0.15280665280665284,1.8810000000000004,0.7,5.0,7.0,540.62,0.21879999999999955,-2.0,-6.0,-4.0,323.27,0.6679999999999999,323.27,0.8654008499672287,-2
2024-03-26,Bahréin,Nepal,3-0,,,2.776200000000001,0.3346,0.63,0.37,11.0,0.0,10.0,0.0,0.0,3.0,3.0,21.0,0.0,8.0,1297.32,948.05,0.256,0.059,2024.0,0.9001999999999997,522.72,0.7714000000000002,247.54,3,0,1,3,1,3,0,0.8924392439243924,0.10756075607560756,1.0,0.0,1.0,0.0,0.0,1.0,0.6786279957416976,0.32137200425830237,1.0,0.0,0.577775600457831,0.42222439954216895,0.8126984126984127,0.1873015873015873,2.441600000000001,0.26,11.0,10.0,275.18000000000006,0.12879999999999947,-3.0,-18.0,-8.0,349.27,0.197,349.27,0.881901332194658,-1
2024-03-26,Uzbekistán,Hong Kong,3-0,,,2.5551999999999997,0.273,0.56,0.44,10.0,1.0,4.0,4.0,2.0,1.0,8.0,6.0,1.0,7.0,1376.5,1022.91,3.28,0.16,2024.0,0.8928,514.08,0.8540000000000002,383.5,3,0,1,3,1,3,0,0.9034721731136411,0.09652782688635886,0.9090909090909091,0.09090909090909094,0.5,0.5,0.125,0.875,0.57274003431449,0.42725996568550995,1.0,0.0,0.573682696996345,0.426317303003655,0.9534883720930232,0.04651162790697683,2.2821999999999996,0.12000000000000005,9.0,0.0,130.58000000000004,0.038799999999999835,1.0,2.0,-6.0,353.59000000000003,3.1199999999999997,353.59000000000003,0.8844668627989067,-2
2024-03-26,Lituania,Gibraltar,1-0,,,2.29,0.11,0.67,0.33,10.0,0.0,10.0,1.0,2.0,0.0,14.0,12.0,0.0,9.0,1086.93,840.8,0.703,0.073,2024.0,0.88,518.0,0.63,116.0,1,0,1,1,1,3,0,0.9541666666666667,0.04583333333333328,1.0,0.0,0.9090909090909091,0.09090909090909094,0.0,1.0,0.8170347003154574,0.18296529968454256,1.0,0.0,0.5638393343466149,0.43616066565338507,0.9059278350515464,0.09407216494845361,2.18,0.34,10.0,9.0,402.0,0.25,2.0,2.0,-9.0,246.1300000000001,0.63,246.1300000000001,0.8048422629966137,0
2024-03-26,Jordania,Pakistán,7-0,,,3.3514000000000026,0.2206,0.58,0.42,8.0,0.0,9.0,1.0,1.0,1.0,9.0,7.0,0.0,1.0,1343.6,856.54,0.781,0.154,2024.0,0.8705999999999999,493.4,0.7854000000000001,305.0,7,0,1,7,1,3,0,0.9382418812989922,0.06175811870100778,1.0,0.0,0.9,0.09999999999999998,0.0,1.0,0.6179859719438877,0.3820140280561123,1.0,0.0,0.6106884107374985,0.38931158926250153,0.8352941176470589,0.16470588235294115,3.1308000000000025,0.15999999999999998,8.0,8.0,188.39999999999998,0.08519999999999983,0.0,2.0,-1.0,487.05999999999995,0.627,487.05999999999995,0.9428777398591047,-1
2024-03-26,Kuwait,Catar,1-2,,,0.98,1.57,0.38,0.62,3.0,6.0,3.0,8.0,2.0,2.0,11.0,12.0,4.0,2.0,1094.05,1499.34,0.176,0.766,2024.0,0.64,152.0,0.81,314.0,1,2,2,-1,0,0,3,0.3843137254901961,0.615686274509804,0.3333333333333333,0.6666666666666667,0.2727272727272727,0.7272727272727273,0.6666666666666666,0.33333333333333337,0.3261802575107296,0.6738197424892705,0.3333333333333333,0.6666666666666667,0.421860961907002,0.578139038092998,0.18683651804670912,0.8131634819532909,-0.5900000000000001,-0.24,-3.0,-5.0,-162.0,-0.17000000000000004,0.0,-1.0,2.0,-405.28999999999996,-0.5900000000000001,-405.28999999999996,0.0884235778578639,2
2024-03-26,Siria,Birmania,7-0,,,3.360800000000002,0.15559999999999993,0.79,0.21,11.0,0.0,9.0,0.0,0.0,5.0,5.0,11.0,0.0,4.0,1265.51,1000.46,0.317,0.125,2024.0,0.9031999999999999,593.46,0.6940000000000001,155.36,7,0,1,7,1,3,0,0.9557501990672279,0.04424980093277209,1.0,0.0,1.0,0.0,0.0,1.0,0.7925269090034989,0.20747309099650113,1.0,0.0,0.5584848872668217,0.44151511273317834,0.7171945701357466,0.2828054298642534,3.2052000000000023,0.5800000000000001,11.0,9.0,438.1,0.20919999999999983,-5.0,-6.0,-4.0,265.04999999999995,0.192,265.04999999999995,0.8213837028995696,-1
2024-03-26,Tayikistán,Arabia Saudí,1-1,,,1.79,1.33,0.47,0.53,4.0,5.0,2.0,5.0,1.0,1.0,11.0,10.0,4.0,3.0,1218.89,1441.4,0.324,1.56,2024.0,0.76,323.0,0.8,393.0,1,1,X,0,0,1,1,0.5737179487179487,0.4262820512820513,0.4444444444444444,0.5555555555555556,0.2857142857142857,0.7142857142857143,0.5714285714285714,0.4285714285714286,0.4511173184357542,0.5488826815642458,0.5,0.5,0.4581793714219127,0.5418206285780873,0.17197452229299362,0.8280254777070064,0.45999999999999996,-0.06000000000000005,-1.0,-3.0,-70.0,-0.040000000000000036,0.0,1.0,1.0,-222.51,-1.236,-222.51,0.21740207780548218,1
2024-03-26,Turkmenistán,Irán,0-1,,,0.9258000000000002,1.2480000000000002,0.38,0.62,5.0,2.0,2.0,6.0,3.0,2.0,17.0,14.0,1.0,5.0,1078.25,1608.23,0.134,1.23,2024.0,0.7252000000000001,216.46,0.8449999999999999,448.68,0,1,2,-1,0,0,3,0.42589014628760696,0.574109853712393,0.7142857142857143,0.2857142857142857,0.25,0.75,0.16666666666666666,0.8333333333333334,0.3254352467149773,0.6745647532850227,0.0,1.0,0.4013616330663173,0.5986383669336828,0.09824046920821115,0.9017595307917888,-0.32220000000000004,-0.24,3.0,-4.0,-232.22,-0.1197999999999998,1.0,3.0,-4.0,-529.98,-1.096,-529.98,0.04518251121893022,3
2024-03-26,Kirguistán,China Taipei,5-1,,,2.7396000000000003,0.9634000000000001,0.58,0.42,7.0,3.0,8.0,8.0,0.0,1.0,9.0,16.0,2.0,2.0,1196.97,1023.93,0.271,0.091,2024.0,0.8075999999999998,372.96,0.7417999999999998,241.2,5,1,1,4,1,3,0,0.7398325681879557,0.26016743181204427,0.7,0.30000000000000004,0.5,0.5,0.5,0.5,0.6072684642438453,0.3927315357561547,0.8333333333333334,0.16666666666666663,0.5389571795218154,0.46104282047818457,0.7486187845303868,0.25138121546961323,1.7762000000000002,0.15999999999999998,4.0,0.0,131.76,0.06579999999999997,-1.0,-7.0,0.0,173.04000000000008,0.18000000000000002,173.04000000000008,0.7302907688370609,-1
2024-03-26,Malasia,Omán,0-2,,,1.3816000000000002,2.4204,0.46,0.54,4.0,9.0,5.0,6.0,1.0,3.0,5.0,4.0,7.0,4.0,1110.17,1307.6,0.271,0.297,2024.0,0.7840000000000003,316.7,0.8126000000000001,386.14,0,2,2,-2,0,0,3,0.36338769068911103,0.636612309310889,0.3076923076923077,0.6923076923076923,0.45454545454545453,0.5454545454545454,0.6363636363636364,0.36363636363636365,0.4506004211484833,0.5493995788515167,0.0,1.0,0.459171054318649,0.540828945681351,0.477112676056338,0.522887323943662,-1.0387999999999997,-0.08000000000000002,-5.0,-1.0,-69.44,-0.028599999999999848,-2.0,1.0,3.0,-197.42999999999984,-0.025999999999999968,-197.42999999999984,0.24296383206184452,1
2024-03-26,India,Afganistán,1-2,,,0.8366000000000001,1.8159999999999998,0.54,0.46,2.0,5.0,5.0,4.0,5.0,2.0,15.0,13.0,3.0,1.0,1165.17,1017.68,0.182,0.047,2024.0,0.8053999999999999,348.28,0.7760000000000002,287.76,1,2,2,-1,0,0,3,0.31538867526200715,0.6846113247379928,0.2857142857142857,0.7142857142857143,0.5555555555555556,0.4444444444444444,0.75,0.25,0.5475756241745802,0.45242437582541983,0.3333333333333333,0.6666666666666667,0.5337838147376137,0.4662161852623863,0.794759825327511,0.205240174672489,-0.9793999999999997,0.08000000000000002,-3.0,1.0,60.51999999999998,0.02939999999999965,3.0,2.0,2.0,147.49000000000012,0.135,147.49000000000012,0.7003616691774596,0
2024-03-26,Georgia,Grecia,0-0,0-0,1-0,0.9,0.75,0.4,0.6,3.0,2.0,3.0,8.0,2.0,5.0,13.0,16.0,2.0,3.0,1312.45,1453.95,9.65,11.02,2024.0,0.76,353.0,0.86,686.0,0,0,X,0,0,1,1,0.5454545454545455,0.4545454545454545,0.6,0.4,0.2727272727272727,0.7272727272727273,0.4,0.6,0.3397497593840231,0.6602502406159769,0.5,0.5,0.47442524580682477,0.5255747541931752,0.4668601838413159,0.5331398161586841,0.15000000000000002,-0.19999999999999996,1.0,-5.0,-333.0,-0.09999999999999998,-3.0,-3.0,-1.0,-141.5,-1.3699999999999992,-141.5,0.3069240052549,1
2024-03-26,Ucrania,Islandia,2-1,,,0.99,0.3,0.59,0.41,5.0,3.0,7.0,2.0,2.0,3.0,8.0,12.0,2.0,3.0,1553.35,1342.57,9.88,3.71,2024.0,0.85,446.0,0.76,266.0,2,1,1,1,1,3,0,0.7674418604651162,0.2325581395348838,0.625,0.375,0.7777777777777778,0.2222222222222222,0.4,0.6,0.6264044943820225,0.3735955056179775,0.6666666666666666,0.33333333333333337,0.5363925799055222,0.46360742009447775,0.7270051508462105,0.27299484915378947,0.69,0.18,2.0,5.0,180.0,0.08999999999999997,-1.0,-4.0,-1.0,210.77999999999997,6.170000000000001,210.77999999999997,0.7708906642251032,-2
2024-03-26,Gales,Polonia,0-0,0-0,0-1,0.85,0.41,0.46,0.54,3.0,0.0,3.0,6.0,3.0,2.0,17.0,13.0,0.0,3.0,1521.88,1520.24,6.69,8.91,2024.0,0.79,399.0,0.85,575.0,0,0,X,0,0,1,1,0.6746031746031745,0.32539682539682546,1.0,0.0,0.3333333333333333,0.6666666666666667,0.0,1.0,0.40965092402464065,0.5903490759753593,0.5,0.5,0.5002695488672374,0.4997304511327626,0.4288461538461538,0.5711538461538461,0.44,-0.08000000000000002,3.0,-3.0,-176.0,-0.05999999999999994,1.0,4.0,-3.0,1.6400000000001,-2.2199999999999998,1.6400000000001,0.5023601321914649,0
2024-03-26,Líbano,Australia,0-5,,,0.2,2.88,0.4,0.6,1.0,5.0,1.0,3.0,3.0,2.0,12.0,10.0,1.0,1.0,1168.07,1554.82,0.241,2.98,2024.0,0.78,280.0,0.85,452.0,0,5,2,-5,0,0,3,0.06493506493506494,0.935064935064935,0.16666666666666666,0.8333333333333334,0.25,0.75,0.5,0.5,0.3825136612021858,0.6174863387978142,0.0,1.0,0.4289817069363801,0.5710182930636198,0.07482148401117665,0.9251785159888234,-2.6799999999999997,-0.19999999999999996,-4.0,-2.0,-172.0,-0.06999999999999995,1.0,2.0,0.0,-386.75,-2.739,-386.75,0.09741242416245643,2
2024-03-26,Filipinas,Irak,0-5,,,0.3939999999999999,2.415799999999999,0.35,0.65,1.0,7.0,2.0,7.0,2.0,0.0,7.0,7.0,2.0,1.0,1086.17,1409.44,0.147,0.815,2024.0,0.7114000000000003,208.9,0.8523999999999999,488.92,0,5,2,-5,0,0,3,0.14022350345220302,0.859776496547797,0.125,0.875,0.2222222222222222,0.7777777777777778,0.6666666666666666,0.33333333333333337,0.29936086669914874,0.7006391333008513,0.0,1.0,0.4352322678623663,0.5647677321376336,0.15280665280665282,0.8471933471933472,-2.021799999999999,-0.30000000000000004,-6.0,-5.0,-280.02,-0.14099999999999968,2.0,0.0,1.0,-323.27,-0.6679999999999999,-323.27,0.13459915003277131,2
2024-03-26,Vietnam,Indonesia,0-3,,,1.0664,1.1692000000000002,0.61,0.39,2.0,4.0,10.0,3.0,2.0,6.0,6.0,16.0,1.0,2.0,1194.58,1072.66,0.277,0.85,2024.0,0.8702,506.4,0.7857999999999999,290.1,0,3,2,-3,0,0,3,0.4770084093755591,0.5229915906244409,0.3333333333333333,0.6666666666666667,0.7692307692307693,0.23076923076923073,0.3333333333333333,0.6666666666666667,0.6357815442561205,0.36421845574387945,0.0,1.0,0.5268873167375311,0.4731126832624689,0.24578527062999114,0.7542147293700089,-0.10280000000000022,0.21999999999999997,-2.0,7.0,216.29999999999995,0.08440000000000003,-4.0,-10.0,-1.0,121.91999999999985,-0.573,121.91999999999985,0.6685929245158713,-1
2024-03-26,China,Singapur,4-1,,,3.46,0.65,0.51,0.49,5.0,3.0,10.0,1.0,2.0,1.0,10.0,18.0,2.0,1.0,1273.78,1020.5,0.551,0.156,2024.0,0.79,309.0,0.75,278.0,4,1,1,3,1,3,0,0.8418491484184915,0.15815085158150854,0.625,0.375,0.9090909090909091,0.09090909090909094,0.6666666666666666,0.33333333333333337,0.5264054514480409,0.47359454855195915,0.8,0.19999999999999996,0.5551981449517932,0.4448018550482068,0.7793493635077793,0.22065063649222072,2.81,0.020000000000000018,2.0,9.0,31.0,0.040000000000000036,1.0,-8.0,1.0,253.27999999999997,0.395,253.27999999999997,0.8112261117362175,-1
2024-03-26,Tailandia,Corea del Sur,0-3,,,0.24,2.09,0.41,0.59,2.0,4.0,5.0,2.0,2.0,1.0,13.0,14.0,1.0,2.0,1206.72,1566.21,0.273,5.35,2024.0,0.81,307.0,0.87,486.0,0,3,2,-3,0,0,3,0.10300429184549356,0.8969957081545065,0.3333333333333333,0.6666666666666667,0.7142857142857143,0.2857142857142857,0.3333333333333333,0.6666666666666667,0.3871374527112232,0.6128625472887768,0.0,1.0,0.43517867382155334,0.5648213261784467,0.04855059576738397,0.951449404232616,-1.8499999999999999,-0.18,-2.0,3.0,-179.0,-0.05999999999999994,1.0,-1.0,-1.0,-359.49,-5.077,-359.49,0.11210766493837351,2
2024-06-05,Namibia,Liberia,1-1,,,0.9841999999999999,1.014,0.52,0.48,2.0,4.0,5.0,3.0,1.0,0.0,8.0,16.0,3.0,1.0,1192.13,1029.58,0.09,0.551,2024.0,0.8010000000000004,384.52,0.8089999999999999,348.96,1,1,X,0,0,1,1,0.49254328896006405,0.507456711039936,0.3333333333333333,0.6666666666666667,0.625,0.375,0.75,0.25,0.5242406064241697,0.4757593935758303,0.5,0.5,0.5365821821929955,0.46341781780700453,0.14040561622464898,0.859594383775351,-0.02980000000000016,0.040000000000000036,-2.0,2.0,35.56,-0.007999999999999563,1.0,-8.0,2.0,162.55000000000018,-0.4610000000000001,162.55000000000018,0.718232894057667,-1
2024-06-05,República Centroafricana,Chad,1-0,,,0.6708,0.8092000000000001,0.51,0.49,1.0,3.0,7.0,3.0,2.46,2.14,22.0,17.0,3.0,0.0,1128.17,945.92,0.336,0.356,2024.0,0.8029999999999998,326.0,0.7899999999999998,305.8,1,0,1,1,1,3,0,0.4532432432432432,0.5467567567567568,0.25,0.75,0.7,0.30000000000000004,1.0,0.0,0.5159860715416271,0.4840139284583729,1.0,0.0,0.5439349304996408,0.4560650695003592,0.48554913294797697,0.514450867052023,-0.1384000000000002,0.020000000000000018,-2.0,4.0,20.19999999999999,0.013000000000000012,0.31999999999999984,5.0,3.0,182.2500000000001,-0.019999999999999962,182.2500000000001,0.7406049826529089,0
2024-06-05,Sierra Leona,Yibuti,2-1,,,0.9928,0.6405999999999998,0.58,0.42,3.0,3.0,3.0,1.0,1.78,2.3,17.0,14.0,2.0,1.0,1137.36,877.28,0.559,0.029,2024.0,0.9072000000000006,496.2,0.8384,351.68,2,1,1,1,1,3,0,0.6078119260438349,0.39218807395616506,0.5,0.5,0.75,0.25,0.6666666666666666,0.33333333333333337,0.5852243241968202,0.41477567580317976,0.6666666666666666,0.33333333333333337,0.5645475122106183,0.4354524877893817,0.9506802721088435,0.04931972789115646,0.3522000000000002,0.15999999999999998,0.0,2.0,144.51999999999998,0.06880000000000053,-0.5199999999999998,3.0,1.0,260.0799999999999,0.53,260.0799999999999,0.81714765348981,0
2024-06-05,Túnez,Guinea Ecuatorial,1-0,,,0.8694000000000002,0.41300000000000003,0.5,0.5,3.0,1.0,2.0,4.0,5.0,2.0,20.0,15.0,1.0,2.0,1493.12,1308.03,2.69,0.191,2024.0,0.8074000000000001,356.44,0.8184000000000001,359.28,1,0,1,1,1,3,0,0.6779475982532751,0.3220524017467249,0.75,0.25,0.3333333333333333,0.6666666666666667,0.3333333333333333,0.6666666666666667,0.4980159839043201,0.5019840160956799,1.0,0.0,0.5330382164468165,0.4669617835531835,0.9337035751475182,0.06629642485248177,0.45640000000000014,0.0,2.0,-2.0,-2.839999999999975,-0.01100000000000001,3.0,5.0,-1.0,185.08999999999992,2.499,185.08999999999992,0.7437332777748692,-1
2024-06-05,Togo,Sudán del Sur,1-1,,,0.9688000000000002,0.3565999999999999,0.56,0.44,2.0,1.0,13.0,3.0,1.0,1.0,10.0,13.0,0.0,1.0,1170.34,984.65,1.11,0.064,2024.0,0.8702000000000006,475.52,0.7803999999999998,314.36,1,1,X,0,0,1,1,0.7309491474271919,0.26905085257280814,0.6666666666666666,0.33333333333333337,0.8125,0.1875,0.0,1.0,0.6020154960247126,0.3979845039752874,0.5,0.5,0.54308372660662,0.45691627339338003,0.9454855195911414,0.054514480408858645,0.6122000000000003,0.12000000000000005,1.0,10.0,161.15999999999997,0.08980000000000088,0.0,-3.0,-1.0,185.68999999999994,1.046,185.68999999999994,0.7443910120871483,-1
2024-06-06,Guinea-Bisáu,Etiopía,0-0,,,0.6139999999999999,0.6317999999999998,0.5,0.5,1.0,1.0,4.0,5.0,1.0,2.0,6.0,4.0,1.0,1.0,1163.44,1068.48,1.64,0.126,2024.0,0.7948000000000003,343.1,0.8042000000000005,331.92,0,0,X,0,0,1,1,0.49285599614705417,0.5071440038529458,0.5,0.5,0.4444444444444444,0.5555555555555556,0.5,0.5,0.5082812361115226,0.49171876388847735,0.5,0.5,0.5212731639126851,0.4787268360873149,0.928652321630804,0.07134767836919598,-0.017799999999999927,0.0,0.0,-1.0,11.180000000000007,-0.009400000000000186,-1.0,2.0,0.0,94.96000000000004,1.5139999999999998,94.96000000000004,0.6333542318537981,0
2024-06-06,Palestina,Líbano,0-0,,,1.0484000000000004,0.7268000000000001,0.52,0.48,3.0,2.0,9.0,5.0,3.0,7.0,17.0,16.0,2.0,3.0,1238.66,1158.96,0.343,0.241,2024.0,0.801,360.38,0.8006000000000003,327.9,0,0,X,0,0,1,1,0.5905813429472736,0.4094186570527264,0.6,0.4,0.6428571428571429,0.3571428571428571,0.4,0.6,0.5235950485267624,0.4764049514732376,0.5,0.5,0.5166206488100701,0.4833793511899299,0.5873287671232876,0.41267123287671237,0.32160000000000033,0.040000000000000036,1.0,4.0,32.48000000000002,0.0003999999999997339,-4.0,1.0,-1.0,79.70000000000005,0.10200000000000004,79.70000000000005,0.6127271102141572,-1
2024-06-06,Nepal,Emiratos Árabes Unidos,0-4,,,0.4019999999999998,2.7118,0.4,0.6,0.0,7.0,2.0,6.0,1.0,0.0,5.0,9.0,3.0,0.0,937.84,1366.45,0.059,1.21,2024.0,0.7626000000000001,252.68,0.8472000000000002,454.24,0,4,2,-4,0,0,3,0.12910270409146374,0.8708972959085363,0.0,1.0,0.25,0.75,1.0,0.0,0.3574378996208906,0.6425621003791093,0.0,1.0,0.4069973831418789,0.5930026168581211,0.046493301812450746,0.9535066981875493,-2.3098000000000005,-0.19999999999999996,-7.0,-4.0,-201.56,-0.08460000000000012,1.0,-4.0,3.0,-428.61,-1.151,-428.61,0.0781842250552893,2
2024-06-06,Afganistán,Catar,0-0,,,0.45279999999999987,1.4274000000000004,0.3,0.7,0.0,2.0,2.0,9.0,4.0,4.0,15.0,7.0,2.0,0.0,1036.92,1507.94,0.047,0.766,2024.0,0.64,134.0,0.86,402.0,0,0,X,0,0,1,1,0.2408254441016912,0.7591745558983087,0.0,1.0,0.18181818181818182,0.8181818181818181,1.0,0.0,0.25,0.75,0.5,0.5,0.4074565987912891,0.592543401208711,0.05781057810578105,0.942189421894219,-0.9746000000000006,-0.39999999999999997,-2.0,-7.0,-268.0,-0.21999999999999997,0.0,8.0,2.0,-471.02,-0.719,-471.02,0.06230347988163284,2
2024-06-06,Jordania,Tayikistán,3-0,,,1.4966000000000006,1.1455999999999995,0.49,0.51,6.0,7.0,4.0,11.0,1.0,3.0,10.0,13.0,7.0,3.0,1350.21,1216.76,0.781,0.324,2024.0,0.8005999999999999,334.58,0.824,352.38,3,0,1,3,1,3,0,0.5664219211263344,0.4335780788736656,0.46153846153846156,0.5384615384615384,0.26666666666666666,0.7333333333333334,0.7,0.30000000000000004,0.4870443693955979,0.5129556306044021,1.0,0.0,0.5259936812662399,0.4740063187337601,0.7067873303167421,0.2932126696832579,0.3510000000000011,-0.020000000000000018,-1.0,-7.0,-17.80000000000001,-0.023400000000000087,-2.0,-3.0,4.0,133.45000000000005,0.457,133.45000000000005,0.6831313785606644,0
2024-06-06,Mali,Ghana,1-2,,,1.1876000000000004,1.1155999999999997,0.61,0.39,3.0,4.0,6.0,4.0,0.0,1.0,12.0,14.0,2.0,2.0,1477.9,1358.77,4.32,9.01,2024.0,0.8662000000000001,492.22,0.7891999999999999,278.72,1,2,2,-1,0,0,3,0.5156304272316777,0.48436957276832227,0.42857142857142855,0.5714285714285714,0.6,0.4,0.5,0.5,0.6384673256025112,0.3615326743974888,0.3333333333333333,0.6666666666666667,0.5209982126930521,0.47900178730694787,0.3240810202550638,0.6759189797449362,0.07200000000000073,0.21999999999999997,-1.0,2.0,213.5,0.07700000000000018,-1.0,-2.0,0.0,119.13000000000011,-4.6899999999999995,119.13000000000011,0.6650247045135299,0
2024-06-06,Egipto,Burkina Faso,2-1,,,1.4879999999999998,0.7396,0.58,0.42,5.0,2.0,6.0,5.0,2.0,1.0,18.0,8.0,1.0,3.0,1499.72,1390.38,4.48,4.42,2024.0,0.8505999999999999,446.0,0.7976000000000001,298.64,2,1,1,1,1,3,0,0.6679834799784521,0.3320165200215479,0.7142857142857143,0.2857142857142857,0.5454545454545454,0.4545454545454546,0.25,0.75,0.5989471422432316,0.40105285775676836,0.6666666666666666,0.33333333333333337,0.518916300474032,0.48108369952596797,0.503370786516854,0.49662921348314604,0.7483999999999997,0.15999999999999998,3.0,1.0,147.36,0.052999999999999825,1.0,10.0,-2.0,109.33999999999992,0.0600000000000005,109.33999999999992,0.6523560402871577,0
2024-06-06,Benín,Ruanda,1-0,,,1.3776000000000002,0.5505999999999999,0.5,0.5,4.0,2.0,5.0,4.0,2.0,1.0,17.0,17.0,2.0,3.0,1225.68,1112.44,0.723,0.232,2024.0,0.8055999999999999,353.64,0.8202000000000003,350.32,1,0,1,1,1,3,0,0.7144487086401826,0.2855512913598174,0.6666666666666666,0.33333333333333337,0.5555555555555556,0.4444444444444444,0.4,0.6,0.5023580885277572,0.4976419114722428,1.0,0.0,0.5242160368159035,0.47578396318409655,0.7570680628272252,0.24293193717277484,0.8270000000000003,0.0,2.0,1.0,3.319999999999993,-0.01460000000000039,1.0,0.0,-1.0,113.24000000000001,0.491,113.24000000000001,0.6574299012884437,-1
2024-06-06,Argelia,Guinea,1-2,,,1.2203999999999997,0.8834000000000004,0.55,0.45,4.0,4.0,4.0,3.0,2.0,4.0,9.0,17.0,2.0,3.0,1482.71,1324.65,9.88,2.47,2024.0,0.8384000000000001,395.76,0.7985999999999998,302.16,1,2,2,-1,0,0,3,0.5800931647495007,0.4199068352504993,0.5,0.5,0.5714285714285714,0.4285714285714286,0.4,0.6,0.5670563961485556,0.43294360385144437,0.3333333333333333,0.6666666666666667,0.5281510030776245,0.4718489969223755,0.7999999999999999,0.20000000000000007,0.3369999999999993,0.10000000000000003,0.0,1.0,93.59999999999997,0.03980000000000039,-2.0,-8.0,-1.0,158.05999999999995,7.41,158.05999999999995,0.7129728436432302,-1
2024-06-06,Senegal,RD Congo,1-1,,,1.4542000000000004,0.7796000000000001,0.52,0.48,5.0,2.0,2.0,6.0,2.0,1.0,11.0,8.0,1.0,4.0,1624.73,1388.25,18.39,5.53,2024.0,0.8868000000000004,456.4,0.8528000000000001,382.02,1,1,X,0,0,1,1,0.6509982988629242,0.34900170113707585,0.7142857142857143,0.2857142857142857,0.25,0.75,0.2,0.8,0.5443572433863696,0.4556427566136304,0.5,0.5,0.5392435396185836,0.4607564603814164,0.7688127090301003,0.23118729096989965,0.6746000000000003,0.040000000000000036,3.0,-4.0,74.38,0.03400000000000025,1.0,3.0,-3.0,236.48000000000002,12.86,236.48000000000002,0.7959690015751956,-1
2024-06-06,Libia,Mauricio,2-1,,,1.7923999999999998,0.7704000000000001,0.55,0.45,5.0,2.0,3.0,4.0,2.0,0.0,17.0,11.0,1.0,3.0,1166.71,919.4,0.533,0.035,2024.0,0.8068,354.72,0.7558000000000001,278.84,2,1,1,1,1,3,0,0.699391290775714,0.30060870922428595,0.7142857142857143,0.2857142857142857,0.42857142857142855,0.5714285714285714,0.25,0.75,0.5598838310499401,0.4401161689500599,0.6666666666666666,0.33333333333333337,0.559275397749879,0.440724602250121,0.9383802816901408,0.06161971830985924,1.0219999999999998,0.10000000000000003,3.0,-1.0,75.88000000000005,0.05099999999999982,2.0,6.0,-2.0,247.31000000000006,0.498,247.31000000000006,0.8059069800996651,-1
2024-06-06,Bahréin,Yemen,0-0,,,1.7249999999999994,0.6373999999999999,0.67,0.33,4.0,2.0,7.0,2.0,2.0,1.0,12.5,14.12,2.0,4.0,1307.53,1017.05,0.256,0.096,2024.0,0.8181999999999999,409.98,0.6406000000000001,159.16,0,0,X,0,0,1,1,0.7301896376566204,0.26981036234337963,0.6666666666666666,0.33333333333333337,0.7777777777777778,0.2222222222222222,0.3333333333333333,0.6666666666666667,0.720350001757037,0.279649998242963,0.5,0.5,0.5624801039327535,0.4375198960672465,0.7272727272727273,0.2727272727272727,1.0875999999999997,0.34,2.0,5.0,250.82000000000002,0.17759999999999987,1.0,-1.6199999999999992,-2.0,290.48,0.16,290.48,0.8418605700081836,-1
2024-06-06,Pakistán,Arabia Saudí,0-3,,,0.16880000000000003,2.8091999999999997,0.16,0.84,0.0,8.0,0.0,7.0,2.0,0.0,3.0,5.0,5.0,0.0,849.94,1443.53,0.154,1.56,2024.0,0.44,69.0,0.88,684.0,0,3,2,-3,0,0,3,0.05668233713901949,0.9433176628609805,0.0,1.0,0.0,1.0,1.0,0.0,0.09163346613545817,0.9083665338645418,0.0,1.0,0.37059128743781256,0.6294087125621874,0.08984830805134189,0.9101516919486581,-2.6403999999999996,-0.6799999999999999,-8.0,-7.0,-615.0,-0.44,2.0,-2.0,5.0,-593.5899999999999,-1.4060000000000001,-593.5899999999999,0.03176903107486806,2
2024-06-06,Mauritania,Sudán,0-2,,,0.755,0.9861999999999996,0.5,0.5,0.0,2.0,4.0,2.0,0.0,2.0,10.0,13.0,0.0,0.0,1195.5,1129.32,1.01,0.121,2024.0,0.7968000000000002,353.98,0.8084000000000002,350.96,0,2,2,-2,0,0,3,0.4336090052837125,0.5663909947162875,0.0,1.0,0.6666666666666666,0.33333333333333337,0.5,0.5,0.5021420262717394,0.49785797372826057,0.0,1.0,0.5142333600020648,0.48576663999793523,0.8930150309460654,0.10698496905393462,-0.23119999999999963,0.0,-2.0,2.0,3.0200000000000387,-0.011600000000000055,-2.0,-3.0,0.0,66.18000000000006,0.889,66.18000000000006,0.5941052743454415,-1
2024-06-06,Indonesia,Irak,0-2,,,0.37,2.68,0.54,0.46,1.0,2.0,8.0,3.0,1.0,1.0,13.0,9.0,0.0,1.0,1102.7,1420.47,0.85,0.815,2024.0,0.78,305.0,0.79,256.0,0,2,2,-2,0,0,3,0.12131147540983606,0.8786885245901639,0.3333333333333333,0.6666666666666667,0.7272727272727273,0.2727272727272727,0.0,1.0,0.5436720142602496,0.4563279857397504,0.0,1.0,0.4370296095784271,0.5629703904215728,0.5105105105105104,0.48948948948948956,-2.31,0.08000000000000002,-1.0,5.0,49.0,-0.010000000000000009,0.0,4.0,-1.0,-317.77,0.03500000000000003,-317.77,0.1383298890714308,2
2024-06-06,Bangladés,Australia,0-2,,,0.04,1.51,0.27,0.73,0.0,4.0,1.0,9.0,1.0,0.0,7.0,4.0,2.0,0.0,905.3,1563.93,0.315,2.98,2024.0,0.72,157.0,0.92,540.0,0,2,2,-2,0,0,3,0.025806451612903226,0.9741935483870968,0.0,1.0,0.1,0.9,1.0,0.0,0.22525107604017217,0.7747489239598279,0.0,1.0,0.3666325129696302,0.6333674870303698,0.09559939301972686,0.9044006069802731,-1.47,-0.45999999999999996,-4.0,-8.0,-383.0,-0.20000000000000007,1.0,3.0,2.0,-658.6300000000001,-2.665,-658.6300000000001,0.022066543179466526,3
2024-06-06,Vietnam,Filipinas,3-2,,,1.5708000000000004,1.0841999999999998,0.67,0.33,5.0,3.0,1.0,2.0,2.0,1.0,8.0,11.0,1.0,2.0,1164.54,1075.14,0.277,0.147,2024.0,0.8752000000000004,540.46,0.7252,202.08,3,2,1,1,1,3,0,0.5916384180790961,0.4083615819209039,0.625,0.375,0.3333333333333333,0.6666666666666667,0.3333333333333333,0.6666666666666667,0.7278530449538072,0.2721469550461928,0.6,0.4,0.5199582083154736,0.48004179168452643,0.6533018867924528,0.3466981132075472,0.4866000000000006,0.34,2.0,-1.0,338.38,0.15000000000000047,1.0,-3.0,-1.0,89.39999999999986,0.13000000000000003,89.39999999999986,0.6258907032256269,0
2024-06-06,Singapur,Corea del Sur,0-7,,,0.25579999999999986,3.1658,0.37,0.63,1.0,10.0,1.0,8.0,1.66,0.8,9.0,10.0,3.0,1.0,1019.06,1563.99,0.156,5.35,2024.0,0.7088000000000001,210.0,0.8512000000000001,476.04,0,7,2,-7,0,0,3,0.07476034603694175,0.9252396539630583,0.09090909090909091,0.9090909090909091,0.1111111111111111,0.8888888888888888,0.75,0.25,0.3061046003148505,0.6938953996851496,0.0,1.0,0.3945181084376996,0.6054818915623004,0.028332727933163826,0.9716672720668362,-2.91,-0.26,-9.0,-7.0,-266.04,-0.14239999999999997,0.8599999999999999,-1.0,2.0,-544.9300000000001,-5.194,-544.9300000000001,0.0416117959080493,3
2024-06-06,China Taipei,Omán,0-3,,,0.5495999999999999,2.3278000000000003,0.34,0.66,0.0,8.0,4.0,3.0,2.0,1.0,12.0,9.0,5.0,0.0,1007.3,1323.23,0.091,0.297,2024.0,0.7096000000000002,203.76,0.8496000000000002,478.84,0,3,2,-3,0,0,3,0.19100576909710149,0.8089942309028986,0.0,1.0,0.5714285714285714,0.4285714285714286,1.0,0.0,0.298505713448579,0.701494286551421,0.0,1.0,0.43221928059282655,0.5677807194071735,0.2345360824742268,0.7654639175257731,-1.7782000000000004,-0.32,-8.0,1.0,-275.08,-0.14,1.0,3.0,5.0,-315.93000000000006,-0.206,-315.93000000000006,0.139597229762502,1
2024-06-06,China,Tailandia,1-1,,,2.13,1.11,0.43,0.57,4.0,6.0,5.0,8.0,2.0,3.0,11.0,22.0,5.0,4.0,1275.22,1208.93,0.551,0.273,2024.0,0.78,371.0,0.74,312.0,1,1,X,0,0,1,1,0.6574074074074073,0.34259259259259267,0.4,0.6,0.38461538461538464,0.6153846153846154,0.5555555555555556,0.4444444444444444,0.5431918008784773,0.4568081991215227,0.5,0.5,0.5133425920334923,0.4866574079665077,0.6686893203883495,0.3313106796116505,1.0199999999999998,-0.13999999999999996,-2.0,-3.0,59.0,0.040000000000000036,-1.0,-11.0,1.0,66.28999999999996,0.278,66.28999999999996,0.5942579603763762,0
2024-06-06,Birmania,Japón,0-5,,,0.1,2.81,0.23,0.77,1.0,9.0,1.0,9.0,1.0,1.0,4.0,12.0,4.0,1.0,999.46,1621.88,0.125,10.42,2024.0,0.61,149.0,0.91,721.0,0,5,2,-5,0,0,3,0.03436426116838488,0.9656357388316151,0.1,0.9,0.1,0.9,0.8,0.19999999999999996,0.17126436781609194,0.8287356321839081,0.0,1.0,0.3812782775221833,0.6187217224778168,0.011853959222380275,0.9881460407776197,-2.71,-0.54,-8.0,-8.0,-572.0,-0.30000000000000004,0.0,-8.0,3.0,-622.4200000000001,-10.295,-622.4200000000001,0.027042320174402966,3
2024-06-06,Malaui,Santo Tomé y Príncipe,3-1,,,1.8559999999999997,0.9940000000000001,0.8,0.2,4.0,3.0,4.0,2.0,2.64,2.76,16.0,15.0,2.0,1.0,1140.93,893.58,0.075,0.066,2024.0,0.8538000000000001,499.46,0.6461999999999999,146.2,3,1,1,2,1,3,0,0.6512280701754386,0.3487719298245614,0.5714285714285714,0.4285714285714286,0.6666666666666666,0.33333333333333337,0.6666666666666666,0.33333333333333337,0.7735650342285414,0.2264349657714586,0.75,0.25,0.5607885928307061,0.43921140716929385,0.5319148936170212,0.46808510638297884,0.8619999999999995,0.6000000000000001,1.0,2.0,353.26,0.20760000000000023,-0.11999999999999966,1.0,1.0,247.35000000000002,0.008999999999999994,247.35000000000002,0.8059429948104664,0
2024-06-06,India,Kuwait,0-0,,,0.64,0.69,0.48,0.52,3.0,4.0,7.0,4.0,1.0,2.0,11.0,12.0,4.0,3.0,1145.94,1085.46,0.182,0.176,2024.0,0.75,230.0,0.76,260.0,0,0,X,0,0,1,1,0.48120300751879697,0.518796992481203,0.42857142857142855,0.5714285714285714,0.6363636363636364,0.36363636363636365,0.5714285714285714,0.4285714285714286,0.46938775510204084,0.5306122448979591,0.5,0.5,0.5135520301156224,0.48644796988437755,0.5083798882681564,0.4916201117318436,-0.04999999999999993,-0.040000000000000036,-1.0,3.0,-30.0,-0.010000000000000009,-1.0,-1.0,1.0,60.48000000000002,0.006000000000000005,60.48000000000002,0.5861690970495713,0
2024-06-06,Uzbekistán,Turkmenistán,3-1,,,1.5398000000000003,0.2084,0.69,0.31,5.0,1.0,11.0,3.0,2.0,2.0,8.0,10.0,0.0,2.0,1386.58,1072.52,3.28,0.134,2024.0,0.8889999999999998,600.82,0.7417999999999998,209.2,3,1,1,2,1,3,0,0.8807916714334745,0.11920832856652552,0.8333333333333334,0.16666666666666663,0.7857142857142857,0.2142857142857143,0.0,1.0,0.7417347719809388,0.25826522801906115,0.75,0.25,0.5638566955390183,0.4361433044609817,0.9607498535442297,0.039250146455770296,1.3314000000000004,0.37999999999999995,4.0,8.0,391.62000000000006,0.1472,0.0,-2.0,-2.0,314.05999999999995,3.146,314.05999999999995,0.8591048145862277,-2
2024-06-06,Kirguistán,Malasia,1-1,,,1.3028,1.0839999999999999,0.49,0.51,6.0,4.0,3.0,4.0,1.0,1.0,18.0,8.0,3.0,5.0,1213.6,1094.54,0.271,0.271,2024.0,0.8043999999999998,328.8,0.8189999999999997,349.96,1,1,X,0,0,1,1,0.5458354281883694,0.4541645718116306,0.6,0.4,0.42857142857142855,0.5714285714285714,0.375,0.625,0.4844127526666274,0.5155872473333726,0.5,0.5,0.5257913298153492,0.47420867018465085,0.5,0.5,0.2188000000000001,-0.020000000000000018,2.0,-1.0,-21.159999999999968,-0.014599999999999946,0.0,10.0,-2.0,119.05999999999995,0.0,119.05999999999995,0.664934934111618,-1
2024-06-06,Hong Kong,Irán,2-4,,,0.6968000000000002,2.0370000000000004,0.39,0.61,4.0,7.0,4.0,5.0,1.0,1.0,10.0,15.0,3.0,2.0,1012.83,1613.96,0.16,1.23,2024.0,0.7632000000000002,255.38,0.8498000000000004,474.08,2,4,2,-2,0,0,3,0.254883312605165,0.7451166873948349,0.36363636363636365,0.6363636363636364,0.4444444444444444,0.5555555555555556,0.6,0.4,0.35009459051901404,0.649905409480986,0.3333333333333333,0.6666666666666667,0.3855770731577325,0.6144229268422675,0.11510791366906475,0.8848920863309353,-1.3402000000000003,-0.21999999999999997,-3.0,-1.0,-218.7,-0.08660000000000023,0.0,-5.0,1.0,-601.13,-1.07,-601.13,0.030460736611290964,3
2024-06-07,Costa de Marfil,Gabón,1-0,,,1.5706,0.6447999999999999,0.55,0.45,5.0,3.0,4.0,4.0,0.0,2.0,13.0,14.0,3.0,4.0,1498.8,1287.33,20.08,1.01,2024.0,0.8315999999999998,386.86,0.7981999999999998,301.7,1,0,1,1,1,3,0,0.7089464656495441,0.2910535343504559,0.625,0.375,0.5,0.5,0.42857142857142855,0.5714285714285714,0.5618392006506333,0.4381607993493667,1.0,0.0,0.537950490465269,0.462049509534731,0.9521100047415836,0.04788999525841642,0.9258000000000001,0.10000000000000003,2.0,0.0,85.16000000000003,0.033399999999999985,-2.0,-1.0,-1.0,211.47000000000003,19.069999999999997,211.47000000000003,0.7715914297936539,-1
2024-06-07,Marruecos,Zambia,2-1,,,1.7159999999999997,0.3716000000000001,0.63,0.37,5.0,1.0,5.0,2.0,0.0,3.0,14.0,19.0,0.0,3.0,1661.42,1278.26,17.22,0.614,2024.0,0.883,520.74,0.7694000000000003,254.88,2,1,1,1,1,3,0,0.8219965510634221,0.17800344893657793,0.8333333333333334,0.16666666666666663,0.7142857142857143,0.2857142857142857,0.0,1.0,0.6713854722673475,0.32861452773265254,0.6666666666666666,0.33333333333333337,0.5651703586784956,0.43482964132150437,0.9655713805091398,0.03442861949086018,1.3443999999999996,0.26,4.0,3.0,265.86,0.1135999999999997,-3.0,-5.0,-3.0,383.1600000000001,16.605999999999998,383.1600000000001,0.9007554023234928,-2
2024-06-07,Nigeria,Sudáfrica,1-1,,,1.4345999999999994,0.7392000000000002,0.57,0.43,5.0,3.0,3.0,3.0,1.0,3.0,8.0,13.0,2.0,4.0,1520.27,1407.67,7.48,1.89,2024.0,0.8593999999999999,465.12,0.8003999999999998,315.22,1,1,X,0,0,1,1,0.6599503174165056,0.34004968258349444,0.625,0.375,0.5,0.5,0.3333333333333333,0.6666666666666667,0.5960478765666248,0.40395212343337517,0.5,0.5,0.5192285361038819,0.48077146389611813,0.7982924226254001,0.20170757737459988,0.6953999999999992,0.13999999999999996,2.0,0.0,149.89999999999998,0.05900000000000016,-2.0,-5.0,-2.0,112.59999999999991,5.590000000000001,112.59999999999991,0.656599694946931,-1
2024-06-07,Angola,Eswatini,1-0,,,0.6334000000000001,0.3632,0.6,0.4,1.0,1.0,4.0,4.0,2.0,1.0,18.0,14.0,1.0,0.0,1235.76,1048.89,1.72,0.045,2024.0,0.8818000000000005,478.22,0.7868000000000004,275.58,1,0,1,1,1,3,0,0.6355609070840859,0.36443909291591414,0.5,0.5,0.5,0.5,1.0,0.0,0.6344123109578138,0.3655876890421862,1.0,0.0,0.5408968550981551,0.4591031449018449,0.9745042492917847,0.025495750708215303,0.27020000000000005,0.19999999999999996,0.0,0.0,202.64000000000004,0.09500000000000008,1.0,4.0,1.0,186.8699999999999,1.675,186.8699999999999,0.7456813187008637,-1
2024-06-07,Mozambique,Somalia,2-1,,,0.9356000000000002,1.4385999999999997,0.6,0.4,2.0,4.0,8.0,6.0,3.0,3.0,7.0,11.0,3.0,0.0,1184.49,842.64,0.059,0.04,2024.0,0.9042000000000003,513.16,0.8299999999999997,313.0,2,1,1,1,1,3,0,0.3940695813326595,0.6059304186673404,0.3333333333333333,0.6666666666666667,0.5714285714285714,0.4285714285714286,1.0,0.0,0.6211387624673187,0.3788612375326813,0.6666666666666666,0.33333333333333337,0.5843187166091962,0.4156812833908038,0.5959595959595959,0.4040404040404041,-0.5029999999999994,0.19999999999999996,-2.0,2.0,200.15999999999997,0.0742000000000006,0.0,-4.0,3.0,341.85,0.018999999999999996,341.85,0.8773796485842357,-1
2024-06-07,Uganda,Botsuana,1-0,,,1.0936,0.36440000000000006,0.54,0.46,3.0,0.0,7.0,3.0,2.0,2.0,10.0,16.0,0.0,2.0,1242.15,1065.07,0.297,0.117,2024.0,0.8496000000000001,415.6,0.8216,345.92,1,0,1,1,1,3,0,0.7500685871056241,0.24993141289437593,1.0,0.0,0.7,0.30000000000000004,0.0,1.0,0.5457506040550478,0.4542493959449522,1.0,0.0,0.5383751874550324,0.46162481254496757,0.717391304347826,0.28260869565217395,0.7291999999999998,0.08000000000000002,3.0,4.0,69.68,0.028000000000000136,0.0,-6.0,-2.0,177.08000000000015,0.18,177.08000000000015,0.7348468293646383,-1
2024-06-07,Kenia,Burundi,1-1,,,1.5448,0.7182,0.52,0.48,6.0,2.0,7.0,2.0,1.0,2.0,17.0,22.0,1.0,5.0,1191.24,1081.63,0.135,0.377,2024.0,0.8064,354.3,0.7934,314.86,1,1,X,0,0,1,1,0.6826336721166593,0.31736632788334074,0.75,0.25,0.7777777777777778,0.2222222222222222,0.16666666666666666,0.8333333333333334,0.5294697830115368,0.4705302169884632,0.5,0.5,0.5241126857233366,0.4758873142766634,0.263671875,0.736328125,0.8266,0.040000000000000036,4.0,5.0,39.44,0.013000000000000012,-1.0,-5.0,-4.0,109.6099999999999,-0.242,109.6099999999999,0.6527084403051224,-1
2024-06-07,Zimbabue,Lesoto,0-2,,,1.0446,1.0383999999999995,0.61,0.39,1.0,2.0,9.0,1.0,4.0,4.0,8.0,18.0,0.0,1.0,1143.66,1047.58,1.21,0.025,2024.0,0.8944000000000001,517.1,0.8165999999999997,307.54,0,2,2,-2,0,0,3,0.5014882381180991,0.49851176188190094,0.3333333333333333,0.6666666666666667,0.9,0.09999999999999998,0.0,1.0,0.6270615056266977,0.3729384943733023,0.0,1.0,0.5219236596630219,0.4780763403369781,0.979757085020243,0.020242914979757054,0.006200000000000427,0.21999999999999997,-1.0,8.0,209.56,0.07780000000000042,0.0,-10.0,-1.0,96.08000000000015,1.185,96.08000000000015,0.6348500966409669,0
2024-06-07,Madagascar,Comores,2-1,,,0.9726000000000002,0.8484,0.51,0.49,3.0,3.0,3.0,3.0,3.0,2.0,10.0,7.0,2.0,1.0,1185.86,1163.02,0.283,0.667,2024.0,0.7994,340.8,0.8044,325.32,2,1,1,1,1,3,0,0.5341021416803955,0.4658978583196045,0.5,0.5,0.5,0.5,0.6666666666666666,0.33333333333333337,0.5116195280129706,0.4883804719870294,0.6666666666666666,0.33333333333333337,0.5048618916249445,0.49513810837505545,0.29789473684210527,0.7021052631578948,0.1242000000000002,0.020000000000000018,0.0,0.0,15.480000000000018,-0.0050000000000000044,1.0,3.0,1.0,22.839999999999918,-0.38400000000000006,22.839999999999918,0.532822134545003,-1
2024-06-08,Gambia,Seychelles,5-1,,,2.2975999999999996,0.7847999999999999,0.7,0.3,9.0,2.0,9.0,2.0,4.0,3.0,8.0,9.0,1.0,4.0,1114.8,845.53,3.43,0.045,2024.0,0.8963999999999998,587.22,0.7486,191.48,5,1,1,4,1,3,0,0.7453932001038152,0.25460679989618484,0.8181818181818182,0.18181818181818177,0.8181818181818182,0.18181818181818177,0.2,0.8,0.7541029921664312,0.24589700783356883,0.8333333333333334,0.16666666666666663,0.5686797631011106,0.43132023689888943,0.9870503597122302,0.012949640287769792,1.5127999999999997,0.39999999999999997,7.0,7.0,395.74,0.1477999999999997,1.0,-1.0,-3.0,269.27,3.3850000000000002,269.27,0.8249199018420663,0
2024-06-08,Camerún,Cabo Verde,4-1,,,1.8306,0.8765999999999999,0.77,0.23,5.0,3.0,4.0,1.0,3.0,0.0,25.0,10.0,2.0,1.0,1452.59,1383.44,8.28,2.1,2024.0,0.8916,627.76,0.7052,165.74,4,1,1,3,1,3,0,0.6761968085106383,0.32380319148936165,0.625,0.375,0.8,0.19999999999999996,0.6666666666666666,0.33333333333333337,0.7911279143037176,0.20887208569628235,0.8,0.19999999999999996,0.5121913378913482,0.4878086621086518,0.7976878612716763,0.20231213872832365,0.9540000000000001,0.54,2.0,3.0,462.02,0.1863999999999999,3.0,15.0,1.0,69.14999999999986,6.18,69.14999999999986,0.5982213204530762,0
2024-06-09,Mauritania,Senegal,0-1,,,1.2717999999999998,1.6492000000000007,0.3,0.7,5.0,5.0,1.0,2.0,4.0,1.0,16.0,15.0,4.0,5.0,1195.5,1624.73,1.01,18.39,2024.0,0.7260000000000001,190.02,0.8839999999999997,593.04,0,1,2,-1,0,0,3,0.43539883601506324,0.5646011639849368,0.5,0.5,0.3333333333333333,0.6666666666666667,0.4444444444444444,0.5555555555555556,0.24266339744080917,0.7573366025591908,0.0,1.0,0.4239015966782851,0.5760984033217149,0.05206185567010309,0.9479381443298969,-0.37740000000000085,-0.39999999999999997,0.0,-1.0,-403.02,-0.15799999999999959,3.0,1.0,-1.0,-429.23,-17.38,-429.23,0.07792738847690148,2
2024-06-09,RD Congo,Togo,1-0,,,0.4524,1.3755999999999997,0.41,0.59,1.0,6.0,1.0,8.0,1.0,1.0,18.0,15.0,6.0,0.0,1388.25,1170.34,5.53,1.11,2024.0,0.7720000000000004,251.58,0.8570000000000004,437.72,1,0,1,1,1,3,0,0.24748358862144423,0.7525164113785557,0.14285714285714285,0.8571428571428572,0.1111111111111111,0.8888888888888888,1.0,0.0,0.36497896416654574,0.6350210358334543,1.0,0.0,0.5425840013444905,0.4574159986555095,0.8328313253012047,0.16716867469879526,-0.9231999999999997,-0.18,-5.0,-7.0,-186.14000000000001,-0.08500000000000008,0.0,3.0,6.0,217.91000000000008,4.42,217.91000000000008,0.7780590031155088,-1
2024-06-09,Yibuti,Etiopía,1-1,,,0.8869999999999999,0.8954,0.37,0.63,3.0,1.0,1.0,7.0,3.0,1.0,15.0,11.0,0.0,2.0,877.28,1068.48,0.029,0.126,2024.0,0.7294000000000002,217.18,0.8384000000000001,430.2,1,1,X,0,0,1,1,0.49764362657091554,0.5023563734290845,0.75,0.25,0.125,0.875,0.0,1.0,0.33547530044178075,0.6645246995582192,0.5,0.5,0.4508675273415015,0.5491324726584985,0.1870967741935484,0.8129032258064516,-0.008400000000000074,-0.26,2.0,-6.0,-213.01999999999998,-0.10899999999999999,2.0,4.0,-2.0,-191.20000000000005,-0.097,-191.20000000000005,0.2496208071084264,0
2024-06-09,Santo Tomé y Príncipe,Liberia,0-1,,,0.6261999999999999,1.2109999999999999,0.5,0.5,1.0,4.0,9.0,6.0,2.0,1.0,12.0,12.0,3.0,1.0,893.58,1029.58,0.066,0.551,2024.0,0.7683999999999999,290.12,0.7925999999999999,303.84,0,1,2,-1,0,0,3,0.3408447637709558,0.6591552362290443,0.2,0.8,0.6,0.4,0.75,0.25,0.48845040070038387,0.5115495992996162,0.0,1.0,0.4646415274860127,0.5353584725139873,0.10696920583468396,0.893030794165316,-0.5848,0.0,-3.0,3.0,-13.71999999999997,-0.0242,1.0,0.0,2.0,-135.9999999999999,-0.48500000000000004,-135.9999999999999,0.3136997423166877,0
2024-06-09,Namibia,Túnez,0-0,,,0.8817999999999999,0.5588,0.53,0.47,2.0,0.0,5.0,6.0,2.0,0.0,13.0,16.0,0.0,2.0,1192.13,1493.12,0.09,2.69,2024.0,0.8163999999999999,372.66,0.8054000000000003,339.9,0,0,X,0,0,1,1,0.6121060669165626,0.38789393308343745,1.0,0.0,0.45454545454545453,0.5454545454545454,0.0,1.0,0.5229875378915461,0.47701246210845394,0.5,0.5,0.44395493901871336,0.5560450609812866,0.03237410071942446,0.9676258992805755,0.32299999999999995,0.06000000000000005,2.0,-1.0,32.76000000000005,0.010999999999999566,2.0,-3.0,-2.0,-300.9899999999998,-2.6,-300.9899999999998,0.1502504975895164,1
2024-06-10,Burkina Faso,Sierra Leona,2-2,,,1.4952,0.8424000000000003,0.56,0.44,5.0,3.0,6.0,1.0,2.0,1.0,18.0,14.0,1.0,3.0,1390.38,1137.36,4.42,0.559,2024.0,0.8592000000000002,457.16,0.7946,314.76,2,2,X,0,0,1,1,0.6396303901437371,0.3603696098562629,0.625,0.375,0.8571428571428571,0.1428571428571429,0.25,0.75,0.5922375375686599,0.40776246243134007,0.5,0.5,0.5500486600678868,0.4499513399321132,0.8877284595300261,0.1122715404699739,0.6527999999999998,0.12000000000000005,2.0,5.0,142.40000000000003,0.06460000000000021,1.0,4.0,-2.0,253.0200000000002,3.8609999999999998,253.0200000000002,0.8109968058775582,-2
2024-06-10,Ghana,República Centroafricana,4-3,,,1.8060000000000003,1.2454,0.64,0.36,6.0,5.0,0.0,2.0,2.0,4.0,14.0,12.0,2.0,2.0,1358.77,1128.17,9.01,0.336,2024.0,0.8493999999999999,457.42,0.7152000000000001,221.84,4,3,1,1,1,3,0,0.5918594743396475,0.4081405256603525,0.5454545454545454,0.4545454545454546,0.0,1.0,0.5,0.5,0.6734092983540912,0.32659070164590875,0.5714285714285714,0.4285714285714286,0.5463621961124916,0.4536378038875084,0.9640487909265996,0.035951209073400436,0.5606000000000002,0.28,1.0,-2.0,235.58,0.13419999999999987,-2.0,2.0,0.0,230.5999999999999,8.674,230.5999999999999,0.7904169161934331,-2
2024-06-10,Guinea,Mozambique,0-1,,,1.5074,1.5315999999999996,0.48,0.52,6.0,5.0,6.0,5.0,0.0,2.0,15.0,11.0,4.0,6.0,1324.65,1184.49,2.47,0.059,2024.0,0.7946000000000004,311.82,0.8111999999999999,339.36,0,1,2,-1,0,0,3,0.49601842711418237,0.5039815728858177,0.5454545454545454,0.4545454545454546,0.5454545454545454,0.4545454545454546,0.4,0.6,0.478853773150281,0.521146226849719,0.0,1.0,0.5279298883282718,0.4720701116717282,0.9766706207987346,0.023329379201265432,-0.024199999999999555,-0.040000000000000036,1.0,1.0,-27.54000000000002,-0.016599999999999504,-2.0,4.0,-2.0,140.16000000000008,2.411,140.16000000000008,0.6914326929117467,0
2024-06-10,Benín,Nigeria,2-1,,,1.1894,0.4979999999999999,0.47,0.53,4.0,1.0,3.0,6.0,0.0,1.0,13.0,16.0,0.0,2.0,1225.68,1520.27,0.723,7.48,2024.0,0.8037999999999998,326.36,0.8287999999999996,389.9,2,1,1,1,1,3,0,0.7048713997866541,0.29512860021334586,0.8,0.19999999999999996,0.3333333333333333,0.6666666666666667,0.0,1.0,0.4556445983302153,0.5443554016697847,0.6666666666666666,0.33333333333333337,0.4463591835248275,0.5536408164751725,0.08813848591978543,0.9118615140802145,0.6914000000000001,-0.06000000000000005,3.0,-3.0,-63.539999999999964,-0.0249999999999998,-1.0,-3.0,-2.0,-294.5899999999999,-6.757000000000001,-294.5899999999999,0.1550150829041905,2
2024-06-10,Uganda,Argelia,1-2,,,1.1006,1.0584000000000002,0.49,0.51,4.0,3.0,6.0,1.0,4.0,3.0,17.0,11.0,1.0,3.0,1242.15,1482.71,0.297,9.88,2024.0,0.8155999999999998,337.08,0.8175999999999998,344.52,1,2,2,-1,0,0,3,0.5097730430754979,0.49022695692450213,0.5714285714285714,0.4285714285714286,0.8571428571428571,0.1428571428571429,0.25,0.75,0.4945422535211268,0.5054577464788732,0.3333333333333333,0.6666666666666667,0.45585828262736433,0.5441417173726357,0.02918345288395401,0.970816547116046,0.04219999999999979,-0.020000000000000018,1.0,5.0,-7.439999999999998,-0.0020000000000000018,1.0,6.0,-2.0,-240.55999999999995,-9.583,-240.55999999999995,0.20024326064806156,1
2024-06-10,Guinea Ecuatorial,Malaui,1-0,,,1.7988,0.35379999999999995,0.67,0.33,4.0,1.0,3.0,1.0,1.0,3.0,14.0,17.0,1.0,3.0,1308.03,1140.93,0.191,0.075,2024.0,0.8244,419.78,0.6742000000000001,175.52,1,0,1,1,1,3,0,0.8356406206448016,0.1643593793551984,0.8,0.19999999999999996,0.75,0.25,0.25,0.75,0.7051570636653788,0.2948429363346212,1.0,0.0,0.5341165229321835,0.4658834770678165,0.7180451127819548,0.2819548872180452,1.445,0.34,3.0,2.0,244.25999999999996,0.1501999999999999,-2.0,-3.0,-2.0,167.0999999999999,0.116,167.0999999999999,0.7235030402131762,-1
2024-06-10,Somalia,Botsuana,1-3,,,1.1188,1.2571999999999999,0.43,0.57,4.0,4.0,4.0,3.0,1.0,2.0,16.0,18.0,1.0,3.0,842.64,1065.07,0.04,0.117,2024.0,0.7772000000000002,269.48,0.8164000000000001,366.14,1,3,2,-2,0,0,3,0.4708754208754209,0.5291245791245791,0.5,0.5,0.5714285714285714,0.4285714285714286,0.25,0.75,0.42396400364997955,0.5760359963500205,0.25,0.75,0.44170235517977047,0.5582976448202295,0.25477707006369427,0.7452229299363058,-0.13839999999999986,-0.13999999999999996,0.0,1.0,-96.65999999999997,-0.0391999999999999,-1.0,-2.0,-2.0,-222.42999999999995,-0.07700000000000001,-222.42999999999995,0.21748043963753186,0
2024-06-10,Guinea-Bisáu,Egipto,1-1,,,0.3648,1.2378000000000002,0.29,0.71,1.0,2.0,3.0,2.0,4.0,2.0,8.0,11.0,1.0,0.0,1163.44,1499.72,1.64,4.48,2024.0,0.6968,173.8,0.8886000000000003,609.18,1,1,X,0,0,1,1,0.22763010108573564,0.7723698989142643,0.3333333333333333,0.6666666666666667,0.6,0.4,1.0,0.0,0.22197246417533015,0.7780275358246699,0.5,0.5,0.43686447678697493,0.5631355232130251,0.2679738562091503,0.7320261437908497,-0.8730000000000002,-0.42,-1.0,1.0,-435.37999999999994,-0.1918000000000003,2.0,-3.0,1.0,-336.28,-2.8400000000000007,-336.28,0.1261118382479671,2
2024-06-11,Cabo Verde,Libia,1-0,,,1.4194000000000002,0.5508,0.6,0.4,5.0,2.0,10.0,5.0,2.0,3.0,12.0,14.0,2.0,4.0,1383.44,1166.71,2.1,0.533,2024.0,0.8033999999999999,367.36,0.7078000000000002,220.06,1,0,1,1,1,3,0,0.7204344736574968,0.2795655263425032,0.7142857142857143,0.2857142857142857,0.6666666666666666,0.33333333333333337,0.3333333333333333,0.6666666666666667,0.6253787749821251,0.37462122501787487,1.0,0.0,0.5424935788090897,0.45750642119091034,0.7975693125712116,0.20243068742878845,0.8686000000000003,0.19999999999999996,3.0,5.0,147.3,0.09559999999999969,-1.0,-2.0,-2.0,216.73000000000002,1.5670000000000002,216.73000000000002,0.7768838156621104,-1
2024-06-11,Omán,Kirguistán,1-1,,,2.0191999999999997,1.2409999999999994,0.52,0.48,7.0,5.0,13.0,5.0,1.3,1.68,8.0,8.0,4.0,6.0,1323.23,1213.6,0.297,0.271,2024.0,0.7936000000000001,362.08,0.8113999999999999,347.04,1,1,X,0,0,1,1,0.6193485062266119,0.38065149377338814,0.5833333333333334,0.41666666666666663,0.7222222222222222,0.2777777777777778,0.4,0.6,0.5106046931407942,0.48939530685920585,0.5,0.5,0.5216076757212742,0.4783923242787258,0.5228873239436619,0.4771126760563381,0.7782000000000002,0.040000000000000036,2.0,8.0,15.039999999999964,-0.017799999999999816,-0.3799999999999999,0.0,-2.0,109.63000000000011,0.025999999999999968,109.63000000000011,0.6527345373609471,0
2024-06-11,Líbano,Bangladés,4-0,,,2.5532000000000004,0.6611999999999999,0.58,0.42,9.0,2.0,8.0,2.0,2.0,1.0,6.0,10.0,2.0,5.0,1158.96,905.3,0.241,0.315,2024.0,0.87,497.78,0.7841999999999998,307.0,4,0,1,4,1,3,0,0.7943006470881036,0.20569935291189645,0.8181818181818182,0.18181818181818177,0.8,0.19999999999999996,0.2857142857142857,0.7142857142857143,0.6185292875071448,0.38147071249285525,1.0,0.0,0.561440903762123,0.43855909623787703,0.4334532374100719,0.5665467625899281,1.8920000000000003,0.15999999999999998,7.0,6.0,190.77999999999997,0.08580000000000021,1.0,-4.0,-3.0,253.66000000000008,-0.07400000000000001,253.66000000000008,0.8115608669881157,0
2024-06-11,Irán,Uzbekistán,0-0,,,0.9266000000000002,0.5012,0.53,0.47,1.0,1.0,4.0,2.0,1.0,1.0,7.0,9.0,1.0,1.0,1613.96,1386.58,1.23,3.28,2024.0,0.7992,373.94,0.7850000000000003,316.78,0,0,X,0,0,1,1,0.6489704440397815,0.35102955596021845,0.5,0.5,0.6666666666666666,0.33333333333333337,0.5,0.5,0.541377113736391,0.45862288626360903,0.5,0.5,0.5378898464942977,0.4621101535057023,0.27272727272727276,0.7272727272727273,0.4254000000000002,0.06000000000000005,0.0,2.0,57.160000000000025,0.014199999999999768,0.0,-2.0,0.0,227.3800000000001,-2.05,227.3800000000001,0.7873297806963843,-1
2024-06-11,Emiratos Árabes Unidos,Bahréin,1-1,,,0.8908000000000001,0.7162000000000001,0.5,0.5,3.0,3.0,6.0,3.0,3.0,1.0,10.0,7.0,2.0,2.0,1366.45,1307.53,1.21,0.256,2024.0,0.8049999999999997,349.9,0.8112000000000004,355.72,1,1,X,0,0,1,1,0.5543248288736777,0.44567517112632227,0.5,0.5,0.6666666666666666,0.33333333333333337,0.5,0.5,0.4958759672344888,0.5041240327655112,0.5,0.5,0.5110172850956253,0.4889827149043747,0.82537517053206,0.17462482946794,0.1746000000000001,0.0,0.0,3.0,-5.82000000000005,-0.0062000000000006494,2.0,3.0,0.0,58.92000000000007,0.954,58.92000000000007,0.5839890824516862,-1
2024-06-11,Angola,Camerún,1-1,,,1.1638,0.9693999999999997,0.52,0.48,5.0,4.0,4.0,4.0,1.0,0.0,13.0,14.0,3.0,4.0,1235.76,1452.59,1.72,8.28,2024.0,0.8084000000000002,369.68,0.814,336.88,1,1,X,0,0,1,1,0.5455653478342397,0.4544346521657603,0.5555555555555556,0.4444444444444444,0.5,0.5,0.42857142857142855,0.5714285714285714,0.5232110507246377,0.4767889492753623,0.5,0.5,0.45967228969442225,0.5403277103055777,0.172,0.8280000000000001,0.19440000000000024,0.040000000000000036,1.0,0.0,32.80000000000001,-0.005599999999999716,1.0,-1.0,-1.0,-216.82999999999993,-6.56,-216.82999999999993,0.22301642039197372,1
2024-06-11,Irak,Vietnam,3-1,,,2.700799999999999,0.9704,0.61,0.39,9.0,4.0,3.0,2.0,1.0,1.0,16.0,11.0,3.0,6.0,1420.47,1164.54,0.815,0.277,2024.0,0.8788000000000001,497.98,0.7851999999999998,271.4,3,1,1,2,1,3,0,0.7356722597515798,0.2643277402484202,0.6923076923076923,0.3076923076923077,0.6,0.4,0.3333333333333333,0.6666666666666667,0.6472484338038421,0.3527515661961579,0.75,0.25,0.5495027098541204,0.4504972901458796,0.7463369963369962,0.25366300366300376,1.730399999999999,0.21999999999999997,5.0,1.0,226.58000000000004,0.09360000000000035,0.0,5.0,-3.0,255.93000000000006,0.5379999999999999,255.93000000000006,0.8135510961083647,-2
2024-06-11,Arabia Saudí,Jordania,1-2,,,1.9299999999999997,1.0576000000000005,0.71,0.29,6.0,4.0,7.0,3.0,3.0,3.0,15.0,12.0,2.0,5.0,1443.53,1350.21,1.56,0.781,2024.0,0.89,534.0,0.76,188.0,1,2,2,-1,0,0,3,0.6460034810550273,0.35399651894497275,0.6,0.4,0.7,0.30000000000000004,0.2857142857142857,0.7142857142857143,0.739612188365651,0.260387811634349,0.3333333333333333,0.6666666666666667,0.5167016257776315,0.48329837422236854,0.6663818880820161,0.33361811191798385,0.8723999999999992,0.42,2.0,4.0,346.0,0.13,0.0,3.0,-3.0,93.31999999999994,0.779,93.31999999999994,0.6311592205250436,-1
2024-06-11,Seychelles,Burundi,1-3,,,1.0788000000000002,2.483799999999999,0.48,0.52,4.0,8.0,3.0,8.0,2.0,0.0,17.0,12.0,5.0,3.0,845.53,1081.63,0.045,0.377,2024.0,0.7830000000000001,304.66,0.8190000000000001,329.98,1,3,2,-2,0,0,3,0.3028125526301017,0.6971874473698982,0.3333333333333333,0.6666666666666667,0.2727272727272727,0.7272727272727273,0.625,0.375,0.48005168284381694,0.5199483171561831,0.25,0.75,0.43874405861474913,0.5612559413852509,0.1066350710900474,0.8933649289099526,-1.404999999999999,-0.040000000000000036,-4.0,-5.0,-25.319999999999993,-0.03599999999999992,2.0,5.0,2.0,-236.10000000000014,-0.332,-236.10000000000014,0.20438647639519492,0
2024-06-11,Congo,Marruecos,0-6,,,0.5546000000000001,3.2879999999999994,0.39,0.61,1.0,11.0,4.0,3.0,4.0,0.0,12.0,13.0,5.0,1.0,1179.8,1661.42,0.111,17.22,2024.0,0.7122000000000004,205.38,0.8580000000000004,465.0,0,6,2,-6,0,0,3,0.14432936032894397,0.855670639671056,0.08333333333333333,0.9166666666666666,0.5714285714285714,0.4285714285714286,0.8333333333333334,0.16666666666666663,0.3063635549986575,0.6936364450013426,0.0,1.0,0.4152441556796024,0.5847558443203976,0.006404708326120824,0.9935952916738792,-2.733399999999999,-0.21999999999999997,-10.0,1.0,-259.62,-0.14580000000000004,4.0,-1.0,4.0,-481.6200000000001,-17.108999999999998,-481.6200000000001,0.058832451348182296,2
2024-06-11,Chad,Comores,0-2,,,0.5456,2.0492,0.45,0.55,0.0,6.0,3.0,4.0,1.0,1.0,13.0,10.0,4.0,0.0,945.92,1163.02,0.356,0.667,2024.0,0.7658000000000001,273.18,0.8179999999999998,366.18,0,2,2,-2,0,0,3,0.21026668722059505,0.789733312779405,0.0,1.0,0.42857142857142855,0.5714285714285714,1.0,0.0,0.42727102102102105,0.5727289789789789,0.0,1.0,0.448528644721993,0.5514713552780071,0.3479960899315737,0.6520039100684263,-1.5036,-0.10000000000000003,-6.0,-1.0,-93.0,-0.05219999999999969,0.0,3.0,4.0,-217.10000000000002,-0.31100000000000005,-217.10000000000002,0.2227472166254757,0
2024-06-11,Yemen,Nepal,2-2,,,2.2654000000000005,1.0158,0.52,0.48,9.0,3.0,6.0,3.0,1.0,4.0,8.0,12.0,1.0,7.0,1017.05,937.84,0.096,0.059,2024.0,0.8376000000000002,406.6,0.8149999999999998,364.08,2,2,X,0,0,1,1,0.690418139704986,0.309581860295014,0.75,0.25,0.6666666666666666,0.33333333333333337,0.125,0.875,0.5275860279233923,0.47241397207660774,0.5,0.5,0.5202594519384722,0.47974054806152777,0.6193548387096774,0.38064516129032255,1.2496000000000005,0.040000000000000036,6.0,3.0,42.52000000000004,0.022600000000000398,-3.0,-4.0,-6.0,79.20999999999992,0.037000000000000005,79.20999999999992,0.6120575744283868,0
2024-06-11,Lesoto,Ruanda,0-1,,,0.8701999999999999,0.8205999999999999,0.52,0.48,2.0,2.0,3.0,1.0,2.0,2.0,16.0,15.0,1.0,2.0,1047.58,1112.44,0.025,0.232,2024.0,0.7958000000000003,369.18,0.8036,336.06,0,1,2,-1,0,0,3,0.5146676129642772,0.4853323870357228,0.5,0.5,0.75,0.25,0.3333333333333333,0.6666666666666667,0.5234813680449208,0.47651863195507915,0.0,1.0,0.4849862501273136,0.5150137498726863,0.09727626459143969,0.9027237354085603,0.04959999999999998,0.040000000000000036,0.0,2.0,33.120000000000005,-0.007799999999999696,0.0,1.0,-1.0,-64.86000000000013,-0.20700000000000002,-64.86000000000013,0.40772836961322834,0
2024-06-11,Malasia,China Taipei,3-1,,,2.642600000000001,1.2625999999999995,0.59,0.41,11.0,4.0,7.0,1.0,1.0,3.0,9.0,13.0,3.0,8.0,1094.54,1007.3,0.271,0.091,2024.0,0.8898000000000001,494.26,0.8186,311.9,3,1,1,2,1,3,0,0.6766874935982794,0.3233125064017206,0.7333333333333333,0.2666666666666667,0.875,0.125,0.2727272727272727,0.7272727272727273,0.6131040984419966,0.38689590155800335,0.75,0.25,0.5207532447760057,0.4792467552239943,0.7486187845303868,0.25138121546961323,1.3800000000000017,0.18,7.0,6.0,182.36,0.07120000000000015,-2.0,-4.0,-5.0,87.24000000000001,0.18000000000000002,87.24000000000001,0.622974745735441,0
2024-06-11,Kuwait,Afganistán,1-0,,,1.1384000000000003,0.6825999999999998,0.6,0.4,3.0,2.0,3.0,2.0,2.0,4.0,10.0,17.0,2.0,2.0,1085.46,1036.92,0.176,0.047,2024.0,0.8966000000000004,502.38,0.8207999999999999,318.4,1,0,1,1,1,3,0,0.6251510159253159,0.37484898407468414,0.6,0.4,0.6,0.4,0.5,0.5,0.6120763176490656,0.38792368235093444,1.0,0.0,0.5114352754926074,0.48856472450739263,0.789237668161435,0.21076233183856496,0.45580000000000054,0.19999999999999996,1.0,1.0,183.98000000000002,0.07580000000000053,-2.0,-7.0,0.0,48.539999999999964,0.129,48.539999999999964,0.5694037049958032,0
2024-06-11,Tayikistán,Pakistán,3-0,,,1.8866,0.6142000000000002,0.76,0.24,6.0,2.0,9.0,0.0,1.0,2.0,9.0,8.0,2.0,3.0,1216.76,849.94,0.324,0.154,2024.0,0.8944,591.54,0.6968,154.08,3,0,1,3,1,3,0,0.7543985924504157,0.24560140754958426,0.75,0.25,1.0,0.0,0.4,0.6,0.7933531825863039,0.20664681741369606,1.0,0.0,0.5887453428170514,0.4112546571829486,0.6778242677824269,0.3221757322175731,1.2723999999999998,0.52,4.0,9.0,437.4599999999999,0.1976,-1.0,1.0,-1.0,366.81999999999994,0.17,366.81999999999994,0.8920241542701264,-1
2024-06-11,Kenia,Costa de Marfil,0-0,,,0.7143999999999999,1.0348,0.38,0.62,3.0,1.0,2.0,10.0,0.0,1.0,9.0,9.0,1.0,3.0,1191.24,1498.8,0.135,20.08,2024.0,0.8149999999999997,288.28,0.8916000000000001,533.54,0,0,X,0,0,1,1,0.4084152755545392,0.5915847244454608,0.75,0.25,0.16666666666666666,0.8333333333333334,0.25,0.75,0.3507824097734297,0.6492175902265702,0.5,0.5,0.4428335638131775,0.5571664361868225,0.006678209250556518,0.9933217907494435,-0.3204,-0.24,2.0,-8.0,-245.26,-0.07660000000000033,-1.0,0.0,-2.0,-307.55999999999995,-19.944999999999997,-307.55999999999995,0.14548542144355572,1
2024-06-11,Madagascar,Mali,0-0,,,0.40300000000000014,1.714,0.42,0.58,2.0,6.0,2.0,10.0,2.0,1.0,13.0,16.0,6.0,2.0,1185.86,1477.9,0.283,4.32,2024.0,0.7619999999999999,259.34,0.8508000000000002,442.8,0,0,X,0,0,1,1,0.19036372224846487,0.8096362777515351,0.25,0.75,0.16666666666666666,0.8333333333333334,0.75,0.25,0.36935653858204914,0.6306434614179508,0.5,0.5,0.44518274919662426,0.5548172508033757,0.061481642407125774,0.9385183575928743,-1.311,-0.15999999999999998,-4.0,-8.0,-183.46000000000004,-0.08880000000000032,1.0,-3.0,4.0,-292.0400000000002,-4.037,-292.0400000000002,0.15694756651824596,1
2024-06-11,Mauricio,Eswatini,2-1,,,1.41,1.4449999999999994,0.46,0.54,5.0,4.0,1.0,6.0,2.0,2.0,11.0,11.0,3.0,3.0,919.4,1048.89,0.035,0.045,2024.0,0.7632000000000002,299.98,0.8145999999999998,401.3,2,1,1,1,1,3,0,0.49387040280210165,0.5061295971978983,0.5555555555555556,0.4444444444444444,0.14285714285714285,0.8571428571428572,0.5,0.5,0.42776066621035824,0.5722393337896418,0.6666666666666666,0.33333333333333337,0.4671059650762845,0.5328940349237155,0.43750000000000006,0.5625,-0.034999999999999476,-0.08000000000000002,1.0,-5.0,-101.32,-0.05139999999999956,0.0,0.0,0.0,-129.49000000000012,-0.009999999999999995,-129.49000000000012,0.3218234914225426,0
2024-06-11,Sudán del Sur,Sudán,0-3,,,2.0616000000000003,2.1863999999999995,0.46,0.54,8.0,8.0,7.0,3.0,1.0,1.0,17.0,9.0,5.0,8.0,984.65,1129.32,0.064,0.121,2024.0,0.8306,328.86,0.8460000000000002,433.96,0,3,2,-3,0,0,3,0.485310734463277,0.514689265536723,0.5,0.5,0.7,0.30000000000000004,0.38461538461538464,0.6153846153846154,0.4311108780577332,0.5688891219422668,0.0,1.0,0.4657823904785783,0.5342176095214217,0.34594594594594597,0.654054054054054,-0.12479999999999913,-0.08000000000000002,0.0,4.0,-105.09999999999997,-0.015400000000000191,0.0,8.0,-3.0,-144.66999999999996,-0.056999999999999995,-144.66999999999996,0.30305599847438336,0
2024-06-11,Indonesia,Filipinas,2-0,,,1.8396000000000003,0.4467999999999999,0.54,0.46,7.0,1.0,7.0,4.0,1.0,3.0,9.0,11.0,1.0,5.0,1102.7,1075.14,0.85,0.147,2024.0,0.8,327.0,0.77,271.0,2,0,1,2,1,3,0,0.8045836249125262,0.19541637508747378,0.875,0.125,0.6363636363636364,0.36363636363636365,0.16666666666666666,0.8333333333333334,0.5468227424749164,0.45317725752508364,1.0,0.0,0.5063273702384014,0.49367262976159865,0.8525576730190572,0.14744232698094284,1.3928000000000005,0.08000000000000002,6.0,3.0,56.0,0.030000000000000027,-2.0,-2.0,-4.0,27.559999999999945,0.703,27.559999999999945,0.5395790485355086,0
2024-06-11,Tailandia,Singapur,3-1,,,3.6859999999999995,0.7918000000000001,0.56,0.44,13.0,2.0,13.0,3.0,2.0,5.0,14.0,17.0,1.0,10.0,1208.93,1019.06,0.273,0.156,2024.0,0.83,364.0,0.75,264.0,3,1,1,2,1,3,0,0.8231720934387422,0.1768279065612578,0.8666666666666667,0.1333333333333333,0.8125,0.1875,0.09090909090909091,0.9090909090909091,0.5796178343949044,0.42038216560509556,0.75,0.25,0.5426101553418105,0.45738984465818955,0.6363636363636364,0.36363636363636365,2.8941999999999997,0.12000000000000005,11.0,10.0,100.0,0.07999999999999996,-3.0,-3.0,-9.0,189.87000000000012,0.11700000000000002,189.87000000000012,0.7489423804206979,-1
2024-06-11,Australia,Palestina,5-0,,,1.6671999999999998,0.47620000000000007,0.56,0.44,6.0,2.0,4.0,2.0,3.0,1.0,11.0,9.0,2.0,1.0,1563.93,1238.66,2.98,0.343,2024.0,0.88,512.0,0.85,384.0,5,0,1,5,1,3,0,0.7778296164971541,0.2221703835028459,0.75,0.25,0.6666666666666666,0.33333333333333337,0.6666666666666666,0.33333333333333337,0.5714285714285714,0.4285714285714286,1.0,0.0,0.5580302505896332,0.4419697494103668,0.8967800180559735,0.10321998194402648,1.1909999999999998,0.12000000000000005,4.0,2.0,128.0,0.030000000000000027,2.0,2.0,1.0,325.27,2.637,325.27,0.8667362684381125,-2
2024-06-11,Corea del Sur,China,1-0,,,2.2308000000000003,0.4251999999999999,0.8,0.2,6.0,1.0,10.0,1.0,1.0,4.0,12.0,10.0,1.0,5.0,1563.99,1275.22,5.35,0.551,2024.0,0.91,414.0,0.59,66.0,1,0,1,1,1,3,0,0.839909638554217,0.16009036144578304,0.8571428571428571,0.1428571428571429,0.9090909090909091,0.09090909090909094,0.16666666666666666,0.8333333333333334,0.8625,0.13749999999999996,1.0,0.0,0.5508539347212781,0.4491460652787219,0.9066259955939671,0.09337400440603294,1.8056000000000005,0.6000000000000001,5.0,9.0,348.0,0.32000000000000006,-3.0,2.0,-4.0,288.77,4.7989999999999995,288.77,0.8405456705519944,-2
2024-06-11,Japón,Siria,5-0,,,3.866999999999999,0.2602,0.67,0.33,12.0,0.0,3.0,1.0,1.0,2.0,16.0,12.0,0.0,7.0,1621.88,1266.52,10.42,0.317,2024.0,0.89,554.0,0.69,206.0,5,0,1,5,1,3,0,0.9369548362085675,0.06304516379143255,1.0,0.0,0.75,0.25,0.0,1.0,0.7289473684210527,0.2710526315789473,1.0,0.0,0.5615150256197203,0.43848497438027967,0.9704759243736611,0.029524075626338853,3.606799999999999,0.34,12.0,2.0,348.0,0.20000000000000007,-1.0,4.0,-7.0,355.3600000000001,10.103,355.3600000000001,0.8855039503273752,-2
2024-06-11,Sudáfrica,Zimbabue,3-1,,,2.0308000000000006,1.0055999999999998,0.61,0.39,7.0,4.0,12.0,2.0,1.0,0.0,8.0,8.0,3.0,4.0,1407.67,1143.66,1.89,1.21,2024.0,0.8821999999999999,519.62,0.7726000000000002,273.4,3,1,1,2,1,3,0,0.6688183375049401,0.33118166249505987,0.6363636363636364,0.36363636363636365,0.8571428571428571,0.1428571428571429,0.42857142857142855,0.5714285714285714,0.6552419863307357,0.3447580136692643,0.75,0.25,0.5517396808723294,0.4482603191276706,0.6096774193548388,0.39032258064516123,1.0252000000000008,0.21999999999999997,3.0,10.0,246.22000000000003,0.1095999999999997,1.0,0.0,-1.0,264.01,0.6799999999999999,264.01,0.8205036854107721,-2
2024-06-11,Zambia,Tanzania,0-1,,,1.1824,0.40019999999999994,0.56,0.44,4.0,1.0,6.0,1.0,2.0,5.0,16.0,17.0,0.0,4.0,1278.26,1159.81,0.614,0.361,2024.0,0.8063999999999997,351.4,0.7464,259.84,0,1,2,-1,0,0,3,0.7471249842032099,0.25287501579679006,0.8,0.19999999999999996,0.8571428571428571,0.1428571428571429,0.0,1.0,0.5748969308291342,0.4251030691708658,0.0,1.0,0.524291755363874,0.47570824463612604,0.6297435897435898,0.3702564102564102,0.7822,0.12000000000000005,3.0,5.0,91.56,0.05999999999999972,-3.0,-1.0,-4.0,118.45000000000005,0.253,118.45000000000005,0.6641521446230706,-1
2024-06-11,Catar,India,2-1,,,2.1864000000000003,0.7315999999999999,0.55,0.45,8.0,2.0,4.0,1.0,2.0,4.0,7.0,13.0,1.0,6.0,1507.94,1145.94,0.766,0.182,2024.0,0.76,358.0,0.7,271.0,2,1,1,1,1,3,0,0.7492803289924607,0.25071967100753934,0.8,0.19999999999999996,0.8,0.19999999999999996,0.14285714285714285,0.8571428571428572,0.5691573926868044,0.43084260731319557,0.6666666666666666,0.33333333333333337,0.5682020287277496,0.4317979712722504,0.8080168776371308,0.19198312236286919,1.4548000000000005,0.10000000000000003,6.0,3.0,87.0,0.06000000000000005,-2.0,-6.0,-5.0,362.0,0.5840000000000001,362.0,0.8893225137109468,-2
2024-06-14,Alemania,Escocia,5-1,,,2.28,0.0,0.68,0.32,10.0,0.0,5.0,0.0,2.0,1.0,15.0,9.0,0.0,5.0,1644.21,1497.46,36.42,6.55,2024.0,0.94,657.0,0.77,198.0,5,1,1,4,1,3,0,1.0,0.0,1.0,0.0,1.0,0.0,0.0,1.0,0.7684210526315789,0.2315789473684211,0.8333333333333334,0.16666666666666663,0.5233554128855036,0.4766445871144964,0.8475680707470329,0.1524319292529671,2.28,0.36000000000000004,10.0,5.0,459.0,0.16999999999999993,1.0,6.0,-5.0,146.75,29.87,146.75,0.6994669694080748,-1
2024-06-15,Hungría,Suiza,1-3,,,1.34,2.5,0.47,0.53,2.0,7.0,2.0,6.0,2.0,3.0,9.0,13.0,4.0,1.0,1532.2,1616.41,7.21,12.79,2024.0,0.84,375.0,0.85,388.0,1,3,2,-2,0,0,3,0.34895833333333337,0.6510416666666666,0.2222222222222222,0.7777777777777778,0.25,0.75,0.8,0.19999999999999996,0.49148099606815204,0.5085190039318479,0.25,0.75,0.48662743242256107,0.513372567577439,0.3605,0.6395,-1.16,-0.06000000000000005,-5.0,-4.0,-13.0,-0.010000000000000009,-1.0,-4.0,3.0,-84.21000000000004,-5.579999999999999,-84.21000000000004,0.3811307037164343,0
2024-06-15,España,Croacia,3-0,,,2.11,2.27,0.46,0.54,5.0,5.0,5.0,0.0,1.0,0.0,14.0,13.0,5.0,2.0,1727.5,1721.07,47.03,14.9,2024.0,0.86,392.0,0.88,467.0,3,0,1,3,1,3,0,0.4817351598173516,0.5182648401826484,0.5,0.5,1.0,0.0,0.7142857142857143,0.2857142857142857,0.4563445867287544,0.5436554132712457,1.0,0.0,0.5009322704773284,0.49906772952267164,0.759405780720168,0.24059421927983204,-0.16000000000000014,-0.08000000000000002,0.0,5.0,-75.0,-0.020000000000000018,1.0,1.0,3.0,6.430000000000064,32.13,6.430000000000064,0.5092524575132882,0
2024-06-15,Italia,Albania,2-1,,,1.67,0.38,0.66,0.34,5.0,2.0,5.0,3.0,2.0,2.0,7.0,7.0,1.0,3.0,1724.6,1375.1,13.73,3.42,2024.0,0.93,763.0,0.86,330.0,2,1,1,1,1,3,0,0.8146341463414635,0.18536585365853653,0.7142857142857143,0.2857142857142857,0.625,0.375,0.25,0.75,0.6980786825251601,0.30192131747483986,0.6666666666666666,0.33333333333333337,0.5563764235248573,0.4436235764751427,0.8005830903790089,0.19941690962099112,1.29,0.32,3.0,2.0,433.0,0.07000000000000006,0.0,0.0,-2.0,349.5,10.31,349.5,0.8820391574892747,-1
2024-06-16,Polonia,Países Bajos,1-2,,,0.98,1.5,0.35,0.65,7.0,4.0,3.0,6.0,0.0,1.0,10.0,8.0,2.0,6.0,1531.49,1742.29,8.91,29.01,2024.0,0.8,227.0,0.9,523.0,1,2,2,-1,0,0,3,0.3951612903225806,0.6048387096774194,0.6363636363636364,0.36363636363636365,0.3333333333333333,0.6666666666666667,0.25,0.75,0.30266666666666664,0.6973333333333334,0.3333333333333333,0.6666666666666667,0.4678048005669288,0.5321951994330711,0.23496835443037975,0.7650316455696202,-0.52,-0.30000000000000004,3.0,-3.0,-296.0,-0.09999999999999998,-1.0,2.0,-4.0,-210.79999999999995,-20.1,-210.79999999999995,0.2290890024818087,0
2024-06-16,Eslovenia,Dinamarca,1-1,,,1.14,1.72,0.38,0.62,2.0,4.0,5.0,9.0,2.0,1.0,12.0,9.0,3.0,1.0,1427.84,1602.72,4.02,15.87,2024.0,0.8,259.0,0.88,589.0,1,1,X,0,0,1,1,0.3986013986013986,0.6013986013986015,0.3333333333333333,0.6666666666666667,0.35714285714285715,0.6428571428571428,0.75,0.25,0.30542452830188677,0.6945754716981132,0.5,0.5,0.4711472467134787,0.5288527532865213,0.20211161387631973,0.7978883861236803,-0.5800000000000001,-0.24,-2.0,-4.0,-330.0,-0.07999999999999996,1.0,3.0,2.0,-174.8800000000001,-11.85,-174.8800000000001,0.26762808278694117,1
2024-06-16,Serbia,Inglaterra,0-1,,,0.2,0.54,0.47,0.53,1.0,3.0,2.0,1.0,3.0,0.0,19.0,8.0,2.0,1.0,1514.2,1794.9,7.76,52.43,2024.0,0.89,455.0,0.91,545.0,0,1,2,-1,0,0,3,0.2702702702702703,0.7297297297297297,0.25,0.75,0.6666666666666666,0.33333333333333337,0.6666666666666666,0.33333333333333337,0.455,0.5449999999999999,0.0,1.0,0.457586654981717,0.542413345018283,0.12892507060973585,0.8710749293902642,-0.34,-0.06000000000000005,-2.0,1.0,-90.0,-0.020000000000000018,3.0,11.0,1.0,-280.70000000000005,-44.67,-280.70000000000005,0.16577951034202282,0
2024-06-17,Rumanía,Ucrania,3-0,,,1.32,0.55,0.34,0.66,5.0,2.0,4.0,8.0,1.0,1.0,9.0,8.0,2.0,2.0,1468.17,1568.86,2.37,9.88,2024.0,0.77,199.0,0.88,576.0,3,0,1,3,1,3,0,0.7058823529411765,0.2941176470588235,0.7142857142857143,0.2857142857142857,0.3333333333333333,0.6666666666666667,0.5,0.5,0.2567741935483871,0.7432258064516128,1.0,0.0,0.4834229493946389,0.5165770506053611,0.19346938775510206,0.806530612244898,0.77,-0.32,3.0,-4.0,-377.0,-0.10999999999999999,0.0,1.0,0.0,-100.68999999999983,-7.510000000000001,-100.68999999999983,0.3590204430841729,1
2024-06-17,Bélgica,Eslovaquia,0-1,,,1.97,0.58,0.56,0.44,5.0,4.0,5.0,7.0,3.0,1.0,14.0,10.0,3.0,5.0,1795.23,1461.55,21.06,2.3,2024.0,0.86,489.0,0.79,286.0,0,1,2,-1,0,0,3,0.7725490196078432,0.22745098039215683,0.5555555555555556,0.4444444444444444,0.4166666666666667,0.5833333333333333,0.375,0.625,0.6309677419354839,0.3690322580645161,0.0,1.0,0.5512285140537587,0.4487714859462413,0.9015410958904109,0.09845890410958913,1.3900000000000001,0.12000000000000005,1.0,-2.0,203.0,0.06999999999999995,2.0,4.0,-2.0,333.68000000000006,18.759999999999998,333.68000000000006,0.8722294546527651,-1
2024-06-17,Austria,Francia,0-1,,,0.59,2.09,0.51,0.49,3.0,3.0,6.0,2.0,5.0,2.0,18.0,10.0,2.0,3.0,1554.86,1840.59,9.43,58.58,2024.0,0.86,453.0,0.85,420.0,0,1,2,-1,0,0,3,0.2201492537313433,0.7798507462686567,0.5,0.5,0.75,0.25,0.4,0.6,0.5189003436426117,0.4810996563573883,0.0,1.0,0.457924575534907,0.5420754244650929,0.13865607998823704,0.861343920011763,-1.5,0.020000000000000018,0.0,4.0,33.0,0.010000000000000009,3.0,8.0,-1.0,-285.73,-49.15,-285.73,0.16181378419664214,0
2024-06-18,Portugal,República Checa,2-1,,,1.82,0.22,0.69,0.31,8.0,1.0,13.0,0.0,2.0,1.0,6.0,9.0,0.0,6.0,1748.11,1501.47,38.67,7.24,2024.0,0.87,622.0,0.68,178.0,2,1,1,1,1,3,0,0.8921568627450981,0.10784313725490191,0.8888888888888888,0.11111111111111116,1.0,0.0,0.0,1.0,0.7775,0.22250000000000003,0.6666666666666666,0.33333333333333337,0.5379495196302291,0.4620504803697709,0.8423001524722282,0.15769984752777177,1.6,0.37999999999999995,7.0,13.0,444.0,0.18999999999999995,1.0,-3.0,-6.0,246.63999999999987,31.43,246.63999999999987,0.805302979329542,-1
2024-06-18,Turquía,Georgia,3-1,,,2.48,2.03,0.52,0.48,8.0,4.0,5.0,5.0,2.0,1.0,10.0,7.0,3.0,5.0,1495.94,1333.76,18.22,9.65,2024.0,0.91,526.0,0.89,390.0,3,1,1,2,1,3,0,0.549889135254989,0.45011086474501105,0.6666666666666666,0.33333333333333337,0.5,0.5,0.375,0.625,0.574235807860262,0.42576419213973804,0.75,0.25,0.5286567480651659,0.47134325193483406,0.6537495514890563,0.34625044851094366,0.4500000000000002,0.040000000000000036,4.0,0.0,136.0,0.020000000000000018,1.0,3.0,-2.0,162.18000000000006,8.569999999999999,162.18000000000006,0.7178016583126903,-1
2024-06-19,Escocia,Suiza,1-1,,,0.86,1.03,0.47,0.53,3.0,4.0,5.0,8.0,3.0,2.0,11.0,11.0,3.0,2.0,1497.46,1616.41,6.55,12.79,2024.0,0.81,300.0,0.85,357.0,1,1,X,0,0,1,1,0.455026455026455,0.544973544973545,0.42857142857142855,0.5714285714285714,0.38461538461538464,0.6153846153846154,0.6,0.4,0.45662100456621,0.54337899543379,0.5,0.5,0.4808999733450658,0.5191000266549342,0.33867631851085833,0.6613236814891417,-0.17000000000000004,-0.06000000000000005,-1.0,-3.0,-57.0,-0.039999999999999925,1.0,0.0,1.0,-118.95000000000005,-6.239999999999999,-118.95000000000005,0.33520615777094237,1
2024-06-19,Alemania,Hungría,2-0,,,1.65,1.29,0.63,0.37,6.0,3.0,11.0,7.0,2.0,3.0,12.0,10.0,3.0,4.0,1644.21,1532.2,36.42,7.21,2024.0,0.94,675.0,0.83,261.0,2,0,1,2,1,3,0,0.5612244897959183,0.4387755102040817,0.6666666666666666,0.33333333333333337,0.6111111111111112,0.38888888888888884,0.42857142857142855,0.5714285714285714,0.7211538461538461,0.27884615384615385,1.0,0.0,0.5176315400090039,0.4823684599909961,0.8347467338986936,0.16525326610130642,0.3599999999999999,0.26,3.0,4.0,414.0,0.10999999999999999,-1.0,2.0,-1.0,112.00999999999999,29.21,112.00999999999999,0.6558334992817934,0
2024-06-19,Croacia,Albania,2-2,,,2.25,1.27,0.61,0.39,5.0,7.0,3.0,1.0,1.0,3.0,15.0,11.0,5.0,3.0,1721.07,1375.1,14.9,3.42,2024.0,0.91,584.0,0.82,245.0,2,2,X,0,0,1,1,0.6392045454545454,0.3607954545454546,0.4166666666666667,0.5833333333333333,0.75,0.25,0.625,0.375,0.7044632086851629,0.2955367913148371,0.5,0.5,0.5558706401780263,0.44412935982197366,0.8133187772925764,0.1866812227074236,0.98,0.21999999999999997,-2.0,2.0,339.0,0.09000000000000008,-2.0,4.0,2.0,345.97,11.48,345.97,0.8799084407184261,-1
2024-06-20,Dinamarca,Inglaterra,1-1,,,0.73,0.82,0.46,0.54,7.0,4.0,4.0,2.0,3.0,1.0,13.0,5.0,3.0,6.0,1602.72,1794.9,15.87,52.43,2024.0,0.88,482.0,0.87,470.0,1,1,X,0,0,1,1,0.4709677419354839,0.5290322580645161,0.6363636363636364,0.36363636363636365,0.6666666666666666,0.33333333333333337,0.3333333333333333,0.6666666666666667,0.5063025210084033,0.49369747899159666,0.5,0.5,0.4717184382008583,0.5282815617991417,0.23235724743777453,0.7676427525622255,-0.08999999999999997,-0.08000000000000002,3.0,2.0,12.0,0.010000000000000009,2.0,8.0,-3.0,-192.18000000000006,-36.56,-192.18000000000006,0.24856562068949387,0
2024-06-20,Eslovenia,Serbia,1-1,,,1.38,1.46,0.44,0.56,4.0,4.0,4.0,9.0,2.0,4.0,13.0,8.0,3.0,3.0,1427.84,1514.2,4.02,7.76,2024.0,0.81,280.0,0.9,482.0,1,1,X,0,0,1,1,0.48591549295774644,0.5140845070422535,0.5,0.5,0.3076923076923077,0.6923076923076923,0.5,0.5,0.3674540682414698,0.6325459317585302,0.5,0.5,0.4853231091351579,0.514676890864842,0.34125636672325976,0.6587436332767402,-0.08000000000000007,-0.12000000000000005,0.0,-5.0,-202.0,-0.08999999999999997,-2.0,5.0,0.0,-86.36000000000013,-3.74,-86.36000000000013,0.378215807862934,1
2024-06-20,España,Italia,1-0,,,2.05,0.21,0.57,0.43,8.0,1.0,5.0,2.0,3.0,2.0,17.0,14.0,1.0,7.0,1727.5,1724.6,47.03,13.73,2024.0,0.92,548.0,0.86,381.0,1,0,1,1,1,3,0,0.9070796460176991,0.09292035398230092,0.8888888888888888,0.11111111111111116,0.7142857142857143,0.2857142857142857,0.125,0.875,0.589881593110872,0.41011840688912804,1.0,0.0,0.500420034182092,0.499579965817908,0.7740289664252797,0.22597103357472026,1.8399999999999999,0.13999999999999996,7.0,3.0,167.0,0.06000000000000005,1.0,3.0,-6.0,2.900000000000091,33.3,2.900000000000091,0.5041733385623149,0
2024-06-21,Argentina,Canadá,2-0,,,3.38,1.0,0.63,0.37,10.0,2.0,7.0,4.0,2.0,2.0,15.0,9.0,2.0,8.0,1860.14,1461.74,31.06,7.64,2024.0,0.91,564.0,0.81,261.0,2,0,1,2,1,3,0,0.771689497716895,0.228310502283105,0.8333333333333334,0.16666666666666663,0.6363636363636364,0.36363636363636365,0.2,0.8,0.6836363636363636,0.3163636363636364,1.0,0.0,0.5599660433248642,0.4400339566751358,0.8025839793281654,0.1974160206718346,2.38,0.26,8.0,3.0,303.0,0.09999999999999998,0.0,6.0,-6.0,398.4000000000001,23.419999999999998,398.4000000000001,0.9083268504665672,-1
2024-06-21,Eslovaquia,Ucrania,1-2,,,1.43,1.27,0.54,0.46,5.0,5.0,4.0,4.0,0.0,1.0,9.0,12.0,3.0,4.0,1467.77,1565.37,2.3,9.88,2024.0,0.9,494.0,0.88,371.0,1,2,2,-1,0,0,3,0.5296296296296296,0.47037037037037044,0.5,0.5,0.5,0.5,0.42857142857142855,0.5714285714285714,0.5710982658959538,0.4289017341040462,0.3333333333333333,0.6666666666666667,0.48391106246332183,0.5160889375366782,0.18883415435139572,0.8111658456486043,0.15999999999999992,0.08000000000000002,0.0,0.0,123.0,0.020000000000000018,-1.0,-3.0,-1.0,-97.59999999999991,-7.580000000000001,-97.59999999999991,0.36312396247085255,1
2024-06-21,Polonia,Austria,1-3,,,1.55,1.92,0.44,0.56,3.0,9.0,4.0,3.0,4.0,2.0,15.0,15.0,6.0,2.0,1541.49,1560.03,8.91,9.43,2024.0,0.82,315.0,0.87,395.0,1,3,2,-2,0,0,3,0.4466858789625361,0.5533141210374639,0.25,0.75,0.5714285714285714,0.4285714285714286,0.75,0.25,0.44366197183098594,0.556338028169014,0.25,0.75,0.49701114292346976,0.5029888570765302,0.48582333696837515,0.5141766630316249,-0.3699999999999999,-0.12000000000000005,-6.0,1.0,-80.0,-0.050000000000000044,2.0,0.0,4.0,-18.539999999999964,-0.5199999999999996,-18.539999999999964,0.47334409174809994,0
2024-06-21,Países Bajos,Francia,0-0,,,0.39,1.33,0.42,0.58,4.0,3.0,3.0,6.0,1.0,0.0,13.0,8.0,3.0,4.0,1746.66,1837.47,29.01,58.58,2024.0,0.89,354.0,0.92,613.0,0,0,X,0,0,1,1,0.22674418604651161,0.7732558139534884,0.5714285714285714,0.4285714285714286,0.3333333333333333,0.6666666666666667,0.42857142857142855,0.5714285714285714,0.36608066184074456,0.6339193381592554,0.5,0.5,0.4873316537067573,0.5126683462932426,0.3312021920310538,0.6687978079689463,-0.9400000000000001,-0.15999999999999998,1.0,-3.0,-259.0,-0.030000000000000027,1.0,5.0,-1.0,-90.80999999999995,-29.569999999999997,-90.80999999999995,0.3722107299334116,0
2024-06-22,Perú,Chile,0-0,,,0.73,1.21,0.4,0.6,2.0,2.0,1.0,3.0,1.0,3.0,18.0,19.0,2.0,2.0,1515.01,1496.13,1.28,2.67,2024.0,0.79,223.0,0.83,419.0,0,0,X,0,0,1,1,0.37628865979381443,0.6237113402061856,0.5,0.5,0.25,0.75,0.5,0.5,0.34735202492211836,0.6526479750778816,0.5,0.5,0.5031350252728202,0.49686497472717983,0.3240506329113924,0.6759493670886076,-0.48,-0.19999999999999996,0.0,-2.0,-196.0,-0.039999999999999925,-2.0,-1.0,0.0,18.87999999999988,-1.39,18.87999999999988,0.5271437913131459,-1
2024-06-22,Georgia,República Checa,1-1,,,1.35,3.09,0.45,0.55,1.0,11.0,5.0,11.0,4.0,5.0,12.0,17.0,10.0,0.0,1338.91,1506.23,9.65,7.24,2024.0,0.78,243.0,0.88,445.0,1,1,X,0,0,1,1,0.3040540540540541,0.6959459459459458,0.08333333333333333,0.9166666666666666,0.3125,0.6875,1.0,0.0,0.35319767441860467,0.6468023255813953,0.5,0.5,0.4705954715760911,0.5294045284239088,0.5713439905269391,0.42865600947306093,-1.7399999999999998,-0.10000000000000003,-10.0,-6.0,-202.0,-0.09999999999999998,-1.0,-5.0,10.0,-167.31999999999994,2.41,-167.31999999999994,0.27624368839809577,1
2024-06-22,Turquía,Portugal,0-3,,,0.7,1.73,0.44,0.56,3.0,3.0,9.0,1.0,3.0,2.0,16.0,8.0,0.0,3.0,1493.38,1747.04,18.22,38.67,2024.0,0.88,363.0,0.9,516.0,0,3,2,-3,0,0,3,0.2880658436213992,0.7119341563786008,0.5,0.5,0.9,0.09999999999999998,0.0,1.0,0.4129692832764505,0.5870307167235496,0.0,1.0,0.46086001197375653,0.5391399880262435,0.32026718228159606,0.6797328177184039,-1.03,-0.12000000000000005,0.0,8.0,-153.0,-0.020000000000000018,1.0,8.0,-3.0,-253.65999999999985,-20.450000000000003,-253.65999999999985,0.1884391330118845,1
2024-06-22,Bélgica,Rumanía,2-0,,,1.89,0.93,0.55,0.45,9.0,4.0,7.0,7.0,1.0,2.0,9.0,11.0,4.0,7.0,1797.98,1462.35,21.06,2.37,2024.0,0.87,390.0,0.83,306.0,2,0,1,2,1,3,0,0.6702127659574468,0.32978723404255317,0.6923076923076923,0.3076923076923077,0.5,0.5,0.36363636363636365,0.6363636363636364,0.5603448275862069,0.43965517241379315,1.0,0.0,0.5514717835311149,0.4485282164688851,0.8988476312419974,0.1011523687580026,0.9599999999999999,0.10000000000000003,5.0,0.0,84.0,0.040000000000000036,-1.0,-2.0,-3.0,335.6300000000001,18.689999999999998,335.6300000000001,0.8734752205167778,-1
2024-06-23,Suiza,Alemania,1-1,,,0.57,1.65,0.38,0.62,3.0,3.0,2.0,9.0,3.0,1.0,14.0,12.0,2.0,2.0,1617.24,1646.78,12.79,36.42,2024.0,0.8,271.0,0.9,593.0,1,1,X,0,0,1,1,0.25675675675675674,0.7432432432432432,0.5,0.5,0.18181818181818182,0.8181818181818181,0.5,0.5,0.3136574074074074,0.6863425925925926,0.5,0.5,0.4954749051782771,0.5045250948217229,0.2599065230644178,0.7400934769355823,-1.08,-0.24,0.0,-7.0,-322.0,-0.09999999999999998,2.0,2.0,0.0,-29.539999999999964,-23.630000000000003,-29.539999999999964,0.4575906644939865,0
2024-06-23,Escocia,Hungría,0-1,,,0.35,0.82,0.6,0.4,0.0,5.0,2.0,6.0,1.0,5.0,16.0,13.0,4.0,0.0,1497.18,1529.0,6.55,7.21,2024.0,0.85,422.0,0.78,264.0,0,1,2,-1,0,0,3,0.29914529914529914,0.7008547008547008,0.0,1.0,0.25,0.75,1.0,0.0,0.6151603498542274,0.3848396501457726,0.0,1.0,0.4947425467090523,0.5052574532909477,0.47601744186046513,0.5239825581395349,-0.47,0.19999999999999996,-5.0,-4.0,158.0,0.06999999999999995,-4.0,3.0,4.0,-31.819999999999936,-0.6600000000000001,-31.819999999999936,0.45433494515697026,1
2024-06-23,México,Jamaica,1-0,,,1.15,0.56,0.59,0.41,11.0,4.0,7.0,6.0,1.72,2.24,8.0,7.0,4.0,10.0,1652.33,1442.82,7.38,0.377,2024.0,0.88,469.0,0.76,254.0,1,0,1,1,1,3,0,0.6725146198830408,0.32748538011695916,0.7333333333333333,0.2666666666666667,0.5384615384615384,0.46153846153846156,0.2857142857142857,0.7142857142857143,0.648686030428769,0.35131396957123096,1.0,0.0,0.5338448863544578,0.4661551136455422,0.9513987366249839,0.048601263375016135,0.5899999999999999,0.18,7.0,1.0,215.0,0.12,-0.5200000000000002,1.0,-6.0,209.51,7.003,209.51,0.7695969034396816,-1
2024-06-23,Ecuador,Venezuela,1-2,,,0.66,1.36,0.4,0.6,4.0,8.0,3.0,5.0,2.0,2.0,20.0,14.0,6.0,3.0,1517.54,1442.29,14.18,2.93,2024.0,0.75,199.0,0.85,411.0,1,2,2,-1,0,0,3,0.32673267326732675,0.6732673267326732,0.3333333333333333,0.6666666666666667,0.375,0.625,0.6666666666666666,0.33333333333333337,0.3262295081967213,0.6737704918032787,0.3333333333333333,0.6666666666666667,0.5127118787227645,0.48728812127723553,0.8287551139684395,0.17124488603156052,-0.7000000000000001,-0.19999999999999996,-4.0,-2.0,-212.0,-0.09999999999999998,0.0,6.0,3.0,75.25,11.25,75.25,0.6066312922739062,-1
2024-06-24,Albania,España,0-1,,,0.42,1.37,0.41,0.59,4.0,3.0,2.0,6.0,2.0,1.0,6.0,15.0,2.0,4.0,1379.4,1729.92,3.42,47.03,2024.0,0.85,341.0,0.92,530.0,0,1,2,-1,0,0,3,0.23463687150837986,0.7653631284916201,0.5714285714285714,0.4285714285714286,0.25,0.75,0.3333333333333333,0.6666666666666667,0.39150401836969,0.6084959816303099,0.0,1.0,0.44363397784724634,0.5563660221527537,0.06778989098116947,0.9322101090188305,-0.9500000000000002,-0.18,1.0,-4.0,-189.0,-0.07000000000000006,1.0,-9.0,-2.0,-350.52,-43.61,-350.52,0.1173512954423255,1
2024-06-24,Croacia,Italia,1-1,,,1.45,1.2,0.51,0.49,4.0,3.0,2.0,11.0,6.0,3.0,18.0,6.0,2.0,3.0,1728.3,1724.37,14.9,13.73,2024.0,0.89,461.0,0.87,494.0,1,1,X,0,0,1,1,0.5471698113207547,0.4528301886792453,0.5714285714285714,0.4285714285714286,0.15384615384615385,0.8461538461538461,0.4,0.6,0.4827225130890052,0.5172774869109948,0.5,0.5,0.5005691247643128,0.4994308752356872,0.5204331121201536,0.47956688787984636,0.25,0.020000000000000018,1.0,-9.0,-33.0,0.020000000000000018,3.0,12.0,-1.0,3.9300000000000637,1.17,3.9300000000000637,0.5056554834324585,0
2024-06-24,Uruguay,Panamá,3-1,,,1.68,0.56,0.53,0.47,8.0,3.0,9.0,3.0,0.0,1.0,12.0,9.0,2.0,5.0,1663.44,1482.1,13.82,1.33,2024.0,0.84,324.0,0.75,251.0,3,1,1,2,1,3,0,0.7499999999999999,0.2500000000000001,0.7272727272727273,0.2727272727272727,0.75,0.25,0.2857142857142857,0.7142857142857143,0.5634782608695652,0.4365217391304348,0.75,0.25,0.5288249394380615,0.4711750605619385,0.9122112211221122,0.08778877887788783,1.1199999999999999,0.06000000000000005,5.0,6.0,73.0,0.08999999999999997,-1.0,3.0,-3.0,181.34000000000015,12.49,181.34000000000015,0.7395973735645534,-1
2024-06-24,EE. UU.,Bolivia,2-0,,,2.34,0.13,0.57,0.43,8.0,3.0,7.0,1.0,1.0,4.0,8.0,17.0,3.0,6.0,1676.52,1282.43,14.83,0.669,2024.0,0.9,456.0,0.76,256.0,2,0,1,2,1,3,0,0.9473684210526316,0.05263157894736836,0.7272727272727273,0.2727272727272727,0.875,0.125,0.3333333333333333,0.6666666666666667,0.6404494382022472,0.3595505617977528,1.0,0.0,0.5665928792308083,0.43340712076919174,0.9568359248983805,0.04316407510161946,2.21,0.13999999999999996,5.0,6.0,200.0,0.14,-3.0,-9.0,-3.0,394.0899999999999,14.161,394.0899999999999,0.9062398770028351,-2
2024-06-25,Dinamarca,Serbia,0-0,,,0.68,0.53,0.49,0.51,3.0,1.0,8.0,2.0,2.0,2.0,11.0,5.0,1.0,3.0,1610.76,1514.76,15.87,7.76,2024.0,0.85,494.0,0.84,420.0,0,0,X,0,0,1,1,0.5619834710743802,0.4380165289256198,0.75,0.25,0.8,0.19999999999999996,0.25,0.75,0.5404814004376368,0.4595185995623632,0.5,0.5,0.5153574445212317,0.48464255547876833,0.6716038933559035,0.32839610664409646,0.15000000000000002,-0.020000000000000018,2.0,6.0,74.0,0.010000000000000009,0.0,6.0,-2.0,96.0,8.11,96.0,0.6347433350523167,0
2024-06-25,Inglaterra,Eslovenia,0-0,,,0.97,0.19,0.72,0.28,3.0,1.0,6.0,0.0,3.0,2.0,11.0,9.0,1.0,3.0,1787.88,1429.74,52.43,4.02,2024.0,0.92,694.0,0.77,208.0,0,0,X,0,0,1,1,0.8362068965517242,0.1637931034482758,0.75,0.25,1.0,0.0,0.25,0.75,0.7694013303769401,0.23059866962305986,0.5,0.5,0.5556529360210343,0.44434706397896573,0.928786536758193,0.071213463241807,0.78,0.43999999999999995,2.0,6.0,486.0,0.15000000000000002,1.0,2.0,-2.0,358.1400000000001,48.41,358.1400000000001,0.88711645605506,-1
2024-06-25,Francia,Polonia,1-1,,,2.41,1.2,0.56,0.44,8.0,3.0,11.0,3.0,1.0,4.0,12.0,15.0,2.0,7.0,1837.47,1541.49,58.58,8.91,2024.0,0.9,495.0,0.86,356.0,1,1,X,0,0,1,1,0.667590027700831,0.332409972299169,0.7272727272727273,0.2727272727272727,0.7857142857142857,0.2142857142857143,0.2222222222222222,0.7777777777777778,0.581668625146886,0.418331374853114,0.5,0.5,0.5437974998224305,0.45620250017756947,0.8679804415468959,0.1320195584531041,1.2100000000000002,0.12000000000000005,5.0,8.0,139.0,0.040000000000000036,-3.0,-3.0,-5.0,295.98,49.67,295.98,0.8460301039281997,0
2024-06-25,Países Bajos,Austria,2-3,,,1.67,1.02,0.52,0.48,2.0,5.0,5.0,2.0,0.0,3.0,10.0,16.0,2.0,0.0,1746.66,1560.03,29.01,9.43,2024.0,0.85,364.0,0.81,322.0,2,3,2,-1,0,0,3,0.620817843866171,0.379182156133829,0.2857142857142857,0.7142857142857143,0.7142857142857143,0.2857142857142857,1.0,0.0,0.5306122448979592,0.4693877551020408,0.4,0.6,0.5282200629632654,0.4717799370367346,0.7546826222684704,0.24531737773152962,0.6499999999999999,0.040000000000000036,-3.0,3.0,42.0,0.039999999999999925,-3.0,-6.0,2.0,186.6300000000001,19.580000000000002,186.6300000000001,0.7454192314895767,0
2024-06-25,Brasil,Costa Rica,0-0,,,1.33,0.03,0.7,0.3,7.0,1.0,9.0,1.0,1.0,2.0,13.0,10.0,1.0,7.0,1791.85,1454.2,35.7,1.34,2024.0,0.9,662.0,0.74,180.0,0,0,X,0,0,1,1,0.9779411764705882,0.022058823529411797,0.875,0.125,0.9,0.09999999999999998,0.125,0.875,0.7862232779097387,0.21377672209026133,0.5,0.5,0.5520093652285084,0.4479906347714916,0.9638228941684664,0.03617710583153355,1.3,0.39999999999999997,6.0,8.0,482.0,0.16000000000000003,-1.0,3.0,-6.0,337.64999999999986,34.36,337.64999999999986,0.8747547385359548,-1
2024-06-25,Colombia,Paraguay,2-1,,,0.85,1.35,0.62,0.38,3.0,2.0,3.0,3.0,1.0,2.0,10.0,18.0,1.0,1.0,1669.44,1427.11,11.63,5.91,2024.0,0.9,421.0,0.73,183.0,2,1,1,1,1,3,0,0.3863636363636363,0.6136363636363638,0.6,0.4,0.5,0.5,0.5,0.5,0.6970198675496688,0.3029801324503312,0.6666666666666666,0.33333333333333337,0.5391290306954514,0.4608709693045486,0.6630558722919043,0.3369441277080957,-0.5000000000000001,0.24,1.0,0.0,238.0,0.17000000000000004,-1.0,-8.0,0.0,242.33000000000015,5.720000000000001,242.33000000000015,0.8013834736852842,-1
2024-06-26,Eslovaquia,Rumanía,1-1,,,1.19,1.18,0.55,0.45,4.0,5.0,5.0,1.0,1.0,4.0,11.0,10.0,4.0,3.0,1467.77,1462.35,2.3,2.37,2024.0,0.8,355.0,0.72,233.0,1,1,X,0,0,1,1,0.5021097046413502,0.4978902953586498,0.4444444444444444,0.5555555555555556,0.8333333333333334,0.16666666666666663,0.5714285714285714,0.4285714285714286,0.6037414965986394,0.3962585034013606,0.5,0.5,0.5009248767968547,0.4990751232031453,0.49250535331905776,0.5074946466809422,0.010000000000000009,0.10000000000000003,-1.0,4.0,122.0,0.08000000000000007,-3.0,1.0,1.0,5.420000000000073,-0.07000000000000028,5.420000000000073,0.5077993743264005,0
2024-06-26,Chile,Argentina,0-1,,,0.14,2.87,0.41,0.59,3.0,7.0,0.0,11.0,2.0,0.0,12.0,9.0,6.0,3.0,1496.13,1860.14,2.67,31.06,2024.0,0.79,287.0,0.89,503.0,0,1,2,-1,0,0,3,0.046511627906976744,0.9534883720930233,0.3,0.7,0.0,1.0,0.6666666666666666,0.33333333333333337,0.3632911392405063,0.6367088607594937,0.0,1.0,0.4457716453086313,0.5542283546913687,0.0791580195671509,0.9208419804328491,-2.73,-0.18,-4.0,-11.0,-216.0,-0.09999999999999998,2.0,3.0,3.0,-364.01,-28.39,-364.01,0.10954374607182295,1
2024-06-26,Ucrania,Bélgica,0-0,,,0.77,0.93,0.44,0.56,5.0,4.0,3.0,7.0,1.0,1.0,9.0,8.0,4.0,5.0,1565.37,1797.98,9.88,21.06,2024.0,0.86,326.0,0.89,498.0,0,0,X,0,0,1,1,0.4529411764705882,0.5470588235294118,0.5555555555555556,0.4444444444444444,0.3,0.7,0.4444444444444444,0.5555555555555556,0.39563106796116504,0.604368932038835,0.5,0.5,0.46541989385582827,0.5345801061441717,0.319327731092437,0.680672268907563,-0.16000000000000003,-0.12000000000000005,1.0,-4.0,-172.0,-0.030000000000000027,0.0,1.0,-1.0,-232.61000000000013,-11.179999999999998,-232.61000000000013,0.20767277982932614,0
2024-06-26,Perú,Canadá,0-1,,,0.46,1.36,0.51,0.49,4.0,2.0,2.0,1.0,0.0,1.0,17.0,14.0,1.0,4.0,1515.01,1461.74,1.28,7.64,2024.0,0.74,256.0,0.78,286.0,0,1,2,-1,0,0,3,0.25274725274725274,0.7472527472527473,0.6666666666666666,0.33333333333333337,0.6666666666666666,0.33333333333333337,0.2,0.8,0.47232472324723246,0.5276752767527675,0.0,1.0,0.5089476778365667,0.4910523221634333,0.14349775784753363,0.8565022421524664,-0.9000000000000001,0.020000000000000018,2.0,1.0,-30.0,-0.040000000000000036,-1.0,3.0,-3.0,53.26999999999998,-6.359999999999999,53.26999999999998,0.57606656536321,-1
2024-06-26,República Checa,Turquía,1-2,,,1.52,1.18,0.38,0.62,6.0,5.0,3.0,7.0,7.0,11.0,16.0,9.0,3.0,5.0,1506.23,1493.38,7.24,18.22,2024.0,0.73,164.0,0.87,453.0,1,2,2,-1,0,0,3,0.5629629629629629,0.4370370370370371,0.5454545454545454,0.4545454545454546,0.3,0.7,0.375,0.625,0.26580226904376014,0.7341977309562399,0.3333333333333333,0.6666666666666667,0.5021419451195321,0.49785805488046786,0.28436763550667715,0.7156323644933229,0.3400000000000001,-0.24,1.0,-4.0,-289.0,-0.14,-4.0,7.0,-2.0,12.849999999999909,-10.979999999999999,12.849999999999909,0.5184842090492073,0
2024-06-26,Georgia,Portugal,2-0,,,1.43,1.55,0.32,0.68,3.0,5.0,1.0,11.0,1.0,3.0,6.0,11.0,5.0,1.0,1338.91,1747.04,9.65,38.67,2024.0,0.78,210.0,0.92,638.0,2,0,1,2,1,3,0,0.4798657718120805,0.5201342281879195,0.375,0.625,0.08333333333333333,0.9166666666666666,0.8333333333333334,0.16666666666666663,0.24764150943396226,0.7523584905660378,1.0,0.0,0.43387287545164377,0.5661271245483562,0.19971026490066227,0.8002897350993378,-0.1200000000000001,-0.36000000000000004,-2.0,-10.0,-428.0,-0.14,-2.0,-5.0,4.0,-408.1299999999999,-29.020000000000003,-408.1299999999999,0.08711465759344839,2
2024-06-27,Ecuador,Jamaica,3-1,,,2.69,1.13,0.46,0.54,5.0,5.0,7.0,8.0,0.0,4.0,8.0,18.0,4.0,2.0,1517.54,1442.82,14.18,0.377,2024.0,0.8,231.0,0.77,252.0,3,1,1,2,1,3,0,0.7041884816753927,0.2958115183246073,0.5,0.5,0.4666666666666667,0.5333333333333333,0.6666666666666666,0.33333333333333337,0.4782608695652174,0.5217391304347826,0.75,0.25,0.5126200867462066,0.4873799132537934,0.974101806690939,0.025898193309060957,1.56,-0.08000000000000002,0.0,-1.0,-21.0,0.030000000000000027,-4.0,-10.0,2.0,74.72000000000003,13.802999999999999,74.72000000000003,0.6059030143297814,-1
2024-06-27,Venezuela,México,1-0,,,1.09,2.99,0.41,0.59,3.0,7.0,2.0,7.0,2.0,2.0,10.0,12.0,7.0,2.0,1442.29,1652.33,2.93,7.38,2024.0,0.75,254.0,0.83,451.0,1,0,1,1,1,3,0,0.26715686274509803,0.732843137254902,0.3,0.7,0.2222222222222222,0.7777777777777778,0.7777777777777778,0.2222222222222222,0.36028368794326243,0.6397163120567375,1.0,0.0,0.46606368471734816,0.5339363152826518,0.28419010669253153,0.7158098933074685,-1.9000000000000001,-0.18,-4.0,-5.0,-197.0,-0.07999999999999996,0.0,-2.0,5.0,-210.03999999999996,-4.449999999999999,-210.03999999999996,0.2298625591153011,1
2024-06-28,Uruguay,Bolivia,5-0,,,2.64,0.19,0.59,0.41,10.0,1.0,4.0,3.0,0.0,1.0,12.0,14.0,1.0,5.0,1663.44,1282.43,13.82,0.669,2024.0,0.88,412.0,0.82,254.0,5,0,1,5,1,3,0,0.9328621908127208,0.06713780918727918,0.9090909090909091,0.09090909090909094,0.5714285714285714,0.4285714285714286,0.16666666666666666,0.8333333333333334,0.6186186186186187,0.38138138138138133,1.0,0.0,0.5646685020045012,0.43533149799549875,0.9538270412036717,0.04617295879632832,2.45,0.18,9.0,1.0,158.0,0.06000000000000005,-1.0,-2.0,-4.0,381.01,13.151,381.01,0.8996435124956162,-2
2024-06-28,Panamá,EE. UU.,2-1,,,0.79,0.78,0.69,0.31,5.0,3.0,3.0,0.0,3.0,2.0,19.0,4.0,2.0,3.0,1482.1,1676.52,1.33,14.83,2024.0,0.85,466.0,0.78,137.0,2,1,1,1,1,3,0,0.5031847133757962,0.4968152866242038,0.625,0.375,1.0,0.0,0.4,0.6,0.7728026533996684,0.22719734660033164,0.6666666666666666,0.33333333333333337,0.46922390157727106,0.530776098422729,0.0823019801980198,0.9176980198019802,0.010000000000000009,0.37999999999999995,2.0,3.0,329.0,0.06999999999999995,1.0,15.0,-1.0,-194.42000000000007,-13.5,-194.42000000000007,0.24616499701604047,1
2024-06-29,Paraguay,Brasil,1-4,,,0.76,4.22,0.46,0.54,7.0,6.0,4.0,6.0,2.0,3.0,12.0,13.0,2.0,6.0,1427.11,1791.85,5.91,35.7,2024.0,0.83,323.0,0.89,419.0,1,4,2,-3,0,0,3,0.15261044176706828,0.8473895582329317,0.5384615384615384,0.46153846153846156,0.4,0.6,0.25,0.75,0.4353099730458221,0.5646900269541779,0.2,0.8,0.44334505554589054,0.5566549444541095,0.14203316510454217,0.8579668348954579,-3.46,-0.08000000000000002,1.0,-2.0,-96.0,-0.06000000000000005,-1.0,-1.0,-4.0,-364.74,-29.790000000000003,-364.74,0.10913451735901612,1
2024-06-29,Colombia,Costa Rica,3-0,,,2.61,0.27,0.61,0.39,8.0,0.0,4.0,2.0,2.0,1.0,19.0,14.0,0.0,5.0,1669.44,1454.2,11.63,1.34,2024.0,0.91,485.0,0.76,223.0,3,0,1,3,1,3,0,0.90625,0.09375,1.0,0.0,0.6666666666666666,0.33333333333333337,0.0,1.0,0.6850282485875706,0.3149717514124294,1.0,0.0,0.5344533941171198,0.4655466058828802,0.8966846569005398,0.10331534309946022,2.34,0.21999999999999997,8.0,2.0,262.0,0.15000000000000002,1.0,5.0,-5.0,215.24,10.290000000000001,215.24,0.7753935658897914,-1
2024-06-29,Alemania,Dinamarca,2-0,,,2.4,1.04,0.55,0.46,9.0,2.0,6.0,6.0,1.0,3.0,7.0,15.0,2.0,7.0,1646.78,1610.76,36.42,15.87,2024.0,0.9,490.0,0.84,377.0,2,0,1,2,1,3,0,0.6976744186046512,0.3023255813953488,0.8181818181818182,0.18181818181818177,0.5,0.5,0.2222222222222222,0.7777777777777778,0.5651672433679354,0.43483275663206455,1.0,0.0,0.5055287118500463,0.49447128814995367,0.6965002868617327,0.3034997131382673,1.3599999999999999,0.09000000000000002,7.0,0.0,113.0,0.06000000000000005,-2.0,-8.0,-5.0,36.01999999999998,20.550000000000004,36.01999999999998,0.5516520226369661,0
2024-06-29,Suiza,Italia,2-0,,,1.02,0.87,0.48,0.52,4.0,1.0,4.0,6.0,0.0,3.0,9.0,15.0,1.0,2.0,1617.24,1724.37,12.79,13.73,2024.0,0.91,475.0,0.89,470.0,2,0,1,2,1,3,0,0.5396825396825397,0.46031746031746035,0.8,0.19999999999999996,0.4,0.6,0.3333333333333333,0.6666666666666667,0.5026455026455027,0.4973544973544973,1.0,0.0,0.4839703017407777,0.5160296982592223,0.4822775263951734,0.5177224736048266,0.15000000000000002,-0.040000000000000036,3.0,-2.0,5.0,0.020000000000000018,-3.0,-6.0,-1.0,-107.12999999999988,-0.9400000000000013,-107.12999999999988,0.35053466663399035,0
2024-06-30,Inglaterra,Eslovaquia,1-1,2-1,,1.41,1.89,0.63,0.37,2.0,3.0,9.0,1.0,3.0,6.0,12.0,19.0,2.0,0.0,1787.88,1467.77,52.43,2.3,2024.0,0.88,711.0,0.81,390.0,1,1,X,0,0,1,1,0.42727272727272725,0.5727272727272728,0.4,0.6,0.9,0.09999999999999998,1.0,0.0,0.6457765667574932,0.3542234332425068,0.5,0.5,0.5491622256692212,0.45083777433077876,0.9579755161702905,0.04202448382970947,-0.48,0.26,-1.0,8.0,321.0,0.06999999999999995,-3.0,-7.0,2.0,320.1100000000001,50.13,320.1100000000001,0.8632678705602581,-1
2024-06-30,Argentina,Perú,2-0,,,2.29,0.29,0.69,0.31,7.0,3.0,6.0,3.0,1.0,5.0,11.0,20.0,3.0,5.0,1860.14,1515.01,31.06,1.28,2024.0,0.9,582.0,0.78,175.0,2,0,1,2,1,3,0,0.8875968992248062,0.11240310077519378,0.7,0.30000000000000004,0.6666666666666666,0.33333333333333337,0.375,0.625,0.7688243064729194,0.23117569352708056,1.0,0.0,0.5511280980104588,0.4488719019895412,0.9604205318491034,0.039579468150896635,2.0,0.37999999999999995,4.0,3.0,407.0,0.12,-4.0,-9.0,-2.0,345.1300000000001,29.779999999999998,345.1300000000001,0.8793965436473296,0
2024-06-30,España,Georgia,4-1,,,3.29,0.19,0.72,0.28,13.0,0.0,13.0,3.0,1.0,1.0,11.0,5.0,0.0,9.0,1729.92,1338.91,47.03,9.65,2024.0,0.94,772.0,0.81,229.0,4,1,1,3,1,3,0,0.9454022988505747,0.054597701149425304,1.0,0.0,0.8125,0.1875,0.0,1.0,0.7712287712287712,0.2287712287712288,0.8,0.19999999999999996,0.5637066895201103,0.43629331047988973,0.8297459421312633,0.1702540578687367,3.1,0.43999999999999995,13.0,10.0,543.0,0.1299999999999999,0.0,6.0,-9.0,391.01,37.38,391.01,0.9047224924516304,-2
2024-06-30,Canadá,Chile,0-0,,,1.08,0.96,0.54,0.46,4.0,6.0,8.0,4.0,5.0,2.0,13.0,6.0,6.0,4.0,1461.74,1496.13,7.64,2.67,2024.0,0.86,347.0,0.77,270.0,0,0,X,0,0,1,1,0.5294117647058824,0.47058823529411764,0.4,0.6,0.6666666666666666,0.33333333333333337,0.6,0.4,0.5623987034035657,0.4376012965964343,0.5,0.5,0.4941866951556357,0.5058133048443643,0.7410281280310379,0.2589718719689621,0.1200000000000001,0.08000000000000002,-2.0,4.0,77.0,0.08999999999999997,3.0,7.0,2.0,-34.3900000000001,4.97,-34.3900000000001,0.4506698108825368,0
2024-07-01,Portugal,Eslovenia,0-0,0-0,1-0,2.09,0.85,0.68,0.32,5.0,2.0,11.0,4.0,2.0,5.0,8.0,17.0,2.0,5.0,1747.04,1429.74,38.67,4.02,2024.0,0.88,695.0,0.64,193.0,0,0,X,0,0,1,1,0.7108843537414966,0.2891156462585034,0.7142857142857143,0.2857142857142857,0.7333333333333333,0.2666666666666667,0.2857142857142857,0.7142857142857143,0.7826576576576577,0.2173423423423423,0.5,0.5,0.5499405057951763,0.4500594942048237,0.9058327477160929,0.0941672522839071,1.2399999999999998,0.36000000000000004,3.0,7.0,502.0,0.24,-3.0,-9.0,-3.0,317.29999999999995,34.650000000000006,317.29999999999995,0.861347309448069,-1
2024-07-01,Jamaica,Venezuela,0-3,,,1.03,2.33,0.48,0.52,1.0,4.0,6.0,9.0,1.0,1.0,4.0,12.0,1.0,1.0,1442.82,1442.29,0.377,2.93,2024.0,0.82,279.0,0.8,303.0,0,3,2,-3,0,0,3,0.306547619047619,0.6934523809523809,0.2,0.8,0.4,0.6,0.5,0.5,0.4793814432989691,0.5206185567010309,0.0,1.0,0.5000918509172961,0.49990814908270387,0.11400060477774417,0.8859993952222558,-1.3,-0.040000000000000036,-3.0,-3.0,-24.0,0.019999999999999907,0.0,-8.0,0.0,0.5299999999999727,-2.553,0.5299999999999727,0.5007627307204203,0
2024-07-01,México,Ecuador,0-0,,,1.16,0.47,0.58,0.42,3.0,3.0,5.0,2.0,5.0,1.0,16.0,12.0,3.0,3.0,1652.33,1517.54,7.38,14.18,2024.0,0.85,405.0,0.73,213.0,0,0,X,0,0,1,1,0.7116564417177914,0.2883435582822086,0.5,0.5,0.7142857142857143,0.2857142857142857,0.5,0.5,0.6553398058252428,0.34466019417475724,0.5,0.5,0.5212611242732351,0.4787388757267649,0.3423005565862709,0.6576994434137291,0.69,0.15999999999999998,0.0,3.0,192.0,0.12,4.0,4.0,0.0,134.78999999999996,-6.8,134.78999999999996,0.6847987361744495,0
2024-07-01,Francia,Bélgica,1-0,,,1.36,0.26,0.52,0.48,2.0,2.0,5.0,2.0,3.0,3.0,7.0,10.0,2.0,1.0,1837.47,1797.98,58.58,21.06,2024.0,0.93,579.0,0.89,441.0,1,0,1,1,1,3,0,0.8395061728395061,0.16049382716049387,0.5,0.5,0.7142857142857143,0.2857142857142857,0.6666666666666666,0.33333333333333337,0.5676470588235294,0.4323529411764706,1.0,0.0,0.5054312395989493,0.4945687604010507,0.7355600200904068,0.2644399799095932,1.1,0.040000000000000036,0.0,3.0,138.0,0.040000000000000036,0.0,-3.0,1.0,39.49000000000001,37.519999999999996,39.49000000000001,0.5565872063796075,0
2024-07-02,Austria,Turquía,1-2,,,2.73,0.87,0.57,0.43,5.0,3.0,10.0,4.0,2.0,2.0,12.0,5.0,1.0,4.0,1560.03,1493.38,9.43,18.22,2024.0,0.86,485.0,0.81,307.0,1,2,2,-1,0,0,3,0.7583333333333333,0.2416666666666667,0.625,0.375,0.7142857142857143,0.2857142857142857,0.2,0.8,0.6123737373737373,0.38762626262626265,0.3333333333333333,0.6666666666666667,0.5109140272678743,0.48908597273212573,0.3410488245931284,0.6589511754068715,1.8599999999999999,0.13999999999999996,2.0,6.0,178.0,0.04999999999999993,0.0,7.0,-3.0,66.64999999999986,-8.79,66.64999999999986,0.5947575325441603,-1
2024-07-02,Rumanía,Países Bajos,0-3,,,0.24,2.77,0.39,0.61,1.0,6.0,4.0,13.0,2.0,2.0,8.0,9.0,3.0,1.0,1462.35,1746.66,2.37,29.01,2024.0,0.75,212.0,0.89,449.0,0,3,2,-3,0,0,3,0.079734219269103,0.920265780730897,0.14285714285714285,0.8571428571428572,0.23529411764705882,0.7647058823529411,0.75,0.25,0.3207261724659607,0.6792738275340393,0.0,1.0,0.4557012910523806,0.5442987089476194,0.07552581261950286,0.9244741873804971,-2.5300000000000002,-0.21999999999999997,-5.0,-9.0,-237.0,-0.14,0.0,-1.0,2.0,-284.3100000000002,-26.64,-284.3100000000002,0.16292551558946372,1
2024-07-02,EE. UU.,Uruguay,0-1,,,0.49,1.53,0.51,0.49,2.0,6.0,2.0,3.0,2.0,1.0,12.0,12.0,5.0,2.0,1676.52,1663.44,14.83,13.82,2024.0,0.82,268.0,0.73,228.0,0,1,2,-1,0,0,3,0.24257425742574257,0.7574257425742574,0.25,0.75,0.4,0.6,0.7142857142857143,0.2857142857142857,0.5403225806451613,0.45967741935483875,0.0,1.0,0.5019581072827219,0.49804189271727806,0.5176265270506109,0.48237347294938915,-1.04,0.020000000000000018,-4.0,-1.0,40.0,0.08999999999999997,1.0,0.0,3.0,13.079999999999927,1.0099999999999998,13.079999999999927,0.518814745157757,0
2024-07-02,Bolivia,Panamá,1-3,,,0.62,1.51,0.49,0.51,3.0,8.0,2.0,1.0,2.0,1.0,17.0,8.0,5.0,2.0,1282.43,1482.1,0.669,1.33,2024.0,0.84,326.0,0.83,344.0,1,3,2,-2,0,0,3,0.2910798122065728,0.7089201877934272,0.2727272727272727,0.7272727272727273,0.6666666666666666,0.33333333333333337,0.7142857142857143,0.2857142857142857,0.48656716417910445,0.5134328358208955,0.25,0.75,0.46388717069447616,0.5361128293055238,0.33466733366683343,0.6653326663331666,-0.89,-0.020000000000000018,-5.0,1.0,-18.0,0.010000000000000009,1.0,9.0,3.0,-199.66999999999985,-0.661,-199.66999999999985,0.24059998729456558,1
2024-07-03,Costa Rica,Paraguay,2-1,,,0.47,1.3,0.38,0.62,2.0,7.0,1.0,6.0,3.0,3.0,11.0,17.0,6.0,0.0,1454.2,1427.11,1.34,5.91,2024.0,0.7,176.0,0.88,444.0,2,1,1,1,1,3,0,0.2655367231638418,0.7344632768361582,0.2222222222222222,0.7777777777777778,0.14285714285714285,0.8571428571428572,1.0,0.0,0.2838709677419355,0.7161290322580645,0.6666666666666666,0.33333333333333337,0.5047009867039646,0.49529901329603543,0.18482758620689657,0.8151724137931035,-0.8300000000000001,-0.24,-5.0,-5.0,-268.0,-0.18000000000000005,0.0,-6.0,6.0,27.090000000000146,-4.57,27.090000000000146,0.5389068308190696,0
2024-07-03,Brasil,Colombia,1-1,,,0.22,1.31,0.51,0.49,3.0,6.0,6.0,5.0,3.0,2.0,14.0,19.0,5.0,2.0,1791.85,1669.44,35.7,11.63,2024.0,0.85,346.0,0.92,334.0,1,1,X,0,0,1,1,0.1437908496732026,0.8562091503267975,0.3333333333333333,0.6666666666666667,0.5454545454545454,0.4545454545454546,0.7142857142857143,0.2857142857142857,0.5088235294117647,0.4911764705882353,0.5,0.5,0.5176827136703368,0.4823172863296632,0.7542784703148109,0.24572152968518912,-1.09,0.020000000000000018,-3.0,1.0,12.0,-0.07000000000000006,1.0,-5.0,3.0,122.40999999999985,24.07,122.40999999999985,0.6692176202854719,0
2024-07-05,España,Alemania,1-1,2-1,,1.46,2.03,0.52,0.48,6.0,5.0,1.0,5.0,7.0,8.0,17.0,22.0,4.0,4.0,1729.92,1646.78,47.03,36.42,2024.0,0.87,504.0,0.86,540.0,1,1,X,0,0,1,1,0.4183381088825215,0.5816618911174785,0.5454545454545454,0.4545454545454546,0.16666666666666666,0.8333333333333334,0.5,0.5,0.4827586206896552,0.5172413793103448,0.5,0.5,0.5123108360233365,0.4876891639766635,0.5635710005991612,0.4364289994008388,-0.5699999999999998,0.040000000000000036,1.0,-4.0,-36.0,0.010000000000000009,-1.0,-5.0,0.0,83.1400000000001,10.61,83.1400000000001,0.6174154145962172,0
2024-07-05,Portugal,Francia,0-0,0-0,0-1,1.68,0.92,0.63,0.37,4.0,5.0,11.0,4.0,1.0,1.0,8.0,13.0,5.0,4.0,1747.04,1837.47,38.67,58.58,2024.0,0.94,825.0,0.92,543.0,0,0,X,0,0,1,1,0.6461538461538461,0.3538461538461539,0.4444444444444444,0.5555555555555556,0.7333333333333333,0.2666666666666667,0.5555555555555556,0.4444444444444444,0.6030701754385965,0.39692982456140347,0.5,0.5,0.4873860025498603,0.5126139974501397,0.3976349614395887,0.6023650385604113,0.7599999999999999,0.26,-1.0,7.0,282.0,0.019999999999999907,0.0,-5.0,1.0,-90.43000000000006,-19.909999999999997,-90.43000000000006,0.37272201524322374,0
2024-07-05,Argentina,Ecuador,1-1,1-1,2-1,1.34,1.77,0.52,0.48,3.0,3.0,2.0,5.0,2.0,2.0,13.0,14.0,2.0,2.0,1860.14,1517.54,31.06,14.18,2024.0,0.82,311.0,0.82,288.0,1,1,X,0,0,1,1,0.4308681672025723,0.5691318327974277,0.5,0.5,0.2857142857142857,0.7142857142857143,0.5,0.5,0.5191986644407346,0.4808013355592654,0.5,0.5,0.5507152838634802,0.44928471613651977,0.6865605658709107,0.31343943412908926,-0.42999999999999994,0.040000000000000036,0.0,-3.0,23.0,0.0,0.0,-1.0,0.0,342.60000000000014,16.88,342.60000000000014,0.8778433723874939,0
2024-07-06,Venezuela,Canadá,1-1,1-1,1-2,1.25,1.97,0.55,0.45,5.0,7.0,7.0,3.0,1.0,2.0,7.0,13.0,6.0,4.0,1442.29,1461.74,2.93,7.64,2024.0,0.75,307.0,0.87,290.0,1,1,X,0,0,1,1,0.38819875776397517,0.6118012422360248,0.4166666666666667,0.5833333333333333,0.7,0.30000000000000004,0.6,0.4,0.5142378559463987,0.4857621440536013,0.5,0.5,0.4966512053938837,0.5033487946061164,0.2771996215704825,0.7228003784295175,-0.72,0.10000000000000003,-2.0,4.0,17.0,-0.12,-1.0,-6.0,2.0,-19.450000000000045,-4.709999999999999,-19.450000000000045,0.4720384038462828,0
2024-07-06,Países Bajos,Turquía,2-1,,,0.87,1.37,0.56,0.44,4.0,4.0,3.0,7.0,4.0,2.0,15.0,7.0,3.0,2.0,1746.66,1493.38,29.01,18.22,2024.0,0.9,480.0,0.84,310.0,2,1,1,1,1,3,0,0.3883928571428571,0.6116071428571429,0.5,0.5,0.3,0.7,0.6,0.4,0.6075949367088608,0.3924050632911392,0.6666666666666666,0.33333333333333337,0.5390859372106518,0.4609140627893482,0.6142282447596866,0.3857717552403134,-0.5000000000000001,0.12000000000000005,0.0,-4.0,170.0,0.06000000000000005,2.0,8.0,1.0,253.27999999999997,10.790000000000003,253.27999999999997,0.8112261117362175,-1
2024-07-06,Inglaterra,Suiza,1-1,1-1,2-1,0.84,1.31,0.51,0.49,3.0,3.0,4.0,3.0,1.0,2.0,8.0,13.0,2.0,2.0,1787.88,1617.24,52.43,12.79,2024.0,0.92,626.0,0.93,583.0,1,1,X,0,0,1,1,0.39069767441860465,0.6093023255813954,0.5,0.5,0.5714285714285714,0.4285714285714286,0.5,0.5,0.5177832919768404,0.48221670802315963,0.5,0.5,0.5250563856780378,0.4749436143219622,0.8038945108862312,0.1961054891137688,-0.4700000000000001,0.020000000000000018,0.0,1.0,43.0,-0.010000000000000009,-1.0,-5.0,0.0,170.6400000000001,39.64,170.6400000000001,0.727560938984534,0
2024-07-07,Colombia,Panamá,5-0,,,2.08,0.64,0.51,0.49,5.0,2.0,4.0,2.0,1.0,3.0,15.0,20.0,2.0,0.0,1669.44,1482.1,11.63,1.33,2024.0,0.88,312.0,0.83,279.0,5,0,1,5,1,3,0,0.7647058823529411,0.23529411764705888,0.7142857142857143,0.2857142857142857,0.6666666666666666,0.33333333333333337,1.0,0.0,0.5279187817258884,0.47208121827411165,1.0,0.0,0.5297219771921029,0.4702780228078971,0.8973765432098766,0.10262345679012341,1.44,0.020000000000000018,3.0,2.0,33.0,0.050000000000000044,-2.0,-5.0,2.0,187.34000000000015,10.3,187.34000000000015,0.746194057564932,-1
2024-07-07,Uruguay,Brasil,0-0,0-0,1-0,0.95,0.55,0.42,0.58,3.0,3.0,6.0,2.0,2.0,2.0,26.0,15.0,3.0,3.0,1663.44,1791.85,13.82,35.7,2024.0,0.74,192.0,0.83,335.0,0,0,X,0,0,1,1,0.6333333333333333,0.3666666666666667,0.5,0.5,0.75,0.25,0.5,0.5,0.36432637571157495,0.6356736242884251,0.5,0.5,0.48141834694048835,0.5185816530595116,0.27907915993537963,0.7209208400646203,0.3999999999999999,-0.15999999999999998,0.0,4.0,-143.0,-0.08999999999999997,0.0,11.0,0.0,-128.40999999999985,-21.880000000000003,-128.40999999999985,0.3231818670478082,0
2024-07-09,España,Francia,2-1,,,0.62,1.09,0.58,0.42,2.0,3.0,4.0,6.0,2.0,2.0,9.0,14.0,2.0,0.0,1729.92,1837.47,47.03,58.58,2024.0,0.89,456.0,0.85,303.0,2,1,1,1,1,3,0,0.36257309941520466,0.6374269005847953,0.4,0.6,0.4,0.6,1.0,0.0,0.6007905138339921,0.39920948616600793,0.6666666666666666,0.33333333333333337,0.48492595426908747,0.5150740457309125,0.4453176782501657,0.5546823217498342,-0.4700000000000001,0.15999999999999998,-1.0,-2.0,153.0,0.040000000000000036,0.0,-5.0,2.0,-107.54999999999995,-11.549999999999997,-107.54999999999995,0.34998444860696126,0
2024-07-10,Países Bajos,Inglaterra,1-2,,,0.51,1.31,0.4,0.6,2.0,4.0,3.0,0.0,3.0,3.0,11.0,6.0,2.0,1.0,1746.66,1787.88,29.01,52.43,2024.0,0.9,384.0,0.92,548.0,1,2,2,-1,0,0,3,0.2802197802197802,0.7197802197802198,0.3333333333333333,0.6666666666666667,1.0,0.0,0.6666666666666666,0.33333333333333337,0.41201716738197425,0.5879828326180258,0.3333333333333333,0.6666666666666667,0.49416897248298225,0.5058310275170177,0.356213163064833,0.6437868369351669,-0.8,-0.19999999999999996,-2.0,3.0,-164.0,-0.020000000000000018,0.0,5.0,1.0,-41.22000000000003,-23.419999999999998,-41.22000000000003,0.44095641685084264,0
2024-07-10,Argentina,Canadá,2-0,,,1.67,0.68,0.52,0.48,3.0,2.0,2.0,2.0,1.0,3.0,5.0,15.0,2.0,1.0,1860.14,1461.74,31.06,7.64,2024.0,0.86,412.0,0.86,388.0,2,0,1,2,1,3,0,0.7106382978723403,0.28936170212765966,0.6,0.4,0.5,0.5,0.6666666666666666,0.33333333333333337,0.515,0.485,1.0,0.0,0.5599660433248642,0.4400339566751358,0.8025839793281654,0.1974160206718346,0.9899999999999999,0.040000000000000036,1.0,0.0,24.0,0.0,-2.0,-10.0,1.0,398.4000000000001,23.419999999999998,398.4000000000001,0.9083268504665672,-1
2024-07-11,Uruguay,Colombia,0-1,,,0.65,1.63,0.62,0.38,3.0,3.0,4.0,3.0,3.0,5.0,11.0,13.0,2.0,3.0,1663.44,1669.44,13.82,11.63,2024.0,0.84,352.0,0.86,208.0,0,1,2,-1,0,0,3,0.28508771929824567,0.7149122807017543,0.5,0.5,0.5714285714285714,0.4285714285714286,0.4,0.6,0.6285714285714286,0.37142857142857144,0.0,1.0,0.49909987758335134,0.5009001224166487,0.543025540275049,0.456974459724951,-0.9799999999999999,0.24,0.0,1.0,144.0,-0.020000000000000018,-2.0,-2.0,-1.0,-6.0,2.1899999999999995,-6.0,0.4913661641789174,0
2024-07-14,España,Inglaterra,2-1,,,1.89,0.61,0.63,0.37,5.0,3.0,10.0,2.0,1.0,3.0,11.0,5.0,2.0,3.0,1729.92,1787.88,47.03,52.43,2024.0,0.91,496.0,0.81,246.0,2,1,1,1,1,3,0,0.756,0.244,0.625,0.375,0.8333333333333334,0.16666666666666663,0.4,0.6,0.6684636118598383,0.33153638814016173,0.6666666666666666,0.33333333333333337,0.4917618966399454,0.5082381033600546,0.4728534084053891,0.527146591594611,1.2799999999999998,0.26,2.0,8.0,250.0,0.09999999999999998,-2.0,6.0,-1.0,-57.960000000000036,-5.399999999999999,-57.960000000000036,0.41735410585256066,0
2024-07-14,Canadá,Uruguay,2-2,2-2,2-3,1.83,1.62,0.49,0.51,7.0,6.0,7.0,6.0,3.0,2.0,18.0,17.0,4.0,5.0,1461.74,1663.44,7.64,13.82,2024.0,0.8,264.0,0.82,257.0,2,2,X,0,0,1,1,0.5304347826086957,0.4695652173913043,0.5384615384615384,0.46153846153846156,0.5384615384615384,0.46153846153846156,0.4444444444444444,0.5555555555555556,0.5067178502879078,0.49328214971209217,0.5,0.5,0.4677298587601354,0.5322701412398646,0.3560111835973905,0.6439888164026095,0.20999999999999996,-0.020000000000000018,1.0,1.0,7.0,-0.019999999999999907,1.0,1.0,-1.0,-201.70000000000005,-6.180000000000001,-201.70000000000005,0.2384713653038403,1
2024-07-15,Argentina,Colombia,0-0,1-0,,1.41,1.22,0.45,0.55,5.0,9.0,4.0,7.0,2.0,2.0,8.0,18.0,9.0,4.0,1860.14,1669.44,31.06,11.63,2024.0,0.83,410.0,0.86,548.0,0,0,X,0,0,1,1,0.5361216730038023,0.4638783269961977,0.35714285714285715,0.6428571428571428,0.36363636363636365,0.6363636363636364,0.6923076923076923,0.3076923076923077,0.4279749478079332,0.5720250521920668,0.5,0.5,0.5270145456399912,0.47298545436000883,0.7275708596861091,0.27242914031389087,0.18999999999999995,-0.10000000000000003,-4.0,-3.0,-138.0,-0.030000000000000027,0.0,-10.0,5.0,190.70000000000005,19.43,190.70000000000005,0.7498396822011726,0
2024-09-04,Tanzania,Etiopía,0-0,,,0.7052,0.4948,0.49,0.51,1.0,0.0,4.0,1.0,2.0,1.0,19.0,22.0,0.0,1.0,1174.99,1066.16,0.361,0.126,2024.0,0.89,425.0,0.84,459.0,0,0,X,0,0,1,1,0.5876666666666667,0.41233333333333333,1.0,0.0,0.8,0.19999999999999996,0.0,1.0,0.4807692307692308,0.5192307692307692,0.5,0.5,0.5242799455636615,0.47572005443633847,0.7412731006160164,0.25872689938398363,0.21040000000000003,-0.020000000000000018,1.0,3.0,-34.0,0.050000000000000044,1.0,-3.0,-1.0,108.82999999999993,0.235,108.82999999999993,0.6516899405922816,-1
2024-09-04,Sudán,Níger,1-0,,,1.0991999999999995,0.9121999999999999,0.55,0.45,5.0,2.0,1.0,6.0,0.0,1.0,15.0,11.0,2.0,4.0,1152.29,1139.21,0.121,0.428,2024.0,0.78,337.0,0.68,233.0,1,0,1,1,1,3,0,0.5464850352987969,0.4535149647012031,0.7142857142857143,0.2857142857142857,0.14285714285714285,0.8571428571428572,0.3333333333333333,0.6666666666666667,0.5912280701754385,0.40877192982456145,1.0,0.0,0.5028540257473271,0.49714597425267293,0.22040072859744994,0.77959927140255,0.1869999999999996,0.10000000000000003,3.0,-5.0,104.0,0.09999999999999998,-1.0,4.0,-2.0,13.079999999999927,-0.307,13.079999999999927,0.518814745157757,0
2024-09-04,Comores,Gambia,1-1,,,1.4834,1.3859999999999997,0.35,0.65,6.0,4.0,4.0,4.0,0.0,3.0,7.0,20.0,3.0,5.0,1159.84,1112.55,0.667,3.43,2024.0,0.77,217.0,0.85,484.0,1,1,X,0,0,1,1,0.5169721893078693,0.48302781069213074,0.6,0.4,0.5,0.5,0.375,0.625,0.3095577746077033,0.6904422253922967,0.5,0.5,0.5104053441530723,0.48959465584692774,0.1628020502806932,0.8371979497193068,0.09740000000000038,-0.30000000000000004,2.0,0.0,-267.0,-0.07999999999999996,-3.0,-13.0,-2.0,47.289999999999964,-2.763,47.289999999999964,0.5676385967095795,0
2024-09-04,Libia,Ruanda,1-1,,,1.0868000000000004,0.7539999999999999,0.44,0.56,4.0,3.0,4.0,4.0,3.0,0.0,23.0,19.0,2.0,3.0,1165.73,1114.15,0.533,0.232,2024.0,0.7,254.0,0.79,378.0,1,1,X,0,0,1,1,0.5903954802259889,0.40960451977401113,0.5714285714285714,0.4285714285714286,0.5,0.5,0.4,0.6,0.40189873417721517,0.5981012658227849,0.5,0.5,0.5113119988771339,0.48868800112286614,0.6967320261437909,0.30326797385620907,0.33280000000000054,-0.12000000000000005,1.0,0.0,-124.0,-0.09000000000000008,3.0,4.0,-1.0,51.57999999999993,0.30100000000000005,51.57999999999993,0.5736890090404941,0
2024-09-05,Malaui,Burundi,2-3,,,2.096400000000001,0.8754,0.56,0.44,8.0,2.0,12.0,3.0,1.0,3.0,13.0,18.0,0.0,6.0,1137.83,1091.24,0.075,0.377,2024.0,0.81,341.0,0.78,221.0,2,3,2,-1,0,0,3,0.7054310518877449,0.2945689481122551,0.8,0.19999999999999996,0.8,0.19999999999999996,0.0,1.0,0.6067615658362989,0.3932384341637011,0.4,0.6,0.5104505466405272,0.48954945335947275,0.165929203539823,0.834070796460177,1.221000000000001,0.12000000000000005,6.0,9.0,120.0,0.030000000000000027,-2.0,-5.0,-6.0,46.58999999999992,-0.302,46.58999999999992,0.5666493824485762,0
2024-09-05,República Centroafricana,Lesoto,3-1,,,1.3264000000000005,0.7830000000000001,0.44,0.56,5.0,2.0,1.0,4.0,1.0,3.0,11.0,10.0,1.0,2.0,1129.3,1046.54,0.336,0.025,2024.0,0.8,335.0,0.82,427.0,3,1,1,2,1,3,0,0.6288043993552669,0.3711956006447331,0.7142857142857143,0.2857142857142857,0.2,0.8,0.3333333333333333,0.6666666666666667,0.43963254593175854,0.5603674540682415,0.75,0.25,0.5190179424957717,0.4809820575042283,0.9307479224376731,0.06925207756232687,0.5434000000000003,-0.12000000000000005,3.0,-3.0,-92.0,-0.019999999999999907,-2.0,1.0,-1.0,82.75999999999999,0.311,82.75999999999999,0.6168985751936649,0
2024-09-05,Guinea-Bisáu,Eswatini,1-0,,,1.5971999999999997,0.562,0.66,0.34,5.0,2.0,5.0,4.0,1.0,1.0,12.0,10.0,2.0,4.0,1168.49,1025.28,1.64,0.045,2024.0,0.92,499.0,0.79,211.0,1,0,1,1,1,3,0,0.7397184142274916,0.2602815857725084,0.7142857142857143,0.2857142857142857,0.5555555555555556,0.4444444444444444,0.3333333333333333,0.6666666666666667,0.7028169014084507,0.29718309859154934,1.0,0.0,0.5326401582663634,0.46735984173363665,0.9732937685459941,0.026706231454005858,1.0351999999999997,0.32,3.0,1.0,288.0,0.13,0.0,2.0,-2.0,143.21000000000004,1.595,143.21000000000004,0.6951659423818684,-1
2024-09-05,Argelia,Guinea Ecuatorial,2-0,,,2.1420000000000012,0.32580000000000003,0.55,0.45,8.0,1.0,7.0,3.0,1.0,4.0,16.0,18.0,1.0,6.0,1474.13,1260.5,9.88,0.191,2024.0,0.83,369.0,0.74,246.0,2,0,1,2,1,3,0,0.8679795769511306,0.1320204230488694,0.8888888888888888,0.11111111111111116,0.7,0.30000000000000004,0.14285714285714285,0.8571428571428572,0.6,0.4,1.0,0.0,0.5390601287925606,0.4609398712074394,0.9810346539569059,0.018965346043094078,1.8162000000000011,0.10000000000000003,7.0,4.0,123.0,0.08999999999999997,-3.0,-2.0,-5.0,213.6300000000001,9.689,213.6300000000001,0.7737753639446326,-1
2024-09-05,Corea del Sur,Palestina,0-0,,,2.1350000000000007,0.4802,0.79,0.21,5.0,3.0,4.0,1.0,1.0,5.0,13.0,7.0,3.0,5.0,1572.87,1231.25,5.35,0.343,2024.0,0.88,665.0,0.69,162.0,0,0,X,0,0,1,1,0.8163811563169165,0.18361884368308345,0.625,0.375,0.8,0.19999999999999996,0.375,0.625,0.8041112454655381,0.19588875453446186,0.5,0.5,0.5609139409155101,0.43908605908448994,0.939750570876515,0.060249429123484965,1.6548000000000007,0.5800000000000001,2.0,3.0,503.0,0.19000000000000006,-4.0,6.0,-2.0,341.6199999999999,5.007,341.6199999999999,0.8772371368482839,-2
2024-09-05,Túnez,Madagascar,1-0,,,1.4639999999999997,0.5300000000000002,0.65,0.35,4.0,3.0,3.0,2.0,1.0,4.0,14.0,12.0,3.0,3.0,1494.06,1203.66,2.69,0.283,2024.0,0.89,515.0,0.77,252.0,1,0,1,1,1,3,0,0.7342026078234702,0.26579739217652976,0.5714285714285714,0.4285714285714286,0.6,0.4,0.5,0.5,0.6714471968709257,0.3285528031290743,1.0,0.0,0.5538232285040701,0.44617677149592994,0.9048099562731248,0.09519004372687523,0.9339999999999995,0.30000000000000004,1.0,1.0,263.0,0.12,-3.0,2.0,0.0,290.39999999999986,2.407,290.39999999999986,0.8417992511029776,-1
2024-09-05,Guyana,Surinam,1-3,,,1.1491999999999998,2.0105999999999993,0.54,0.46,4.0,6.0,3.0,5.0,0.0,2.0,12.0,14.0,3.0,3.0,1026.61,1087.77,0.06,1.38,2024.0,0.84,393.0,0.82,298.0,1,3,2,-2,0,0,3,0.3636939046775113,0.6363060953224887,0.4,0.6,0.375,0.625,0.5,0.5,0.5687409551374819,0.4312590448625181,0.25,0.75,0.485537131452246,0.514462868547754,0.041666666666666664,0.9583333333333334,-0.8613999999999995,0.08000000000000002,-2.0,-2.0,95.0,0.020000000000000018,-2.0,-2.0,0.0,-61.16000000000008,-1.3199999999999998,-61.16000000000008,0.4128816904909373,0
2024-09-05,Ghana,Angola,0-1,,,1.4934000000000003,1.171,0.52,0.48,5.0,5.0,7.0,3.0,2.0,2.0,24.0,24.0,4.0,5.0,1381.25,1255.65,9.01,1.72,2024.0,0.83,357.0,0.71,223.0,0,1,2,-1,0,0,3,0.5605014262122804,0.4394985737877196,0.5,0.5,0.7,0.30000000000000004,0.4444444444444444,0.5555555555555556,0.6155172413793103,0.3844827586206897,0.0,1.0,0.5238158443626986,0.47618415563730143,0.8397017707362534,0.1602982292637466,0.32240000000000024,0.040000000000000036,0.0,4.0,134.0,0.12,0.0,0.0,-1.0,125.59999999999991,7.29,125.59999999999991,0.673269873085834,-1
2024-09-05,Congo,Sudán del Sur,1-0,,,1.5611999999999997,1.1068,0.65,0.35,4.0,3.0,6.0,7.0,3.0,3.0,16.0,15.0,3.0,3.0,1162.73,980.02,0.111,0.064,2024.0,0.85,421.0,0.74,195.0,1,0,1,1,1,3,0,0.5851574212893553,0.41484257871064467,0.5714285714285714,0.4285714285714286,0.46153846153846156,0.5384615384615384,0.5,0.5,0.6834415584415584,0.3165584415584416,1.0,0.0,0.5426344650565862,0.4573655349434138,0.6342857142857143,0.36571428571428566,0.4543999999999997,0.30000000000000004,1.0,-1.0,226.0,0.10999999999999999,0.0,1.0,0.0,182.71000000000004,0.047,182.71000000000004,0.7411133585209695,0
2024-09-05,Japón,China,7-0,,,3.416000000000001,0.1411999999999999,0.78,0.22,10.0,0.0,5.0,2.0,0.0,3.0,21.0,10.0,0.0,3.0,1628.81,1267.51,10.42,0.551,2024.0,0.91,683.0,0.63,146.0,7,0,1,7,1,3,0,0.960305858540425,0.03969414145957495,1.0,0.0,0.7142857142857143,0.2857142857142857,0.0,1.0,0.8238841978287093,0.17611580217129075,1.0,0.0,0.5623722516848967,0.4376277483151033,0.9497766839850514,0.05022331601494856,3.274800000000001,0.56,10.0,3.0,537.0,0.28,-3.0,11.0,-3.0,361.29999999999995,9.869,361.29999999999995,0.8889252731633094,-2
2024-09-05,Escocia,Polonia,2-3,,,1.59,2.14,0.53,0.47,3.0,3.0,2.0,3.0,0.0,3.0,13.0,18.0,0.0,1.0,1472.3,1523.53,6.55,8.91,2024.0,0.89,502.0,0.86,338.0,2,3,2,-1,0,0,3,0.42627345844504017,0.5737265415549598,0.5,0.5,0.4,0.6,0.0,1.0,0.5976190476190476,0.4023809523809524,0.4,0.6,0.4914497818634569,0.5085502181365431,0.42367399741267786,0.5763260025873221,-0.55,0.06000000000000005,0.0,-1.0,164.0,0.030000000000000027,-3.0,-5.0,-1.0,-51.23000000000002,-2.3600000000000003,-51.23000000000002,0.4268038141507211,1
2024-09-05,Jordania,Kuwait,1-1,,,0.9809999999999998,0.9129999999999999,0.45,0.55,3.0,2.0,6.0,0.0,1.0,1.0,21.0,10.0,1.0,2.0,1374.13,1098.42,0.781,0.176,2024.0,0.88,407.0,0.89,498.0,1,1,X,0,0,1,1,0.5179514255543822,0.4820485744456178,0.6,0.4,1.0,0.0,0.3333333333333333,0.6666666666666667,0.44972375690607735,0.5502762430939226,0.5,0.5,0.5557541809063518,0.44424581909364824,0.8160919540229885,0.1839080459770115,0.06799999999999984,-0.10000000000000003,1.0,6.0,-91.0,-0.010000000000000009,0.0,11.0,-1.0,275.71000000000004,0.605,275.71000000000004,0.8302097234991461,-2
2024-09-05,Dinamarca,Suiza,2-0,,,1.64,0.4,0.51,0.49,7.0,1.0,6.0,1.0,4.0,5.0,17.0,13.0,1.0,5.0,1607.52,1654.1,15.87,12.79,2024.0,0.9,497.0,0.87,391.0,2,0,1,2,1,3,0,0.8039215686274509,0.1960784313725491,0.875,0.125,0.8571428571428571,0.1428571428571429,0.16666666666666666,0.8333333333333334,0.5596846846846847,0.4403153153153153,1.0,0.0,0.4928593766287918,0.5071406233712081,0.5537334263782275,0.44626657362177247,1.2399999999999998,0.020000000000000018,6.0,5.0,106.0,0.030000000000000027,-1.0,4.0,-4.0,-46.57999999999993,3.08,-46.57999999999993,0.4333647530523399,0
2024-09-05,Portugal,Croacia,2-1,,,1.2,0.58,0.49,0.51,6.0,4.0,5.0,7.0,0.0,1.0,5.0,6.0,3.0,4.0,1741.43,1701.31,38.67,14.9,2024.0,0.92,528.0,0.92,528.0,2,1,1,1,1,3,0,0.6741573033707866,0.3258426966292134,0.6,0.4,0.4166666666666667,0.5833333333333333,0.42857142857142855,0.5714285714285714,0.5,0.5,0.6666666666666666,0.33333333333333337,0.5058267542713072,0.4941732457286928,0.7218592495799888,0.2781407504200112,0.62,-0.020000000000000018,2.0,-2.0,0.0,0.0,-1.0,-1.0,-1.0,40.12000000000012,23.770000000000003,40.12000000000012,0.5574820519532858,0
2024-09-05,Serbia,España,0-0,,,0.73,1.49,0.32,0.68,1.0,5.0,2.0,9.0,3.0,6.0,11.0,12.0,5.0,1.0,1506.9,1835.67,7.76,47.03,2024.0,0.77,186.0,0.91,574.0,0,0,X,0,0,1,1,0.32882882882882886,0.6711711711711712,0.16666666666666666,0.8333333333333334,0.18181818181818182,0.8181818181818181,0.8333333333333334,0.16666666666666663,0.24473684210526317,0.7552631578947369,0.5,0.5,0.45082077563072726,0.5491792243692728,0.14163168461398065,0.8583683153860193,-0.76,-0.36000000000000004,-4.0,-7.0,-388.0,-0.14,-3.0,-1.0,4.0,-328.77,-39.27,-328.77,0.13095373702128138,1
2024-09-05,Bielorrusia,Bulgaria,0-0,,,0.42,1.25,0.44,0.56,2.0,8.0,5.0,5.0,2.0,5.0,17.0,13.0,8.0,2.0,1219.78,1295.5,0.641,1.2,2024.0,0.78,291.0,0.84,447.0,0,0,X,0,0,1,1,0.25149700598802394,0.7485029940119761,0.2,0.8,0.5,0.5,0.8,0.19999999999999996,0.3943089430894309,0.6056910569105691,0.5,0.5,0.484947997837219,0.515052002162781,0.3481803367734927,0.6518196632265073,-0.8300000000000001,-0.12000000000000005,-6.0,0.0,-156.0,-0.05999999999999994,-3.0,4.0,6.0,-75.72000000000003,-0.5589999999999999,-75.72000000000003,0.3927232725437465,0
2024-09-05,Estonia,Eslovaquia,0-1,,,0.05,2.26,0.43,0.57,2.0,6.0,1.0,7.0,2.0,6.0,13.0,9.0,5.0,2.0,1146.47,1479.07,0.516,2.3,2024.0,0.73,284.0,0.83,487.0,0,1,2,-1,0,0,3,0.02164502164502165,0.9783549783549783,0.25,0.75,0.125,0.875,0.7142857142857143,0.2857142857142857,0.36835278858625164,0.6316472114137484,0.0,1.0,0.43666064885699707,0.5633393511430029,0.18323863636363638,0.8167613636363636,-2.21,-0.13999999999999996,-4.0,-6.0,-203.0,-0.09999999999999998,-4.0,4.0,3.0,-332.5999999999999,-1.7839999999999998,-332.5999999999999,0.12846500294209398,2
2024-09-05,Irlanda del Norte,Luxemburgo,2-0,,,1.3,0.2,0.4,0.6,5.0,2.0,10.0,2.0,1.0,1.0,8.0,17.0,2.0,3.0,1341.33,1276.73,3.47,0.639,2024.0,0.82,271.0,0.87,485.0,2,0,1,2,1,3,0,0.8666666666666667,0.1333333333333333,0.7142857142857143,0.2857142857142857,0.8333333333333334,0.16666666666666663,0.4,0.6,0.3584656084656085,0.6415343915343915,1.0,0.0,0.5123373795864113,0.48766262041358865,0.8444877099050865,0.15551229009491352,1.1,-0.19999999999999996,3.0,8.0,-214.0,-0.050000000000000044,0.0,-9.0,-1.0,64.59999999999991,2.8310000000000004,64.59999999999991,0.5919101532728843,0
2024-09-05,San Marino,Liechtenstein,1-0,,,0.56,0.33,0.46,0.54,2.0,0.0,1.0,2.0,3.0,2.0,13.0,21.0,0.0,1.0,739.64,835.83,0.044,0.026,2024.0,0.74,249.0,0.79,375.0,1,0,1,1,1,3,0,0.6292134831460674,0.3707865168539326,1.0,0.0,0.3333333333333333,0.6666666666666667,0.0,1.0,0.39903846153846156,0.6009615384615384,1.0,0.0,0.46947260182675643,0.5305273981732436,0.6285714285714286,0.37142857142857144,0.23000000000000004,-0.08000000000000002,2.0,-1.0,-126.0,-0.050000000000000044,1.0,-8.0,-1.0,-96.19000000000005,0.018,-96.19000000000005,0.36500312782611694,0
2024-09-05,Azerbaiyán,Suecia,1-3,,,2.96,3.46,0.42,0.58,8.0,9.0,2.0,8.0,2.0,2.0,4.0,20.0,6.0,7.0,1179.88,1522.19,0.706,15.62,2024.0,0.75,269.0,0.85,471.0,1,3,2,-2,0,0,3,0.46105919003115264,0.5389408099688473,0.47058823529411764,0.5294117647058824,0.2,0.8,0.46153846153846156,0.5384615384615384,0.3635135135135135,0.6364864864864865,0.25,0.75,0.43665782159603567,0.5633421784039643,0.04324390542692637,0.9567560945730736,-0.5,-0.15999999999999998,-1.0,-6.0,-202.0,-0.09999999999999998,0.0,-16.0,-1.0,-342.30999999999995,-14.914,-342.30999999999995,0.12233575487400496,2
2024-09-05,Catar,Emiratos Árabes Unidos,1-3,,,0.9513999999999999,1.2146000000000003,0.7,0.3,1.0,4.0,9.0,4.0,2.0,2.0,17.0,9.0,1.0,0.0,1504.06,1368.84,0.766,1.21,2024.0,0.86,503.0,0.63,160.0,1,3,2,-2,0,0,3,0.4392428439519851,0.5607571560480149,0.2,0.8,0.6923076923076923,0.3076923076923077,1.0,0.0,0.7586726998491704,0.2413273001508296,0.25,0.75,0.5235337115806329,0.4764662884193671,0.3876518218623482,0.6123481781376519,-0.26320000000000043,0.39999999999999997,-3.0,5.0,343.0,0.22999999999999998,0.0,8.0,1.0,135.22000000000003,-0.44399999999999995,135.22000000000003,0.6853327791640118,0
2024-09-05,Irak,Omán,1-0,,,0.9956,1.2297999999999998,0.47,0.53,3.0,6.0,2.0,7.0,1.0,2.0,18.0,2.0,6.0,2.0,1433.07,1326.18,0.815,0.297,2024.0,0.84,280.0,0.82,376.0,1,0,1,1,1,3,0,0.44738024624786565,0.5526197537521343,0.3333333333333333,0.6666666666666667,0.2222222222222222,0.7777777777777778,0.75,0.25,0.4268292682926829,0.5731707317073171,1.0,0.0,0.5193693938570263,0.4806306061429737,0.7329136690647482,0.2670863309352518,-0.23419999999999974,-0.06000000000000005,-3.0,-5.0,-96.0,0.020000000000000018,-1.0,16.0,4.0,106.88999999999987,0.518,106.88999999999987,0.6491507443842857,-1
2024-09-05,Irán,Kirguistán,1-0,,,1.7034,1.1809999999999998,0.69,0.31,3.0,5.0,3.0,3.0,1.7,2.62,5.0,10.0,5.0,2.0,1611.16,1213.58,1.23,0.271,2024.0,0.85,522.0,0.57,27.0,1,0,1,1,1,3,0,0.5905560948550825,0.40944390514491746,0.375,0.625,0.5,0.5,0.7142857142857143,0.2857142857142857,0.9508196721311475,0.049180327868852514,1.0,0.0,0.5703746185489639,0.4296253814510361,0.8194536975349768,0.18054630246502323,0.5224000000000002,0.37999999999999995,-2.0,0.0,495.0,0.28,-0.9200000000000002,-5.0,3.0,397.58000000000015,0.959,397.58000000000015,0.9079330366724094,-2
2024-09-05,Uzbekistán,Corea del Norte,1-0,,,1.3520000000000005,0.9976000000000002,0.47,0.53,4.0,4.0,6.0,1.0,1.6,2.12,13.0,15.0,4.0,3.0,1397.41,1183.96,3.28,0.236,2024.0,0.75,332.0,0.79,414.0,1,0,1,1,1,3,0,0.5754170922710249,0.4245829077289751,0.5,0.5,0.8571428571428571,0.1428571428571429,0.5714285714285714,0.4285714285714286,0.4450402144772118,0.5549597855227881,1.0,0.0,0.5413443249127402,0.4586556750872598,0.9328782707622297,0.06712172923777027,0.3544000000000004,-0.06000000000000005,0.0,5.0,-82.0,-0.040000000000000036,-0.52,-2.0,1.0,213.45000000000005,3.0439999999999996,213.45000000000005,0.7735939351662213,-1
2024-09-05,Australia,Bahréin,0-1,,,1.8758,0.6950000000000002,0.67,0.33,4.0,2.0,4.0,3.0,3.0,2.0,13.0,18.0,1.0,4.0,1571.29,1302.86,2.98,0.256,2024.0,0.83,457.0,0.6,138.0,0,1,2,-1,0,0,3,0.7296561381671074,0.2703438618328926,0.6666666666666666,0.33333333333333337,0.5714285714285714,0.4285714285714286,0.2,0.8,0.7680672268907563,0.23193277310924365,0.0,1.0,0.5466972844145226,0.4533027155854774,0.9208899876390606,0.0791100123609394,1.1807999999999996,0.34,2.0,1.0,319.0,0.22999999999999998,1.0,-5.0,-3.0,268.43000000000006,2.724,268.43000000000006,0.8242204375199768,-2
2024-09-05,Arabia Saudí,Indonesia,1-1,,,1.3736000000000002,0.7415999999999999,0.65,0.35,4.0,2.0,6.0,1.0,2.0,3.0,7.0,17.0,1.0,3.0,1431.3,1108.73,1.56,0.85,2024.0,0.85,550.0,0.71,245.0,1,1,X,0,0,1,1,0.6493948562783661,0.35060514372163387,0.6666666666666666,0.33333333333333337,0.8571428571428571,0.1428571428571429,0.25,0.75,0.6918238993710691,0.30817610062893086,0.5,0.5,0.5634972815281709,0.4365027184718291,0.6473029045643154,0.3526970954356846,0.6320000000000002,0.30000000000000004,2.0,5.0,305.0,0.14,-1.0,-10.0,-2.0,322.56999999999994,0.7100000000000001,322.56999999999994,0.8649307906056317,-2
2024-09-06,Kosovo,Rumanía,0-3,,,0.37,3.06,0.57,0.43,1.0,8.0,3.0,4.0,5.0,2.0,11.0,8.0,5.0,1.0,1203.16,1474.7,5.46,2.37,2024.0,0.81,376.0,0.77,278.0,0,3,2,-3,0,0,3,0.10787172011661807,0.892128279883382,0.1111111111111111,0.8888888888888888,0.42857142857142855,0.5714285714285714,0.8333333333333334,0.16666666666666663,0.5749235474006116,0.4250764525993884,0.0,1.0,0.4492990671655725,0.5507009328344274,0.6973180076628352,0.30268199233716475,-2.69,0.13999999999999996,-7.0,-1.0,98.0,0.040000000000000036,3.0,3.0,4.0,-271.53999999999996,3.09,-271.53999999999996,0.1732008508063074,1
2024-09-06,Islandia,Montenegro,2-0,,,1.08,0.58,0.43,0.57,4.0,5.0,7.0,4.0,2.0,4.0,17.0,16.0,5.0,2.0,1353.48,1345.02,3.71,2.48,2024.0,0.81,269.0,0.85,430.0,2,0,1,2,1,3,0,0.6506024096385542,0.3493975903614458,0.4444444444444444,0.5555555555555556,0.6363636363636364,0.36363636363636365,0.7142857142857143,0.2857142857142857,0.38483547925608014,0.6151645207439198,1.0,0.0,0.5015675375208449,0.49843246247915507,0.5993537964458805,0.4006462035541195,0.5000000000000001,-0.13999999999999996,-1.0,3.0,-161.0,-0.039999999999999925,-2.0,1.0,3.0,8.460000000000036,1.23,8.460000000000036,0.5121725130208151,-1
2024-09-06,Gales,Turquía,0-0,,,2.28,0.16,0.62,0.38,1.0,1.0,4.0,3.0,2.0,6.0,12.0,20.0,1.0,1.0,1521.4,1533.6,6.69,18.22,2024.0,0.88,512.0,0.77,242.0,0,0,X,0,0,1,1,0.9344262295081966,0.06557377049180335,0.5,0.5,0.5714285714285714,0.4285714285714286,0.5,0.5,0.6790450928381963,0.32095490716180375,0.5,0.5,0.4980032733224223,0.5019967266775778,0.2685668406262545,0.7314331593737455,2.1199999999999997,0.24,0.0,1.0,270.0,0.10999999999999999,-4.0,-8.0,0.0,-12.199999999999818,-11.529999999999998,-12.199999999999818,0.48245000125521387,0
2024-09-06,Eslovenia,Austria,1-1,,,1.08,1.04,0.39,0.61,1.0,3.0,4.0,7.0,2.0,4.0,9.0,18.0,2.0,0.0,1457.06,1591.56,4.02,9.43,2024.0,0.74,238.0,0.84,447.0,1,1,X,0,0,1,1,0.5094339622641509,0.49056603773584906,0.25,0.75,0.36363636363636365,0.6363636363636364,1.0,0.0,0.34744525547445254,0.6525547445255475,0.5,0.5,0.4779408388057547,0.5220591611942453,0.2988847583643123,0.7011152416356877,0.040000000000000036,-0.21999999999999997,-2.0,-3.0,-209.0,-0.09999999999999998,-2.0,-9.0,2.0,-134.5,-5.41,-134.5,0.31556170840142406,1
2024-09-06,Costa Rica,Guadalupe,3-0,,,1.6772,0.5979999999999999,0.52,0.48,6.0,2.0,9.0,4.0,1.0,1.0,12.0,6.0,2.0,3.0,1469.69,1204.9254,1.34,0.548,2024.0,0.87,423.0,0.87,376.0,3,0,1,3,1,3,0,0.7371659634317863,0.2628340365682137,0.75,0.25,0.6923076923076923,0.3076923076923077,0.4,0.6,0.5294117647058824,0.47058823529411764,1.0,0.0,0.5494958265775334,0.4505041734224666,0.7097457627118644,0.2902542372881356,1.0792000000000002,0.040000000000000036,4.0,5.0,47.0,0.0,0.0,6.0,-1.0,264.7646,0.792,264.7646,0.8211425424417,-1
2024-09-06,Bélgica,Israel,3-1,,,3.13,0.38,0.6,0.4,9.0,2.0,7.0,1.0,1.0,1.0,10.0,7.0,1.0,6.0,1772.44,1312.54,21.06,2.96,2024.0,0.88,531.0,0.79,274.0,3,1,1,2,1,3,0,0.8917378917378918,0.10826210826210825,0.8181818181818182,0.18181818181818177,0.875,0.125,0.14285714285714285,0.8571428571428572,0.6596273291925466,0.34037267080745337,0.75,0.25,0.5745385707524846,0.4254614292475154,0.8767693588676103,0.12323064113238968,2.75,0.19999999999999996,7.0,6.0,257.0,0.08999999999999997,0.0,3.0,-5.0,459.9000000000001,18.099999999999998,459.9000000000001,0.9338503876610198,-2
2024-09-06,Mali,Mozambique,1-1,,,1.3271999999999995,0.6906000000000003,0.56,0.44,4.0,2.0,3.0,3.0,1.0,2.0,15.0,15.0,1.0,3.0,1456.74,1208.87,4.32,0.059,2024.0,0.84,395.0,0.77,281.0,1,1,X,0,0,1,1,0.6577460600654176,0.3422539399345824,0.6666666666666666,0.33333333333333337,0.5,0.5,0.25,0.75,0.584319526627219,0.415680473372781,0.5,0.5,0.5464940482666257,0.45350595173337427,0.986526604247545,0.013473395752454986,0.6365999999999992,0.12000000000000005,2.0,0.0,114.0,0.06999999999999995,-1.0,0.0,-2.0,247.87000000000012,4.261,247.87000000000012,0.8064107243758509,-1
2024-09-06,Marruecos,Gabón,4-1,,,3.0532,1.2811999999999995,0.65,0.35,7.0,7.0,1.0,3.0,1.0,0.0,21.0,22.0,6.0,3.0,1669.44,1288.45,17.22,1.01,2024.0,0.9,575.0,0.86,293.0,4,1,1,3,1,3,0,0.7044112218530824,0.29558877814691764,0.5,0.5,0.25,0.75,0.6666666666666666,0.33333333333333337,0.6624423963133641,0.3375576036866359,0.8,0.19999999999999996,0.5644023273346879,0.43559767266531213,0.9445968184311574,0.05540318156884261,1.7720000000000005,0.30000000000000004,0.0,-2.0,282.0,0.040000000000000036,1.0,-1.0,3.0,380.99,16.209999999999997,380.99,0.8996331175653501,-2
2024-09-06,Senegal,Burkina Faso,1-1,,,0.8634000000000001,1.0964,0.53,0.47,2.0,4.0,0.0,5.0,1.82,2.04,20.0,14.0,3.0,1.0,1623.34,1375.16,18.39,4.42,2024.0,0.83,372.0,0.81,316.0,1,1,X,0,0,1,1,0.4405551586896622,0.5594448413103378,0.3333333333333333,0.6666666666666667,0.0,1.0,0.75,0.25,0.5406976744186046,0.4593023255813954,0.5,0.5,0.5413840253460063,0.45861597465399373,0.8062253397632617,0.19377466023673828,-0.23299999999999998,0.06000000000000005,-2.0,-5.0,56.0,0.019999999999999907,-0.21999999999999997,6.0,2.0,248.17999999999984,13.97,248.17999999999984,0.8066891552956982,-1
2024-09-06,RD Congo,Guinea,1-0,,,0.8842000000000002,0.6252,0.47,0.53,2.0,3.0,3.0,1.0,1.0,2.0,15.0,21.0,3.0,1.0,1400.93,1324.8,5.53,2.47,2024.0,0.8,319.0,0.79,365.0,1,0,1,1,1,3,0,0.585795680402809,0.41420431959719095,0.4,0.6,0.75,0.25,0.75,0.25,0.46637426900584794,0.5336257309941521,1.0,0.0,0.513965066239136,0.48603493376086404,0.69125,0.30874999999999997,0.25900000000000023,-0.06000000000000005,-1.0,2.0,-46.0,0.010000000000000009,-1.0,-6.0,2.0,76.13000000000011,3.06,76.13000000000011,0.6078394608449506,-1
2024-09-06,Sierra Leona,Chad,0-0,,,1.1656000000000004,0.937,0.61,0.39,3.0,3.0,6.0,5.0,3.0,3.0,17.0,15.0,3.0,3.0,1149.4,929.97,0.559,0.356,2024.0,0.81,452.0,0.63,186.0,0,0,X,0,0,1,1,0.5543612670027585,0.44563873299724155,0.5,0.5,0.5454545454545454,0.4545454545454546,0.5,0.5,0.7084639498432602,0.2915360501567398,0.5,0.5,0.5527635774297024,0.4472364225702976,0.6109289617486339,0.38907103825136613,0.22860000000000036,0.21999999999999997,0.0,1.0,266.0,0.18000000000000005,0.0,2.0,0.0,219.43000000000006,0.20300000000000007,219.43000000000006,0.7795662737746735,0
2024-09-06,Sudáfrica,Uganda,2-2,,,1.6472000000000002,0.9438,0.54,0.46,6.0,3.0,6.0,5.0,3.0,2.0,3.0,3.0,1.0,4.0,1415.15,1242.96,1.89,0.297,2024.0,0.83,95.0,0.83,78.0,2,2,X,0,0,1,1,0.6357390968737939,0.36426090312620607,0.6666666666666666,0.33333333333333337,0.5454545454545454,0.4545454545454546,0.2,0.8,0.5491329479768786,0.4508670520231214,0.5,0.5,0.5323895549845568,0.46761044501544324,0.8641975308641976,0.1358024691358024,0.7034000000000002,0.08000000000000002,3.0,1.0,17.0,0.0,1.0,0.0,-3.0,172.19000000000005,1.593,172.19000000000005,0.7293259294557991,-1
2024-09-06,Togo,Liberia,1-1,,,1.599399999999999,1.1234,0.67,0.33,4.0,4.0,9.0,5.0,1.0,0.0,12.0,21.0,3.0,3.0,1158.7,1067.05,1.11,0.551,2024.0,0.7,250.0,0.39,73.0,1,1,X,0,0,1,1,0.5874100190979872,0.4125899809020128,0.5,0.5,0.6428571428571429,0.3571428571428571,0.5,0.5,0.7739938080495357,0.22600619195046434,0.5,0.5,0.5205885656520274,0.4794114343479726,0.6682721252257676,0.3317278747742324,0.4759999999999991,0.34,0.0,4.0,177.0,0.30999999999999994,1.0,-9.0,0.0,91.65000000000009,0.559,91.65000000000009,0.6289184642709168,0
2024-09-06,Kenia,Zimbabue,0-0,,,0.6586000000000002,0.5156000000000001,0.51,0.49,1.0,1.0,5.0,3.0,1.0,2.0,15.0,5.0,1.0,1.0,1197.73,1126.15,0.135,1.21,2024.0,0.8054000000000001,353.02,0.8042000000000001,336.9,0,0,X,0,0,1,1,0.5608925225685573,0.43910747743144274,0.5,0.5,0.625,0.375,0.5,0.5,0.5116825139146568,0.4883174860853432,0.5,0.5,0.5154009673477116,0.48459903265228843,0.10037174721189591,0.8996282527881041,0.14300000000000013,0.020000000000000018,0.0,2.0,16.120000000000005,0.0011999999999999789,-1.0,10.0,0.0,71.57999999999993,-1.075,71.57999999999993,0.6015787537137081,-1
2024-09-06,Lituania,Chipre,0-1,,,1.41,0.51,0.58,0.42,2.0,2.0,4.0,2.0,1.0,5.0,17.0,20.0,1.0,2.0,1100.66,1136.78,0.703,0.737,2024.0,0.8,339.0,0.73,173.0,0,1,2,-1,0,0,3,0.734375,0.265625,0.5,0.5,0.6666666666666666,0.33333333333333337,0.3333333333333333,0.6666666666666667,0.662109375,0.337890625,0.0,1.0,0.49192827517162474,0.5080717248283753,0.48819444444444443,0.5118055555555556,0.8999999999999999,0.15999999999999998,0.0,2.0,166.0,0.07000000000000006,-4.0,-3.0,-1.0,-36.11999999999989,-0.03400000000000003,-36.11999999999989,0.44820560581662056,0
2024-09-06,Kazajistán,Noruega,0-0,,,0.06,1.69,0.35,0.65,0.0,1.0,1.0,12.0,4.0,1.0,12.0,9.0,1.0,0.0,1193.62,1466.48,0.652,22.69,2024.0,0.86,233.0,0.88,583.0,0,0,X,0,0,1,1,0.03428571428571429,0.9657142857142857,0.0,1.0,0.07692307692307693,0.9230769230769231,1.0,0.0,0.2855392156862745,0.7144607843137255,0.5,0.5,0.44871245441900676,0.5512875455809932,0.02793248222088938,0.9720675177791106,-1.63,-0.30000000000000004,-1.0,-11.0,-350.0,-0.020000000000000018,3.0,3.0,1.0,-272.8600000000001,-22.038,-272.8600000000001,0.17211542414273479,1
2024-09-06,Francia,Italia,1-3,,,0.79,2.12,0.51,0.49,3.0,6.0,2.0,5.0,1.0,1.0,12.0,9.0,3.0,2.0,1854.91,1714.29,58.58,13.73,2024.0,0.88,532.0,0.86,443.0,1,3,2,-2,0,0,3,0.27147766323024053,0.7285223367697595,0.3333333333333333,0.6666666666666667,0.2857142857142857,0.7142857142857143,0.6,0.4,0.5456410256410257,0.4543589743589743,0.25,0.75,0.5196990922335538,0.4803009077664462,0.8101230811782603,0.18987691882173974,-1.33,0.020000000000000018,-3.0,-3.0,89.0,0.020000000000000018,0.0,3.0,1.0,140.62000000000012,44.849999999999994,140.62000000000012,0.6919973606875754,0
2024-09-06,Guatemala,Martinica,3-1,,,1.5093999999999996,0.6714000000000003,0.59,0.41,5.0,2.0,6.0,4.0,1.0,2.0,10.0,10.0,1.0,2.0,1198.84,1171.2856000000002,0.338,0.18,2024.0,0.92,314.0,0.84,215.0,3,1,1,2,1,3,0,0.6921313279530446,0.30786867204695545,0.7142857142857143,0.2857142857142857,0.6,0.4,0.3333333333333333,0.6666666666666667,0.5935727788279773,0.4064272211720227,0.75,0.25,0.5058128565000942,0.4941871434999058,0.6525096525096525,0.34749034749034746,0.8379999999999993,0.18,3.0,2.0,99.0,0.08000000000000007,-1.0,0.0,-1.0,27.55439999999976,0.15800000000000003,27.55439999999976,0.5395710399754943,0
2024-09-06,Guayana Francesa,Nicaragua,0-1,,,0.7401999999999999,2.7447999999999997,0.39,0.61,3.0,10.0,1.0,5.0,3.0,3.0,17.0,15.0,9.0,3.0,1024.5672000000002,1119.88,0.005,0.172,2024.0,0.82,225.0,0.9,447.0,0,1,2,-1,0,0,3,0.21239598278335725,0.7876040172166427,0.23076923076923078,0.7692307692307692,0.16666666666666666,0.8333333333333334,0.75,0.25,0.33482142857142855,0.6651785714285714,0.0,1.0,0.4777768368463443,0.5222231631536557,0.028248587570621472,0.9717514124293786,-2.0046,-0.21999999999999997,-7.0,-4.0,-222.0,-0.08000000000000007,0.0,2.0,6.0,-95.31279999999992,-0.16699999999999998,-95.31279999999992,0.3661742918366164,0
2024-09-06,Costa de Marfil,Zambia,2-0,,,2.4559999999999995,0.4382,0.68,0.32,8.0,2.0,12.0,0.0,0.0,2.0,16.0,13.0,2.0,6.0,1499.69,1249.54,20.08,0.614,2024.0,0.9,576.0,0.72,206.0,2,0,1,2,1,3,0,0.848593739202543,0.151406260797457,0.8,0.19999999999999996,1.0,0.0,0.25,0.75,0.7365728900255755,0.26342710997442453,1.0,0.0,0.5454945566576823,0.4545054433423177,0.970329564124867,0.02967043587513296,2.0177999999999994,0.36000000000000004,6.0,12.0,370.0,0.18000000000000005,-2.0,3.0,-4.0,250.1500000000001,19.465999999999998,250.1500000000001,0.808451423067807,-1
2024-09-06,Egipto,Cabo Verde,3-0,,,2.2608000000000006,0.2764,0.57,0.43,9.0,1.0,5.0,4.0,3.0,1.0,10.0,10.0,1.0,6.0,1502.34,1380.53,4.48,2.1,2024.0,0.85,468.0,0.83,355.0,3,0,1,3,1,3,0,0.8910610121393664,0.10893898786063361,0.9,0.09999999999999998,0.5555555555555556,0.4444444444444444,0.14285714285714285,0.8571428571428572,0.56865127582017,0.43134872417982995,1.0,0.0,0.5211265162841197,0.47887348371588034,0.6808510638297873,0.31914893617021267,1.9844000000000006,0.13999999999999996,8.0,1.0,113.0,0.020000000000000018,2.0,0.0,-5.0,121.80999999999995,2.3800000000000003,121.80999999999995,0.6684526049326313,0
2024-09-07,Camerún,Namibia,1-0,,,1.886,0.36419999999999997,0.6,0.4,5.0,2.0,4.0,3.0,0.0,2.0,14.0,10.0,2.0,4.0,1458.47,1221.42,8.28,0.09,2024.0,0.86,442.0,0.72,224.0,1,0,1,1,1,3,0,0.8381477202026486,0.1618522797973514,0.7142857142857143,0.2857142857142857,0.5714285714285714,0.4285714285714286,0.3333333333333333,0.6666666666666667,0.6636636636636637,0.3363363363363363,1.0,0.0,0.54422756157902,0.45577243842098003,0.989247311827957,0.010752688172043001,1.5217999999999998,0.19999999999999996,3.0,1.0,218.0,0.14,-2.0,4.0,-2.0,237.04999999999995,8.19,237.04999999999995,0.7965013560662153,-1
2024-09-07,Mauritania,Botsuana,1-0,,,1.112,0.3645999999999999,0.52,0.48,3.0,1.0,3.0,2.0,0.0,3.0,11.0,19.0,1.0,2.0,1177.5,1063.64,1.01,0.117,2024.0,0.81,396.0,0.78,325.0,1,0,1,1,1,3,0,0.7530814032236219,0.24691859677637806,0.75,0.25,0.6,0.4,0.3333333333333333,0.6666666666666667,0.5492371705963939,0.4507628294036061,1.0,0.0,0.5254022506402991,0.4745977493597009,0.8961845607808341,0.10381543921916592,0.7474000000000002,0.040000000000000036,2.0,1.0,71.0,0.030000000000000027,-3.0,-8.0,-1.0,113.8599999999999,0.893,113.8599999999999,0.6582332458980604,-1
2024-09-07,Alemania,Hungría,5-0,,,4.25,0.49,0.52,0.48,8.0,1.0,4.0,2.0,0.0,1.0,13.0,11.0,1.0,3.0,1686.02,1518.77,36.42,7.21,2024.0,0.89,544.0,0.87,402.0,5,0,1,5,1,3,0,0.8966244725738396,0.10337552742616041,0.8888888888888888,0.11111111111111116,0.6666666666666666,0.33333333333333337,0.25,0.75,0.5750528541226215,0.4249471458773785,1.0,0.0,0.5260937534128601,0.47390624658713987,0.8347467338986936,0.16525326610130642,3.76,0.040000000000000036,7.0,2.0,142.0,0.020000000000000018,-1.0,2.0,-2.0,167.25,29.21,167.25,0.7236757408124935,0
2024-09-07,Grecia,Finlandia,3-0,,,1.75,0.21,0.46,0.54,5.0,0.0,6.0,2.0,3.0,2.0,10.0,8.0,0.0,3.0,1455.95,1393.4,11.02,1.55,2024.0,0.85,408.0,0.86,497.0,3,0,1,3,1,3,0,0.8928571428571429,0.1071428571428571,1.0,0.0,0.75,0.25,0.0,1.0,0.450828729281768,0.549171270718232,1.0,0.0,0.5109761875515468,0.48902381244845317,0.8766905330151153,0.12330946698488465,1.54,-0.08000000000000002,5.0,4.0,-89.0,-0.010000000000000009,1.0,2.0,-3.0,62.549999999999955,9.469999999999999,62.549999999999955,0.5890565907828283,0
2024-09-07,Honduras,Trinidad y Tobago,4-0,,,1.7745999999999997,0.3824000000000001,0.53,0.47,5.0,1.0,4.0,3.0,2.0,3.0,13.0,10.0,1.0,1.0,1311.48,1219.44,0.805,0.1,2024.0,0.92,416.0,0.84,317.0,4,0,1,4,1,3,0,0.8227167362076957,0.1772832637923043,0.8333333333333334,0.16666666666666663,0.5714285714285714,0.4285714285714286,0.5,0.5,0.567530695770805,0.43246930422919505,1.0,0.0,0.5181831112796927,0.48181688872030726,0.8895027624309393,0.11049723756906071,1.3921999999999997,0.06000000000000005,4.0,1.0,99.0,0.08000000000000007,-1.0,3.0,0.0,92.03999999999996,0.7050000000000001,92.03999999999996,0.6294422553955508,0
2024-09-07,Jamaica,Cuba,0-0,,,1.2386000000000004,0.21059999999999995,0.73,0.27,2.0,0.0,12.0,3.0,3.0,2.0,9.0,9.0,0.0,2.0,1401.56,984.92,0.377,0.108,2024.0,0.96,574.0,0.76,142.0,0,0,X,0,0,1,1,0.8546784432790506,0.14532155672094937,1.0,0.0,0.8,0.19999999999999996,0.0,1.0,0.8016759776536313,0.1983240223463687,0.5,0.5,0.5872917434883175,0.4127082565116825,0.777319587628866,0.222680412371134,1.0280000000000005,0.45999999999999996,2.0,9.0,432.0,0.19999999999999996,1.0,0.0,-2.0,416.64,0.269,416.64,0.9167031244194327,-2
2024-09-07,Países Bajos,Bosnia-Herzegovina,5-2,,,3.94,0.75,0.71,0.29,8.0,3.0,10.0,1.0,0.0,2.0,10.0,15.0,1.0,3.0,1758.51,1332.3,29.01,5.63,2024.0,0.92,656.0,0.73,171.0,5,2,1,3,1,3,0,0.840085287846482,0.15991471215351805,0.7272727272727273,0.2727272727272727,0.9090909090909091,0.09090909090909094,0.25,0.75,0.7932285368802902,0.20677146311970984,0.7142857142857143,0.2857142857142857,0.5689479456841411,0.4310520543158589,0.8374711316397229,0.16252886836027713,3.19,0.42,5.0,9.0,485.0,0.19000000000000006,-2.0,-5.0,-2.0,426.21000000000004,23.380000000000003,426.21000000000004,0.9208142504842217,-2
2024-09-07,Moldavia,Malta,2-0,,,1.52,0.15,0.56,0.44,4.0,2.0,3.0,0.0,2.0,3.0,16.0,17.0,2.0,2.0,1033.75,970.62,0.373,0.554,2024.0,0.84,500.0,0.82,377.0,2,0,1,2,1,3,0,0.9101796407185629,0.08982035928143706,0.6666666666666666,0.33333333333333337,1.0,0.0,0.5,0.5,0.5701254275940707,0.4298745724059293,1.0,0.0,0.515748090422427,0.484251909577573,0.4023732470334412,0.5976267529665589,1.37,0.12000000000000005,2.0,3.0,123.0,0.020000000000000018,-1.0,-1.0,0.0,63.129999999999995,-0.18100000000000005,63.129999999999995,0.5898645570213954,0
2024-09-07,Islas Feroe,Macedonia del Norte,1-1,,,1.55,2.15,0.34,0.66,3.0,4.0,4.0,4.0,2.0,3.0,17.0,5.0,3.0,2.0,1093.7,1348.63,0.222,1.38,2024.0,0.7214000000000002,207.26,0.8518000000000002,488.24,1,1,X,0,0,1,1,0.4189189189189189,0.5810810810810811,0.42857142857142855,0.5714285714285714,0.5,0.5,0.6,0.4,0.29800143781452193,0.7019985621854781,0.5,0.5,0.4478100829945176,0.5521899170054825,0.13857677902621723,0.8614232209737828,-0.5999999999999999,-0.32,-1.0,0.0,-280.98,-0.13040000000000007,-1.0,12.0,1.0,-254.93000000000006,-1.158,-254.93000000000006,0.18732365348859378,1
2024-09-07,Armenia,Letonia,4-1,,,1.49,0.15,0.57,0.43,5.0,1.0,8.0,3.0,0.0,2.0,10.0,14.0,1.0,1.0,1230.79,1095.98,1.56,0.329,2024.0,0.86,542.0,0.79,341.0,4,1,1,3,1,3,0,0.9085365853658537,0.09146341463414631,0.8333333333333334,0.16666666666666663,0.7272727272727273,0.2727272727272727,0.5,0.5,0.6138165345413363,0.38618346545866367,0.8,0.19999999999999996,0.5289693437684,0.4710306562316,0.8258337744838539,0.17416622551614613,1.34,0.13999999999999996,4.0,5.0,201.0,0.06999999999999995,-2.0,-4.0,0.0,134.80999999999995,1.231,134.80999999999995,0.6848235862293781,-1
2024-09-07,Irlanda,Inglaterra,0-2,,,0.37,2.25,0.29,0.71,1.0,9.0,1.0,4.0,4.0,2.0,15.0,9.0,7.0,1.0,1403.84,1812.26,5.44,52.43,2024.0,0.69,155.0,0.88,668.0,0,2,2,-2,0,0,3,0.1412213740458015,0.8587786259541985,0.1,0.9,0.2,0.8,0.875,0.125,0.18833535844471447,0.8116646415552855,0.0,1.0,0.43650384005472465,0.5634961599452754,0.0940038016243304,0.9059961983756696,-1.88,-0.42,-8.0,-3.0,-513.0,-0.19000000000000006,2.0,6.0,6.0,-408.4200000000001,-46.99,-408.4200000000001,0.08698199092486289,1
2024-09-07,Georgia,República Checa,4-1,,,2.41,0.65,0.45,0.55,6.0,5.0,1.0,4.0,3.0,3.0,18.0,13.0,4.0,2.0,1361.41,1473.46,9.65,7.24,2024.0,0.85,326.0,0.86,410.0,4,1,1,3,1,3,0,0.7875816993464052,0.2124183006535948,0.5454545454545454,0.4545454545454546,0.2,0.8,0.6666666666666666,0.33333333333333337,0.4429347826086957,0.5570652173913043,0.8,0.19999999999999996,0.4802371890069034,0.5197628109930966,0.5713439905269391,0.42865600947306093,1.7600000000000002,-0.10000000000000003,1.0,-3.0,-84.0,-0.010000000000000009,0.0,5.0,2.0,-112.04999999999995,2.41,-112.04999999999995,0.3441145295718846,0
2024-09-07,Ucrania,Albania,1-2,,,0.85,1.34,0.55,0.45,3.0,5.0,5.0,4.0,0.0,2.0,17.0,13.0,3.0,2.0,1567.25,1375.49,9.88,3.42,2024.0,0.89,430.0,0.85,301.0,1,2,2,-1,0,0,3,0.3881278538812785,0.6118721461187215,0.375,0.625,0.5555555555555556,0.4444444444444444,0.6,0.4,0.5882352941176471,0.4117647058823529,0.3333333333333333,0.6666666666666667,0.5325818794728723,0.4674181205271277,0.7428571428571429,0.2571428571428571,-0.4900000000000001,0.10000000000000003,-2.0,1.0,129.0,0.040000000000000036,-2.0,4.0,1.0,191.76,6.460000000000001,191.76,0.7509825223421867,-1
2024-09-07,Nigeria,Benín,3-0,,,1.642800000000001,0.4962,0.58,0.42,5.0,3.0,7.0,2.0,2.0,1.0,15.0,10.0,3.0,2.0,1498.93,1254.18,7.48,0.723,2024.0,0.86,435.0,0.79,320.0,3,0,1,3,1,3,0,0.768022440392707,0.23197755960729305,0.625,0.375,0.7777777777777778,0.2222222222222222,0.6,0.4,0.5761589403973509,0.42384105960264906,1.0,0.0,0.5444497313946773,0.45555026860532266,0.9118615140802144,0.08813848591978557,1.146600000000001,0.15999999999999998,2.0,5.0,115.0,0.06999999999999995,1.0,5.0,1.0,244.75,6.757000000000001,244.75,0.8035914798446447,-1
2024-09-08,Gambia,Túnez,1-2,,,1.1152,1.7533999999999994,0.43,0.57,3.0,8.0,4.0,4.0,1.0,2.0,16.0,23.0,6.0,2.0,1112.55,1494.06,3.43,2.69,2024.0,0.77,300.0,0.82,380.0,1,2,2,-1,0,0,3,0.3887610681168515,0.6112389318831485,0.2727272727272727,0.7272727272727273,0.5,0.5,0.75,0.25,0.4411764705882353,0.5588235294117647,0.3333333333333333,0.6666666666666667,0.4268187415838964,0.5731812584161036,0.5604575163398693,0.4395424836601307,-0.6381999999999994,-0.13999999999999996,-5.0,0.0,-80.0,-0.04999999999999993,-1.0,-7.0,4.0,-381.51,0.7400000000000002,-381.51,0.10009692494968257,2
2024-09-08,Dinamarca,Serbia,2-0,,,0.49,0.2,0.49,0.51,2.0,2.0,8.0,3.0,2.0,3.0,11.0,13.0,2.0,0.0,1607.52,1506.9,15.87,7.76,2024.0,0.87,506.0,0.86,412.0,2,0,1,2,1,3,0,0.7101449275362319,0.28985507246376807,0.5,0.5,0.7272727272727273,0.2727272727272727,1.0,0.0,0.55119825708061,0.44880174291939,1.0,0.0,0.5161538906120562,0.4838461093879438,0.6716038933559035,0.32839610664409646,0.29,-0.020000000000000018,0.0,5.0,94.0,0.010000000000000009,-1.0,-2.0,2.0,100.61999999999989,8.11,100.61999999999989,0.6408868223248513,-1
2024-09-08,Suiza,España,1-4,,,1.08,2.07,0.62,0.38,3.0,8.0,9.0,3.0,3.0,2.0,10.0,9.0,4.0,2.0,1654.1,1835.67,12.79,47.03,2024.0,0.87,539.0,0.77,236.0,1,4,2,-3,0,0,3,0.3428571428571429,0.657142857142857,0.2727272727272727,0.7272727272727273,0.75,0.25,0.6666666666666666,0.33333333333333337,0.6954838709677419,0.3045161290322581,0.2,0.8,0.4739853915874112,0.5260146084125887,0.2138080909394851,0.786191909060515,-0.9899999999999998,0.24,-5.0,6.0,303.0,0.09999999999999998,1.0,1.0,2.0,-181.57000000000016,-34.24,-181.57000000000016,0.26014771668735104,0
2024-09-08,Portugal,Escocia,2-1,,,1.82,0.53,0.63,0.37,8.0,2.0,12.0,6.0,3.0,3.0,14.0,7.0,1.0,6.0,1741.43,1472.3,38.67,6.55,2024.0,0.91,539.0,0.75,199.0,2,1,1,1,1,3,0,0.774468085106383,0.225531914893617,0.8,0.19999999999999996,0.6666666666666666,0.33333333333333337,0.14285714285714285,0.8571428571428572,0.7303523035230353,0.26964769647696474,0.6666666666666666,0.33333333333333337,0.5418719058539454,0.4581280941460546,0.8551525873507299,0.14484741264927015,1.29,0.26,6.0,6.0,340.0,0.16000000000000003,0.0,7.0,-5.0,269.1300000000001,32.120000000000005,269.1300000000001,0.8248034769056964,-1
2024-09-08,Bulgaria,Irlanda del Norte,1-0,,,1.32,0.28,0.48,0.52,3.0,3.0,2.0,4.0,3.0,4.0,18.0,12.0,3.0,2.0,1295.5,1341.33,1.2,3.47,2024.0,0.8,275.0,0.77,287.0,1,0,1,1,1,3,0,0.825,0.17500000000000004,0.5,0.5,0.3333333333333333,0.6666666666666667,0.6,0.4,0.4893238434163701,0.51067615658363,1.0,0.0,0.4913096407428617,0.5086903592571383,0.2569593147751606,0.7430406852248395,1.04,-0.040000000000000036,0.0,-2.0,-12.0,0.030000000000000027,-1.0,6.0,1.0,-45.82999999999993,-2.2700000000000005,-45.82999999999993,0.4344252231247071,0
2024-09-08,Eslovaquia,Azerbaiyán,2-0,,,2.17,0.54,0.52,0.48,7.0,3.0,4.0,6.0,0.0,4.0,15.0,13.0,3.0,5.0,1479.07,1179.88,2.3,0.706,2024.0,0.91,434.0,0.85,373.0,2,0,1,2,1,3,0,0.8007380073800738,0.19926199261992616,0.7,0.30000000000000004,0.4,0.6,0.375,0.625,0.5377942998760843,0.4622057001239157,1.0,0.0,0.5562609300663796,0.44373906993362044,0.7651363938789089,0.23486360612109114,1.63,0.040000000000000036,4.0,-2.0,61.0,0.06000000000000005,-4.0,2.0,-2.0,299.1899999999998,1.5939999999999999,299.1899999999998,0.8484217782071862,-1
2024-09-08,Luxemburgo,Bielorrusia,0-1,,,0.18,0.4,0.57,0.43,1.0,5.0,2.0,6.0,3.0,3.0,17.0,14.0,4.0,1.0,1276.73,1219.78,0.639,0.641,2024.0,0.87,509.0,0.8,315.0,0,1,2,-1,0,0,3,0.31034482758620685,0.6896551724137931,0.16666666666666666,0.8333333333333334,0.25,0.75,0.8,0.19999999999999996,0.6177184466019418,0.38228155339805825,0.0,1.0,0.5114059226680445,0.4885940773319555,0.49921875,0.50078125,-0.22000000000000003,0.13999999999999996,-4.0,-4.0,194.0,0.06999999999999995,0.0,3.0,3.0,56.950000000000045,-0.0020000000000000018,56.950000000000045,0.5812314234368221,0
2024-09-08,Gibraltar,Liechtenstein,2-2,,,1.64,1.08,0.44,0.56,5.0,3.0,4.0,2.0,6.0,8.0,14.0,24.0,1.0,3.0,836.14,835.83,0.073,0.026,2024.0,0.67,194.0,0.75,286.0,2,2,X,0,0,1,1,0.6029411764705882,0.3970588235294118,0.625,0.375,0.6666666666666666,0.33333333333333337,0.25,0.75,0.4041666666666667,0.5958333333333333,0.5,0.5,0.5000927050126497,0.4999072949873503,0.7373737373737373,0.26262626262626265,0.5599999999999998,-0.12000000000000005,2.0,2.0,-92.0,-0.07999999999999996,-2.0,-10.0,-2.0,0.30999999999994543,0.047,0.30999999999994543,0.5004461257433787,0
2024-09-08,Croacia,Polonia,1-0,,,0.84,0.65,0.59,0.41,6.0,2.0,8.0,2.0,5.0,2.0,9.0,11.0,2.0,5.0,1701.31,1523.53,14.9,8.91,2024.0,0.9,559.0,0.85,351.0,1,0,1,1,1,3,0,0.5637583892617449,0.43624161073825507,0.75,0.25,0.8,0.19999999999999996,0.2857142857142857,0.7142857142857143,0.6142857142857143,0.3857142857142857,1.0,0.0,0.5275641582218032,0.47243584177819675,0.6257874842503149,0.37421251574968506,0.18999999999999995,0.18,4.0,6.0,208.0,0.050000000000000044,3.0,-2.0,-3.0,177.77999999999997,5.99,177.77999999999997,0.7356312265236356,0
2024-09-08,Suecia,Estonia,3-0,,,3.65,0.65,0.61,0.39,11.0,2.0,13.0,1.0,0.0,3.0,5.0,8.0,2.0,8.0,1522.19,1146.47,15.62,0.516,2024.0,0.85,521.0,0.57,125.0,3,0,1,3,1,3,0,0.8488372093023256,0.15116279069767435,0.8461538461538461,0.15384615384615385,0.9285714285714286,0.0714285714285714,0.2,0.8,0.8065015479876161,0.19349845201238391,1.0,0.0,0.5703948798273292,0.42960512017267083,0.9680218145761031,0.031978185423896854,3.0,0.21999999999999997,9.0,12.0,396.0,0.28,-3.0,-3.0,-6.0,375.72,15.104,375.72,0.8968605265582414,-3
2024-09-09,Guadalupe,Surinam,1-0,,,1.3294000000000004,1.4088000000000003,0.52,0.48,6.0,7.0,3.0,0.0,3.0,2.0,15.0,17.0,7.0,5.0,1162.404,1087.77,0.548,1.38,2024.0,0.86,398.0,0.87,398.0,1,0,1,1,1,3,0,0.4855014242933314,0.5144985757066687,0.46153846153846156,0.5384615384615384,1.0,0.0,0.5833333333333334,0.41666666666666663,0.5,0.5,1.0,0.0,0.5165840508334022,0.4834159491665978,0.28423236514522826,0.7157676348547717,-0.07939999999999992,0.040000000000000036,-1.0,3.0,0.0,-0.010000000000000009,1.0,-2.0,2.0,74.63400000000001,-0.8319999999999999,74.63400000000001,0.6057847964582782,0
2024-09-09,Martinica,Guyana,2-2,,,2.3105999999999995,1.4771999999999996,0.44,0.56,9.0,4.0,6.0,1.0,2.0,1.0,10.0,18.0,2.0,7.0,1156.368,1026.61,0.18,0.06,2024.0,0.8,277.0,0.93,466.0,2,2,X,0,0,1,1,0.6100110882306352,0.3899889117693648,0.6923076923076923,0.3076923076923077,0.8571428571428571,0.1428571428571429,0.2222222222222222,0.7777777777777778,0.3728129205921938,0.6271870794078063,0.5,0.5,0.529720409459005,0.470279590540995,0.75,0.25,0.8333999999999999,-0.12000000000000005,5.0,5.0,-189.0,-0.13,1.0,-8.0,-5.0,129.75800000000004,0.12,129.75800000000004,0.6785131220760469,0
2024-09-09,Chipre,Kosovo,0-4,,,0.4,2.64,0.46,0.54,0.0,6.0,8.0,1.0,2.0,1.0,11.0,13.0,2.0,0.0,1136.78,1203.16,0.737,5.46,2024.0,0.82,310.0,0.85,434.0,0,4,2,-4,0,0,3,0.13157894736842105,0.868421052631579,0.0,1.0,0.8888888888888888,0.11111111111111116,1.0,0.0,0.4166666666666667,0.5833333333333333,0.0,1.0,0.4858158756207424,0.5141841243792575,0.11892851379699855,0.8810714862030015,-2.24,-0.08000000000000002,-6.0,7.0,-124.0,-0.030000000000000027,1.0,-2.0,2.0,-66.38000000000011,-4.723,-66.38000000000011,0.40561712824384505,1
2024-09-09,Turquía,Islandia,3-1,,,2.22,0.07,0.6,0.4,7.0,1.0,3.0,3.0,1.0,2.0,8.0,10.0,0.0,4.0,1533.6,1353.48,18.22,3.71,2024.0,0.88,568.0,0.82,280.0,3,1,1,2,1,3,0,0.9694323144104804,0.03056768558951961,0.875,0.125,0.5,0.5,0.0,1.0,0.6698113207547169,0.33018867924528306,0.75,0.25,0.5311941477201878,0.4688058522798122,0.8308253533971728,0.16917464660282722,2.1500000000000004,0.19999999999999996,6.0,0.0,288.0,0.06000000000000005,-1.0,-2.0,-4.0,180.1199999999999,14.509999999999998,180.1199999999999,0.7382425403096293,-1
2024-09-09,Eslovenia,Kazajistán,3-0,,,3.33,0.35,0.57,0.43,9.0,2.0,5.0,0.0,2.0,1.0,11.0,11.0,2.0,6.0,1457.06,1193.62,4.02,0.652,2024.0,0.9,570.0,0.84,380.0,3,0,1,3,1,3,0,0.904891304347826,0.09510869565217395,0.8181818181818182,0.18181818181818177,1.0,0.0,0.25,0.75,0.6,0.4,1.0,0.0,0.5496929089893914,0.4503070910106086,0.860445205479452,0.13955479452054798,2.98,0.13999999999999996,7.0,5.0,190.0,0.06000000000000005,1.0,0.0,-4.0,263.44000000000005,3.3679999999999994,263.44000000000005,0.8200199329432911,-1
2024-09-09,Montenegro,Gales,1-2,,,1.63,0.85,0.51,0.49,4.0,3.0,12.0,5.0,2.0,4.0,17.0,10.0,1.0,3.0,1345.02,1521.4,2.48,6.69,2024.0,0.79,297.0,0.8,303.0,1,2,2,-1,0,0,3,0.657258064516129,0.342741935483871,0.5714285714285714,0.4285714285714286,0.7058823529411765,0.2941176470588235,0.25,0.75,0.495,0.505,0.3333333333333333,0.6666666666666667,0.46923339915295037,0.5307666008470496,0.27044711014176664,0.7295528898582333,0.7799999999999999,0.020000000000000018,1.0,7.0,-6.0,-0.010000000000000009,-2.0,7.0,-2.0,-176.3800000000001,-4.210000000000001,-176.3800000000001,0.2659390537814433,2
2024-09-09,Angola,Sudán,2-1,,,2.327600000000001,0.7589999999999999,0.64,0.36,8.0,2.0,13.0,2.0,3.0,5.0,14.0,16.0,1.0,6.0,1255.65,1152.29,1.72,0.121,2024.0,0.83,393.0,0.58,137.0,2,1,1,1,1,3,0,0.7540983606557378,0.24590163934426224,0.8,0.19999999999999996,0.8666666666666667,0.1333333333333333,0.14285714285714285,0.8571428571428572,0.7415094339622641,0.2584905660377359,0.6666666666666666,0.33333333333333337,0.521462328795568,0.478537671204432,0.9342748506246605,0.06572514937533946,1.5686000000000009,0.28,6.0,11.0,256.0,0.25,-2.0,-2.0,-5.0,103.36000000000013,1.599,103.36000000000013,0.6445088015619862,-1
2024-09-09,Israel,Italia,1-2,,,0.46,1.56,0.47,0.53,2.0,6.0,3.0,2.0,3.0,1.0,13.0,10.0,4.0,1.0,1312.54,1714.29,2.96,13.73,2024.0,0.82,365.0,0.89,489.0,1,2,2,-1,0,0,3,0.22772277227722773,0.7722772277227723,0.25,0.75,0.6,0.4,0.8,0.19999999999999996,0.4274004683840749,0.5725995316159251,0.3333333333333333,0.6666666666666667,0.43363518929044576,0.5663648107095542,0.1773517076093469,0.8226482923906531,-1.1,-0.06000000000000005,-4.0,1.0,-124.0,-0.07000000000000006,2.0,3.0,3.0,-401.75,-10.77,-401.75,0.09007996855728315,2
2024-09-09,Francia,Bélgica,2-0,,,2.7,0.82,0.45,0.55,9.0,4.0,5.0,7.0,2.0,2.0,8.0,10.0,4.0,7.0,1854.91,1772.44,58.58,21.06,2024.0,0.88,395.0,0.89,453.0,2,0,1,2,1,3,0,0.7670454545454546,0.23295454545454541,0.6923076923076923,0.3076923076923077,0.4166666666666667,0.5833333333333333,0.36363636363636365,0.6363636363636364,0.4658018867924528,0.5341981132075472,1.0,0.0,0.5113678029415413,0.48863219705845873,0.7355600200904068,0.2644399799095932,1.8800000000000003,-0.10000000000000003,5.0,-2.0,-58.0,-0.010000000000000009,0.0,-2.0,-3.0,82.47000000000003,37.519999999999996,82.47000000000003,0.6165039671910096,0
2024-09-09,Rumanía,Lituania,3-1,,,1.78,1.01,0.52,0.48,6.0,6.0,4.0,5.0,3.0,4.0,12.0,13.0,5.0,3.0,1474.7,1100.66,2.37,0.703,2024.0,0.82,328.0,0.77,295.0,3,1,1,2,1,3,0,0.6379928315412187,0.36200716845878134,0.5,0.5,0.4444444444444444,0.5555555555555556,0.625,0.375,0.5264847512038523,0.4735152487961477,0.75,0.25,0.5726189736580517,0.4273810263419483,0.7712333224861699,0.22876667751383006,0.77,0.040000000000000036,0.0,-1.0,33.0,0.04999999999999993,-1.0,-1.0,2.0,374.03999999999996,1.6670000000000003,374.03999999999996,0.895962516043049,-2
2024-09-09,Noruega,Austria,2-1,,,0.88,0.88,0.45,0.55,4.0,3.0,5.0,1.0,0.0,1.0,6.0,8.0,2.0,2.0,1466.48,1591.56,22.69,9.43,2024.0,0.85,343.0,0.86,445.0,2,1,1,1,1,3,0,0.5,0.5,0.5714285714285714,0.4285714285714286,0.8333333333333334,0.16666666666666663,0.5,0.5,0.4352791878172589,0.5647208121827412,0.6666666666666666,0.33333333333333337,0.4795489921649161,0.5204510078350839,0.7064134495641344,0.29358655043586557,0.0,-0.10000000000000003,1.0,4.0,-102.0,-0.010000000000000009,-1.0,-2.0,0.0,-125.07999999999993,13.260000000000002,-125.07999999999993,0.3273889402607395,1
2024-09-09,Etiopía,RD Congo,0-2,,,0.7195999999999998,1.9733999999999998,0.49,0.51,1.0,5.0,5.0,5.0,2.0,0.0,13.0,16.0,3.0,1.0,1066.16,1400.93,0.126,5.53,2024.0,0.81,424.0,0.84,410.0,0,2,2,-2,0,0,3,0.2672112885258076,0.7327887114741924,0.16666666666666666,0.8333333333333334,0.5,0.5,0.75,0.25,0.5083932853717026,0.4916067146282974,0.0,1.0,0.4321528602523621,0.5678471397476379,0.022277227722772276,0.9777227722772277,-1.2538,-0.020000000000000018,-4.0,0.0,14.0,-0.029999999999999916,2.0,-3.0,2.0,-334.77,-5.404,-334.77,0.12707290895407103,2
2024-09-09,Madagascar,Comores,1-1,,,1.1344,0.9745999999999999,0.55,0.45,4.0,3.0,2.0,7.0,1.0,1.0,14.0,16.0,2.0,3.0,1203.66,1159.84,0.283,0.667,2024.0,0.87,451.0,0.81,330.0,1,1,X,0,0,1,1,0.5378852536747274,0.4621147463252726,0.5714285714285714,0.4285714285714286,0.2222222222222222,0.7777777777777778,0.4,0.6,0.5774647887323944,0.4225352112676056,0.5,0.5,0.5092701502009732,0.4907298497990268,0.29789473684210527,0.7021052631578948,0.15980000000000016,0.10000000000000003,1.0,-5.0,121.0,0.05999999999999994,0.0,-2.0,-1.0,43.820000000000164,-0.38400000000000006,43.820000000000164,0.562729781203482,-1
2024-09-09,Níger,Ghana,1-1,,,0.6880000000000003,1.5032000000000003,0.39,0.61,3.0,3.0,1.0,1.0,3.0,1.0,22.0,17.0,2.0,2.0,1139.21,1381.25,0.428,9.01,2024.0,0.77,238.0,0.9,440.0,1,1,X,0,0,1,1,0.3139832055494706,0.6860167944505293,0.5,0.5,0.5,0.5,0.5,0.5,0.35103244837758113,0.6489675516224189,0.5,0.5,0.4519849551272387,0.5480150448727613,0.04534859080313625,0.9546514091968638,-0.8152,-0.21999999999999997,0.0,0.0,-202.0,-0.13,2.0,5.0,0.0,-242.03999999999996,-8.581999999999999,-242.03999999999996,0.1988823709596587,2
2024-09-09,Uganda,Congo,2-0,,,0.8071999999999997,0.44139999999999996,0.5,0.5,2.0,1.0,2.0,4.0,1.0,1.0,13.98,11.56,1.0,0.0,1242.96,1162.73,0.297,0.111,2024.0,0.8012,341.24,0.8016,327.76,2,0,1,2,1,3,0,0.6464840621496075,0.3535159378503925,0.6666666666666666,0.33333333333333337,0.3333333333333333,0.6666666666666667,1.0,0.0,0.5100747384155456,0.4899252615844544,1.0,0.0,0.5166750495699779,0.4833249504300221,0.7279411764705882,0.2720588235294118,0.36579999999999974,0.0,1.0,-2.0,13.480000000000018,-0.00039999999999995595,0.0,2.42,1.0,80.23000000000002,0.186,80.23000000000002,0.613450822732495,-1
2024-09-09,Guinea Ecuatorial,Togo,2-2,,,2.350000000000001,1.0415999999999999,0.58,0.42,9.0,3.0,6.0,4.0,1.0,3.0,14.0,14.0,1.0,7.0,1260.5,1158.7,0.191,1.11,2024.0,0.82,420.0,0.65,217.0,2,2,X,0,0,1,1,0.692888312300979,0.307111687699021,0.75,0.25,0.6,0.4,0.125,0.875,0.6593406593406593,0.34065934065934067,0.5,0.5,0.5210400132275133,0.47895998677248675,0.14681014604150652,0.8531898539584934,1.3084000000000011,0.15999999999999998,6.0,2.0,203.0,0.16999999999999993,-2.0,0.0,-6.0,101.79999999999995,-0.919,101.79999999999995,0.6424486506784504,-1
2024-09-09,Burundi,Senegal,0-1,,,0.7532000000000002,2.3377999999999997,0.32,0.68,1.0,8.0,2.0,11.0,5.0,4.0,15.0,12.0,7.0,1.0,1091.24,1623.34,0.377,18.39,2024.0,0.62,125.0,0.83,391.0,0,1,2,-1,0,0,3,0.24367518602394056,0.7563248139760594,0.1111111111111111,0.8888888888888888,0.15384615384615385,0.8461538461538461,0.875,0.125,0.24224806201550386,0.7577519379844961,0.0,1.0,0.4019922050556624,0.5980077949443376,0.020088453135823522,0.9799115468641765,-1.5845999999999996,-0.36000000000000004,-7.0,-9.0,-266.0,-0.20999999999999996,1.0,3.0,6.0,-532.0999999999999,-18.013,-532.0999999999999,0.04465894326020361,3
2024-09-09,Lesoto,Marruecos,0-1,,,0.3244,2.495999999999999,0.2,0.8,1.0,5.0,0.0,11.0,2.0,0.0,23.0,7.0,4.0,1.0,1046.54,1669.44,0.025,17.22,2024.0,0.63,130.0,1.55,688.0,0,1,2,-1,0,0,3,0.1150191462203943,0.8849808537796057,0.16666666666666666,0.8333333333333334,0.0,1.0,0.8,0.19999999999999996,0.15892420537897312,0.8410757946210269,0.0,1.0,0.3853268433493619,0.614673156650638,0.0014496955639315746,0.9985503044360684,-2.171599999999999,-0.6000000000000001,-4.0,-11.0,-558.0,-0.92,2.0,16.0,3.0,-622.9000000000001,-17.195,-622.9000000000001,0.026969715032100702,3
2024-09-10,Albania,Georgia,0-1,,,0.14,0.93,0.49,0.51,0.0,3.0,1.0,4.0,1.0,2.0,10.0,13.0,2.0,0.0,1375.49,1361.41,3.42,9.65,2024.0,0.9,503.0,0.89,515.0,0,1,2,-1,0,0,3,0.13084112149532712,0.8691588785046729,0.0,1.0,0.2,0.8,1.0,0.0,0.49410609037328096,0.505893909626719,0.0,1.0,0.5025722532792576,0.4974277467207424,0.26166794185156844,0.7383320581484316,-0.79,-0.020000000000000018,-3.0,-3.0,-12.0,0.010000000000000009,-1.0,-3.0,2.0,14.079999999999927,-6.23,14.079999999999927,0.520251663488619,0
2024-09-10,Inglaterra,Finlandia,2-0,,,2.06,0.1,0.74,0.26,7.0,0.0,8.0,2.0,0.0,1.0,7.0,8.0,0.0,5.0,1812.26,1393.4,52.43,1.55,2024.0,0.91,739.0,0.68,154.0,2,0,1,2,1,3,0,0.9537037037037037,0.04629629629629628,1.0,0.0,0.8,0.19999999999999996,0.0,1.0,0.8275475923852184,0.17245240761478164,1.0,0.0,0.5653313202273479,0.4346686797726521,0.9712856613560579,0.028714338643942128,1.96,0.48,7.0,6.0,585.0,0.22999999999999998,-1.0,-1.0,-5.0,418.8599999999999,50.88,418.8599999999999,0.9176737542837627,-1
2024-09-10,Irlanda,Grecia,0-2,,,0.23,0.61,0.48,0.52,1.0,4.0,2.0,2.0,2.0,3.0,14.0,11.0,2.0,1.0,1403.84,1455.95,5.44,11.02,2024.0,0.86,429.0,0.89,466.0,0,2,2,-2,0,0,3,0.27380952380952384,0.7261904761904762,0.2,0.8,0.5,0.5,0.6666666666666666,0.33333333333333337,0.4793296089385475,0.5206703910614525,0.0,1.0,0.4908891911643862,0.5091108088356138,0.330498177399757,0.6695018226002429,-0.38,-0.040000000000000036,-3.0,0.0,-37.0,-0.030000000000000027,-1.0,3.0,1.0,-52.11000000000013,-5.579999999999999,-52.11000000000013,0.425564994678559,0
2024-09-10,República Checa,Ucrania,3-2,,,2.17,1.71,0.47,0.53,4.0,5.0,0.0,8.0,5.0,2.0,16.0,16.0,3.0,1.0,1473.46,1567.25,7.24,9.88,2024.0,0.81,266.0,0.88,398.0,3,2,1,1,1,3,0,0.5592783505154639,0.44072164948453607,0.4444444444444444,0.5555555555555556,0.0,1.0,0.75,0.25,0.4006024096385542,0.5993975903614458,0.6,0.4,0.4845776150964742,0.5154223849035258,0.4228971962616822,0.5771028037383178,0.45999999999999996,-0.06000000000000005,-1.0,-8.0,-132.0,-0.06999999999999995,3.0,0.0,2.0,-93.78999999999996,-2.6400000000000006,-93.78999999999996,0.36821116157271705,1
2024-09-10,Macedonia del Norte,Armenia,2-0,,,0.92,0.55,0.47,0.53,5.0,6.0,4.0,3.0,5.0,2.0,8.0,12.0,6.0,3.0,1348.63,1230.79,1.38,1.56,2024.0,0.83,308.0,0.87,451.0,2,0,1,2,1,3,0,0.6258503401360543,0.37414965986394566,0.45454545454545453,0.5454545454545454,0.5714285714285714,0.4285714285714286,0.6666666666666666,0.33333333333333337,0.4057971014492754,0.5942028985507246,1.0,0.0,0.5228423444030054,0.47715765559699463,0.4693877551020408,0.5306122448979592,0.37,-0.06000000000000005,-1.0,1.0,-143.0,-0.040000000000000036,3.0,-4.0,3.0,117.84000000000015,-0.18000000000000016,117.84000000000015,0.6633684521983914,0
2024-09-10,Cuba,Nicaragua,1-1,,,0.9562,1.9134,0.37,0.63,6.0,6.0,4.0,5.0,6.0,7.0,14.0,18.0,5.0,5.0,984.92,1119.88,0.108,0.172,2024.0,0.81,152.0,0.84,337.0,1,1,X,0,0,1,1,0.33321717312517424,0.6667828268748257,0.5,0.5,0.4444444444444444,0.5555555555555556,0.5,0.5,0.310838445807771,0.689161554192229,0.5,0.5,0.46793994678829337,0.5320600532117066,0.38571428571428573,0.6142857142857143,-0.9571999999999999,-0.26,0.0,-1.0,-185.0,-0.029999999999999916,-1.0,-4.0,0.0,-134.96000000000015,-0.06399999999999999,-134.96000000000015,0.3149900720740164,0
2024-09-10,Guatemala,Costa Rica,0-0,,,0.7846000000000001,0.9375999999999999,0.53,0.47,3.0,3.0,1.0,4.0,1.0,0.0,9.0,6.0,3.0,3.0,1198.84,1469.69,0.338,1.34,2024.0,0.79,365.0,0.87,391.0,0,0,X,0,0,1,1,0.4555800720009291,0.5444199279990709,0.5,0.5,0.2,0.8,0.5,0.5,0.4828042328042328,0.5171957671957672,0.5,0.5,0.44925108580379464,0.5507489141962054,0.20143027413587603,0.798569725864124,-0.1529999999999998,0.06000000000000005,0.0,-3.0,-26.0,-0.07999999999999996,1.0,3.0,0.0,-270.85000000000014,-1.002,-270.85000000000014,0.17377038309827347,1
2024-09-10,Letonia,Islas Feroe,1-0,,,1.64,1.31,0.53,0.47,4.0,3.0,6.0,1.0,0.0,1.0,5.0,7.0,3.0,3.0,1095.98,1093.7,0.329,0.222,2024.0,0.81,428.0,0.8,346.0,1,0,1,1,1,3,0,0.5559322033898304,0.4440677966101696,0.5714285714285714,0.4285714285714286,0.8571428571428571,0.1428571428571429,0.5,0.5,0.5529715762273901,0.4470284237726099,1.0,0.0,0.5005206240181214,0.49947937598187864,0.5970961887477314,0.4029038112522686,0.32999999999999985,0.06000000000000005,1.0,5.0,82.0,0.010000000000000009,-1.0,-2.0,0.0,2.2799999999999727,0.10700000000000001,2.2799999999999727,0.5032811366572988,0
2024-09-10,Indonesia,Australia,0-0,,,0.6123999999999998,1.3776,0.38,0.62,2.0,5.0,3.0,15.0,1.0,3.0,13.0,8.0,5.0,2.0,1108.73,1571.29,0.85,2.98,2024.0,0.63,185.0,0.79,391.0,0,0,X,0,0,1,1,0.3077386934673366,0.6922613065326634,0.2857142857142857,0.7142857142857143,0.16666666666666666,0.8333333333333334,0.7142857142857143,0.2857142857142857,0.3211805555555556,0.6788194444444444,0.5,0.5,0.4137021365512198,0.5862978634487802,0.22193211488250653,0.7780678851174935,-0.7652000000000001,-0.24,-3.0,-12.0,-206.0,-0.16000000000000003,-2.0,5.0,3.0,-462.55999999999995,-2.13,-462.55999999999995,0.0652099800173922,3
2024-09-10,Burkina Faso,Malaui,3-1,,,2.2648000000000006,1.5729999999999997,0.52,0.48,8.0,8.0,6.0,1.0,1.0,1.0,14.0,10.0,7.0,5.0,1375.16,1137.83,4.42,0.075,2024.0,0.83,415.0,0.82,346.0,3,1,1,2,1,3,0,0.5901297618427225,0.4098702381572775,0.5,0.5,0.8571428571428571,0.1428571428571429,0.5833333333333334,0.41666666666666663,0.545335085413929,0.45466491458607095,0.75,0.25,0.5472206415465244,0.4527793584534756,0.9833147942157953,0.016685205784204737,0.6918000000000009,0.040000000000000036,0.0,5.0,69.0,0.010000000000000009,0.0,4.0,2.0,237.33000000000015,4.345,237.33000000000015,0.7967624845051295,-2
2024-09-10,Liberia,Argelia,0-3,,,0.4152,1.5397999999999996,0.31,0.69,2.0,7.0,1.0,7.0,1.0,2.0,10.0,14.0,4.0,2.0,1067.05,1474.13,0.551,9.88,2024.0,0.75,210.0,0.87,532.0,0,3,2,-3,0,0,3,0.21237851662404097,0.787621483375959,0.2222222222222222,0.7777777777777778,0.125,0.875,0.6666666666666666,0.33333333333333337,0.2830188679245283,0.7169811320754718,0.0,1.0,0.41990335198608514,0.5800966480139149,0.052823315118397086,0.9471766848816029,-1.1245999999999996,-0.37999999999999995,-5.0,-6.0,-322.0,-0.12,-1.0,-4.0,2.0,-407.08000000000015,-9.329,-407.08000000000015,0.08759653472617644,2
2024-09-10,Guinea,Tanzania,1-2,,,1.2638,0.9154000000000001,0.59,0.41,3.0,3.0,8.0,2.0,0.0,3.0,11.0,19.0,1.0,2.0,1324.8,1174.99,2.47,0.361,2024.0,0.84,432.0,0.73,257.0,1,2,2,-1,0,0,3,0.5799375917767988,0.4200624082232012,0.5,0.5,0.8,0.19999999999999996,0.3333333333333333,0.6666666666666667,0.6269956458635704,0.37300435413642963,0.3333333333333333,0.6666666666666667,0.5299645170194296,0.4700354829805704,0.87248322147651,0.12751677852348997,0.34839999999999993,0.18,0.0,6.0,175.0,0.10999999999999999,-3.0,-8.0,-1.0,149.80999999999995,2.109,149.80999999999995,0.703156763301346,0
2024-09-10,Gabón,República Centroafricana,2-0,,,1.6612000000000007,1.0384,0.49,0.51,7.0,4.0,10.0,5.0,0.0,3.0,16.0,18.0,4.0,5.0,1288.45,1129.3,1.01,0.336,2024.0,0.75,267.0,0.75,255.0,2,0,1,2,1,3,0,0.615350422284783,0.384649577715217,0.6363636363636364,0.36363636363636365,0.6666666666666666,0.33333333333333337,0.4444444444444444,0.5555555555555556,0.5114942528735632,0.4885057471264368,1.0,0.0,0.5329128321786786,0.4670871678213214,0.75037147102526,0.24962852897473997,0.6228000000000007,-0.020000000000000018,3.0,5.0,12.0,0.0,-3.0,-2.0,-1.0,159.1500000000001,0.6739999999999999,159.1500000000001,0.7142551647346091,-1
2024-09-10,Botsuana,Egipto,0-4,,,0.7535999999999998,2.4298,0.45,0.55,3.0,9.0,4.0,3.0,2.0,0.0,11.0,7.0,5.0,3.0,1063.64,1502.34,0.117,4.48,2024.0,0.79,334.0,0.84,496.0,0,4,2,-4,0,0,3,0.23672802663818554,0.7632719733618145,0.25,0.75,0.5714285714285714,0.4285714285714286,0.625,0.375,0.40240963855421685,0.5975903614457831,0.0,1.0,0.41451609131793704,0.5854839086820629,0.025451381335653687,0.9745486186643463,-1.6762000000000004,-0.10000000000000003,-6.0,1.0,-162.0,-0.04999999999999993,2.0,4.0,2.0,-438.6999999999998,-4.363,-438.6999999999998,0.07409934851794714,2
2024-09-10,Zambia,Sierra Leona,3-2,,,1.6992000000000005,1.0318,0.59,0.41,6.0,4.0,4.0,3.0,1.0,1.0,8.0,17.0,2.0,3.0,1249.54,1149.4,0.614,0.559,2024.0,0.85,415.0,0.74,249.0,3,2,1,1,1,3,0,0.6221896741120468,0.37781032588795316,0.6,0.4,0.5714285714285714,0.4285714285714286,0.4,0.6,0.625,0.375,0.6,0.4,0.5208717183422678,0.47912828165773225,0.5234441602728047,0.4765558397271953,0.6674000000000004,0.18,2.0,1.0,166.0,0.10999999999999999,0.0,-9.0,-1.0,100.13999999999987,0.05499999999999994,100.13999999999987,0.6402506446284966,-1
2024-09-10,Chad,Costa de Marfil,0-2,,,0.37020000000000003,2.1731999999999996,0.24,0.76,1.0,5.0,3.0,8.0,2.0,2.0,10.0,10.0,3.0,1.0,929.97,1499.69,0.356,20.08,2024.0,0.66,137.0,0.93,638.0,0,2,2,-2,0,0,3,0.14555319650861054,0.8544468034913895,0.16666666666666666,0.8333333333333334,0.2727272727272727,0.7272727272727273,0.75,0.25,0.1767741935483871,0.8232258064516129,0.0,1.0,0.38275725821719914,0.6172427417828008,0.017420238794284594,0.9825797612057154,-1.8029999999999995,-0.52,-4.0,-5.0,-501.0,-0.27,0.0,0.0,2.0,-569.72,-19.723999999999997,-569.72,0.03627867918977437,2
2024-09-10,Cabo Verde,Mauritania,2-0,,,0.8096,1.4174,0.55,0.45,2.0,5.0,1.0,7.0,3.0,2.0,26.0,14.0,5.0,0.0,1380.53,1177.5,2.1,1.01,2024.0,0.79,362.0,0.75,295.0,2,0,1,2,1,3,0,0.36353839245621916,0.6364616075437808,0.2857142857142857,0.7142857142857143,0.125,0.875,1.0,0.0,0.5509893455098934,0.4490106544901066,1.0,0.0,0.5396848355961423,0.46031516440385767,0.67524115755627,0.32475884244373,-0.6078,0.10000000000000003,-3.0,-6.0,67.0,0.040000000000000036,1.0,12.0,5.0,203.02999999999997,1.09,203.02999999999997,0.7629162177401685,-1
2024-09-10,Eswatini,Mali,0-1,,,0.20919999999999994,2.5064,0.34,0.66,0.0,8.0,2.0,6.0,2.0,0.0,8.0,12.0,7.0,0.0,1025.28,1456.74,0.045,4.32,2024.0,0.77,280.0,0.88,623.0,0,1,2,-1,0,0,3,0.07703638238326702,0.922963617616733,0.0,1.0,0.25,0.75,1.0,0.0,0.31007751937984496,0.689922480620155,0.0,1.0,0.4130828921604177,0.5869171078395823,0.010309278350515464,0.9896907216494846,-2.2972,-0.32,-8.0,-4.0,-343.0,-0.10999999999999999,2.0,-4.0,7.0,-431.46000000000004,-4.275,-431.46000000000004,0.07700997910966323,2
2024-09-10,Benín,Libia,2-1,,,1.8156,0.49280000000000007,0.59,0.41,7.0,1.0,7.0,1.0,1.0,5.0,24.0,17.0,0.0,5.0,1254.18,1165.73,0.723,0.533,2024.0,0.85,430.0,0.71,215.0,2,1,1,1,1,3,0,0.786518800901057,0.21348119909894303,0.875,0.125,0.875,0.125,0.0,1.0,0.6666666666666666,0.33333333333333337,0.6666666666666666,0.33333333333333337,0.518275473054783,0.48172452694521695,0.5756369426751592,0.4243630573248408,1.3228,0.18,6.0,6.0,215.0,0.14,-4.0,7.0,-5.0,88.45000000000005,0.18999999999999995,88.45000000000005,0.6246093339261954,-1
2024-09-10,Países Bajos,Alemania,2-2,,,1.91,2.29,0.42,0.58,4.0,5.0,7.0,10.0,0.0,4.0,7.0,13.0,3.0,2.0,1758.51,1686.02,29.01,36.42,2024.0,0.86,299.0,0.9,460.0,2,2,X,0,0,1,1,0.4547619047619047,0.5452380952380953,0.4444444444444444,0.5555555555555556,0.4117647058823529,0.5882352941176471,0.6,0.4,0.3939393939393939,0.6060606060606061,0.5,0.5,0.510522480570644,0.489477519429356,0.44337459880788627,0.5566254011921137,-0.3800000000000001,-0.15999999999999998,-1.0,-3.0,-161.0,-0.040000000000000036,-4.0,-6.0,1.0,72.49000000000001,-7.41,72.49000000000001,0.6028336274970901,0
2024-09-10,Hungría,Bosnia-Herzegovina,0-0,,,0.92,0.18,0.63,0.37,5.0,2.0,13.0,1.0,1.0,2.0,10.0,10.0,2.0,5.0,1518.77,1332.3,7.21,5.63,2024.0,0.83,460.0,0.75,231.0,0,0,X,0,0,1,1,0.8363636363636363,0.1636363636363637,0.7142857142857143,0.2857142857142857,0.9285714285714286,0.0714285714285714,0.2857142857142857,0.7142857142857143,0.6657018813314037,0.33429811866859627,0.5,0.5,0.5327017575857486,0.46729824241425144,0.5615264797507789,0.43847352024922115,0.74,0.26,3.0,12.0,229.0,0.07999999999999996,-1.0,0.0,-3.0,186.47000000000003,1.58,186.47000000000003,0.7452444079075368,-2
2024-09-10,Andorra,Malta,0-1,,,0.92,0.66,0.46,0.54,4.0,3.0,3.0,4.0,3.0,1.0,15.0,14.0,2.0,4.0,996.05,970.62,0.137,0.554,2024.0,0.69,212.0,0.73,277.0,0,1,2,-1,0,0,3,0.5822784810126582,0.4177215189873418,0.5714285714285714,0.4285714285714286,0.42857142857142855,0.5714285714285714,0.3333333333333333,0.6666666666666667,0.4335378323108384,0.5664621676891616,0.0,1.0,0.5064652432792487,0.4935347567207513,0.19826338639652677,0.8017366136034733,0.26,-0.08000000000000002,1.0,-1.0,-65.0,-0.040000000000000036,2.0,1.0,-2.0,25.42999999999995,-0.41700000000000004,25.42999999999995,0.5365314986534846,0
2024-09-10,Mozambique,Guinea-Bisáu,2-1,,,1.2011999999999998,1.1361999999999999,0.53,0.47,4.0,4.0,4.0,4.0,2.0,1.0,12.0,17.0,3.0,2.0,1208.87,1168.49,0.059,1.64,2024.0,0.8,337.0,0.8,271.0,2,1,1,1,1,3,0,0.5139043381535039,0.4860956618464961,0.5,0.5,0.5,0.5,0.6,0.4,0.5542763157894737,0.4457236842105263,0.6666666666666666,0.33333333333333337,0.5084926136554834,0.49150738634451663,0.034726309593878756,0.9652736904061212,0.06499999999999995,0.06000000000000005,0.0,0.0,66.0,0.0,1.0,-5.0,1.0,40.37999999999988,-1.581,40.37999999999988,0.5578512448889061,0
2024-09-10,Namibia,Kenia,1-2,,,1.2448000000000001,1.5044,0.62,0.38,3.0,5.0,7.0,3.0,2.0,3.0,7.0,24.0,3.0,2.0,1221.42,1197.73,0.09,0.135,2024.0,0.81,369.0,0.66,199.0,1,2,2,-1,0,0,3,0.4527862650953005,0.5472137349046995,0.375,0.625,0.7,0.30000000000000004,0.6,0.4,0.6496478873239436,0.35035211267605637,0.3333333333333333,0.6666666666666667,0.5048963478907881,0.4951036521092119,0.39999999999999997,0.6000000000000001,-0.25959999999999983,0.24,-2.0,4.0,170.0,0.15000000000000002,-1.0,-17.0,1.0,23.690000000000055,-0.04500000000000001,23.690000000000055,0.5340399136874743,0
2024-09-10,Zimbabue,Camerún,0-0,,,1.1306,0.6360000000000001,0.39,0.61,5.0,0.0,7.0,5.0,2.0,3.0,15.0,12.0,0.0,5.0,1126.15,1458.47,1.21,8.28,2024.0,0.84,280.0,0.93,470.0,0,0,X,0,0,1,1,0.6399864145816823,0.36001358541831774,1.0,0.0,0.5833333333333334,0.41666666666666663,0.0,1.0,0.37333333333333335,0.6266666666666667,0.5,0.5,0.4357120195618699,0.5642879804381301,0.12750263435194945,0.8724973656480506,0.49459999999999993,-0.21999999999999997,5.0,2.0,-190.0,-0.09000000000000008,-1.0,3.0,-5.0,-332.31999999999994,-7.069999999999999,-332.31999999999994,0.12864557204873192,2
2024-09-10,Ruanda,Nigeria,0-0,,,0.8681999999999997,2.331,0.49,0.51,2.0,10.0,3.0,7.0,2.0,2.0,15.0,17.0,10.0,2.0,1114.15,1498.93,0.232,7.48,2024.0,0.79,328.0,0.83,347.0,0,0,X,0,0,1,1,0.2713803450862715,0.7286196549137285,0.16666666666666666,0.8333333333333334,0.3,0.7,0.8333333333333334,0.16666666666666663,0.48592592592592593,0.5140740740740741,0.5,0.5,0.42637424036003496,0.573625759639965,0.03008298755186722,0.9699170124481328,-1.4628,-0.020000000000000018,-8.0,-4.0,-19.0,-0.039999999999999925,0.0,-2.0,8.0,-384.78,-7.248,-384.78,0.09841405626184685,2
2024-09-10,Sudán del Sur,Sudáfrica,2-3,,,0.7196000000000001,2.6354,0.29,0.71,3.0,9.0,1.0,6.0,1.0,2.0,11.0,8.0,6.0,1.0,980.02,1415.15,0.064,1.89,2024.0,0.72,160.0,0.9,522.0,2,3,2,-1,0,0,3,0.21448584202682563,0.7855141579731744,0.25,0.75,0.14285714285714285,0.8571428571428572,0.8571428571428571,0.1428571428571429,0.23460410557184752,0.7653958944281525,0.4,0.6,0.40916511145346673,0.5908348885465333,0.032753326509723645,0.9672466734902764,-1.9158,-0.42,-6.0,-5.0,-362.0,-0.18000000000000005,-1.0,3.0,5.0,-435.1300000000001,-1.8259999999999998,-435.1300000000001,0.07552169423589868,2
2024-09-10,Kuwait,Irak,0-0,,,0.6688,1.1068000000000002,0.59,0.41,2.0,2.0,0.0,4.0,0.0,1.0,15.0,7.0,2.0,2.0,1098.42,1433.07,0.176,0.815,2024.0,0.87,476.0,0.82,305.0,0,0,X,0,0,1,1,0.37666141022752864,0.6233385897724714,0.5,0.5,0.0,1.0,0.5,0.5,0.6094750320102432,0.3905249679897568,0.5,0.5,0.43390256331251564,0.5660974366874844,0.17759838546922302,0.822401614530777,-0.4380000000000003,0.18,0.0,-4.0,171.0,0.050000000000000044,-1.0,8.0,0.0,-334.64999999999986,-0.639,-334.64999999999986,0.12714955323649102,2
2024-09-10,Bahréin,Japón,0-5,,,0.25939999999999996,3.3045999999999998,0.25,0.75,1.0,10.0,1.0,4.0,1.0,0.0,8.0,11.0,5.0,1.0,1302.86,1628.81,0.256,10.42,2024.0,0.67,136.0,0.92,600.0,0,5,2,-5,0,0,3,0.07278338945005612,0.9272166105499439,0.09090909090909091,0.9090909090909091,0.2,0.8,0.8333333333333334,0.16666666666666663,0.18478260869565216,0.8152173913043479,0.0,1.0,0.44440881818212824,0.5555911818178718,0.02397901835893593,0.9760209816410641,-3.0452,-0.5,-9.0,-3.0,-464.0,-0.25,1.0,-3.0,4.0,-325.95000000000005,-10.164,-325.95000000000005,0.13281225002828126,2
2024-09-10,Emiratos Árabes Unidos,Irán,0-1,,,0.9608000000000001,0.9982000000000001,0.57,0.43,2.0,3.0,5.0,2.0,0.0,4.0,5.0,8.0,2.0,2.0,1368.84,1611.16,1.21,1.23,2024.0,0.85,416.0,0.75,255.0,0,1,2,-1,0,0,3,0.490454313425217,0.5095456865747829,0.4,0.6,0.7142857142857143,0.2857142857142857,0.5,0.5,0.6199701937406855,0.3800298062593145,0.0,1.0,0.4593422818791946,0.5406577181208054,0.4959016393442623,0.5040983606557377,-0.03739999999999999,0.13999999999999996,-1.0,3.0,161.0,0.09999999999999998,-4.0,-3.0,0.0,-242.32000000000016,-0.020000000000000018,-242.32000000000016,0.19862568892038068,1
2024-09-10,Kirguistán,Uzbekistán,2-3,,,0.9350000000000003,2.6655999999999995,0.35,0.65,3.0,10.0,3.0,7.0,0.0,2.0,4.0,9.0,7.0,1.0,1213.58,1397.41,0.271,3.28,2024.0,0.75,311.0,0.83,576.0,2,3,2,-1,0,0,3,0.2596789423984892,0.7403210576015108,0.23076923076923078,0.7692307692307692,0.3,0.7,0.875,0.125,0.3506200676437429,0.649379932356257,0.4,0.6,0.46479687781263046,0.5352031221873695,0.07631653055477332,0.9236834694452267,-1.7305999999999993,-0.30000000000000004,-7.0,-4.0,-265.0,-0.07999999999999996,-2.0,-5.0,6.0,-183.83000000000015,-3.009,-183.83000000000015,0.2576515705264149,1
2024-09-10,Omán,Corea del Sur,1-3,,,0.5943999999999999,2.3274000000000004,0.34,0.66,1.0,8.0,3.0,11.0,5.0,2.0,16.0,12.0,5.0,0.0,1326.18,1572.87,0.297,5.35,2024.0,0.78,243.0,0.88,536.0,1,3,2,-2,0,0,3,0.20343623793551915,0.7965637620644809,0.1111111111111111,0.8888888888888888,0.21428571428571427,0.7857142857142857,1.0,0.0,0.3119383825417201,0.6880616174582799,0.25,0.75,0.4574533036684431,0.5425466963315568,0.05259429785726935,0.9474057021427307,-1.7330000000000005,-0.32,-7.0,-8.0,-293.0,-0.09999999999999998,3.0,4.0,5.0,-246.68999999999983,-5.053,-246.68999999999983,0.19465189682022022,2
2024-09-10,Palestina,Jordania,1-3,,,1.242,1.3965999999999996,0.57,0.43,4.0,5.0,5.0,8.0,2.0,0.0,8.0,9.0,2.0,3.0,1231.25,1374.13,0.343,0.781,2024.0,0.78,305.0,0.75,226.0,1,3,2,-2,0,0,3,0.47070416129765796,0.5292958387023421,0.4444444444444444,0.5555555555555556,0.38461538461538464,0.6153846153846154,0.4,0.6,0.5743879472693032,0.4256120527306968,0.25,0.75,0.4725798156123099,0.5274201843876901,0.30516014234875444,0.6948398576512456,-0.15459999999999963,0.13999999999999996,-1.0,-3.0,79.0,0.030000000000000027,2.0,-1.0,-1.0,-142.8800000000001,-0.438,-142.8800000000001,0.3052367584458925,1
2024-09-10,China,Arabia Saudí,1-2,,,0.8011999999999999,1.2065999999999995,0.42,0.58,1.0,3.0,6.0,5.0,3.0,3.0,18.0,9.0,1.0,0.0,1267.51,1431.3,0.551,1.56,2024.0,0.73,216.0,0.75,313.0,1,2,2,-1,0,0,3,0.39904372945512506,0.600956270544875,0.25,0.75,0.5454545454545454,0.4545454545454546,1.0,0.0,0.40831758034026466,0.5916824196597353,0.3333333333333333,0.6666666666666667,0.4696551443043416,0.5303448556956585,0.261013737565135,0.738986262434865,-0.40539999999999954,-0.15999999999999998,-2.0,1.0,-97.0,-0.020000000000000018,0.0,9.0,1.0,-163.78999999999996,-1.009,-163.78999999999996,0.28032480751994887,1
2024-09-10,Corea del Norte,Catar,2-2,,,1.0215999999999998,1.6913999999999996,0.27,0.73,5.0,6.0,5.0,6.0,3.0,2.0,14.0,16.0,4.0,3.0,1183.96,1504.06,0.236,0.766,2024.0,0.61,120.0,0.84,452.0,2,2,X,0,0,1,1,0.3765573166236639,0.6234426833763361,0.45454545454545453,0.5454545454545454,0.45454545454545453,0.5454545454545454,0.5714285714285714,0.4285714285714286,0.2097902097902098,0.7902097902097902,0.5,0.5,0.44045803230630726,0.5595419676936928,0.23552894211576844,0.7644710578842315,-0.6697999999999997,-0.45999999999999996,-1.0,-1.0,-332.0,-0.22999999999999998,1.0,-2.0,1.0,-320.0999999999999,-0.53,-320.0999999999999,0.13673892430632803,1
2024-09-11,Trinidad y Tobago,Guayana Francesa,0-0,,,0.8797999999999999,1.1938000000000002,0.53,0.47,3.0,4.0,5.0,3.0,1.0,1.0,17.0,19.0,4.0,3.0,1219.44,1011.5257999999999,0.1,0.005,2024.0,0.92,443.0,0.87,374.0,0,0,X,0,0,1,1,0.42428626543209874,0.5757137345679013,0.42857142857142855,0.5714285714285714,0.625,0.375,0.5714285714285714,0.4285714285714286,0.5422276621787026,0.45777233782129745,0.5,0.5,0.5465973525905239,0.4534026474094761,0.9523809523809523,0.04761904761904767,-0.3140000000000003,0.06000000000000005,-1.0,2.0,69.0,0.050000000000000044,0.0,-2.0,1.0,207.91420000000016,0.095,207.91420000000016,0.7679640033585469,-1
2024-09-11,Honduras,Jamaica,1-2,,,2.7328,1.5651999999999995,0.58,0.42,12.0,7.0,6.0,2.0,2.0,1.0,18.0,15.0,5.0,11.0,1311.48,1401.56,0.805,0.377,2024.0,0.91,568.0,0.87,340.0,1,2,2,-1,0,0,3,0.6358306188925081,0.36416938110749186,0.631578947368421,0.368421052631579,0.75,0.25,0.3125,0.6875,0.6255506607929515,0.3744493392070485,0.3333333333333333,0.6666666666666667,0.48339869666499574,0.5166013033350043,0.6810490693739425,0.3189509306260575,1.1676000000000006,0.15999999999999998,5.0,4.0,228.0,0.040000000000000036,1.0,3.0,-6.0,-90.07999999999993,0.42800000000000005,-90.07999999999993,0.37319318788815775,1
2024-10-10,Noruega,Eslovenia,3-0,,,2.33,0.79,0.53,0.47,14.0,2.0,4.0,4.0,1.0,1.0,5.0,11.0,2.0,11.0,1472.16,1462.98,22.69,4.02,2024.0,0.84,410.0,0.79,328.0,3,0,1,3,1,3,0,0.7467948717948718,0.2532051282051282,0.875,0.125,0.5,0.5,0.15384615384615385,0.8461538461538461,0.5555555555555556,0.4444444444444444,1.0,0.0,0.5015638095627466,0.4984361904372534,0.8494945713216024,0.15050542867839756,1.54,0.06000000000000005,12.0,0.0,82.0,0.04999999999999993,0.0,-6.0,-9.0,9.180000000000064,18.67,9.180000000000064,0.5132080084751547,0
2024-10-10,Moldavia,Andorra,2-0,,,0.5,0.26,0.56,0.44,2.0,0.0,2.0,5.0,4.0,4.0,15.0,20.0,0.0,0.0,1042.81,981.7,0.373,0.137,2024.0,0.68,282.0,0.58,180.0,2,0,1,2,1,3,0,0.6578947368421053,0.3421052631578947,1.0,0.0,0.2857142857142857,0.7142857142857143,0.5,0.5,0.6103896103896104,0.38961038961038963,1.0,0.0,0.515092540911134,0.484907459088866,0.7313725490196078,0.2686274509803922,0.24,0.12000000000000005,2.0,-3.0,102.0,0.10000000000000009,0.0,-5.0,0.0,61.1099999999999,0.236,61.1099999999999,0.5870485364382867,0
2024-10-10,Letonia,Macedonia del Norte,0-3,,,0.63,1.11,0.47,0.53,2.0,7.0,5.0,4.0,1.0,2.0,11.0,12.0,4.0,2.0,1097.98,1351.18,0.329,1.38,2024.0,0.82,347.0,0.86,431.0,0,3,2,-3,0,0,3,0.3620689655172413,0.6379310344827587,0.2222222222222222,0.7777777777777778,0.5555555555555556,0.4444444444444444,0.6666666666666666,0.33333333333333337,0.44601542416452444,0.5539845758354756,0.0,1.0,0.44830880791781674,0.5516911920821832,0.19251023990637803,0.8074897600936219,-0.4800000000000001,-0.06000000000000005,-5.0,1.0,-84.0,-0.040000000000000036,-1.0,-1.0,2.0,-253.20000000000005,-1.051,-253.20000000000005,0.18884442116840378,1
2024-10-10,Gibraltar,San Marino,1-0,,,0.93,0.74,0.5,0.5,2.0,2.0,7.0,6.0,3.0,8.0,11.0,17.0,2.0,1.0,842.4,746.05,0.073,0.044,2024.0,0.73,263.0,0.74,264.0,1,0,1,1,1,3,0,0.5568862275449102,0.44311377245508976,0.5,0.5,0.5384615384615384,0.46153846153846156,0.6666666666666666,0.33333333333333337,0.4990512333965844,0.5009487666034156,1.0,0.0,0.5303283074695458,0.46967169253045415,0.6239316239316239,0.37606837606837606,0.19000000000000006,0.0,0.0,1.0,-1.0,-0.010000000000000009,-5.0,-6.0,1.0,96.35000000000002,0.028999999999999998,96.35000000000002,0.6352103190612971,0
2024-10-10,Guayana Francesa,Honduras,2-3,,,1.6654000000000002,3.1341999999999994,0.35,0.65,5.0,14.0,1.0,5.0,4.0,2.0,19.0,13.0,11.0,3.0,997.9512,1311.3,0.005,0.805,2024.0,0.92,231.0,0.84,497.0,2,3,2,-1,0,0,3,0.3469872489374115,0.6530127510625885,0.2631578947368421,0.736842105263158,0.16666666666666666,0.8333333333333334,0.7857142857142857,0.2142857142857143,0.3173076923076923,0.6826923076923077,0.4,0.6,0.43215359160579847,0.5678464083942015,0.006172839506172839,0.9938271604938271,-1.4687999999999992,-0.30000000000000004,-9.0,-4.0,-266.0,0.08000000000000007,2.0,6.0,8.0,-313.3488,-0.8,-313.3488,0.14139146693163435,1
2024-10-10,Cuba,Trinidad y Tobago,2-2,,,2.7692,1.8699999999999997,0.44,0.56,12.0,7.0,5.0,2.0,2.0,3.0,12.0,16.0,5.0,10.0,991.73,1213.25,0.108,0.1,2024.0,0.86,280.0,0.88,382.0,2,2,X,0,0,1,1,0.596913260907053,0.403086739092947,0.631578947368421,0.368421052631579,0.7142857142857143,0.2857142857142857,0.3333333333333333,0.6666666666666667,0.4229607250755287,0.5770392749244713,0.5,0.5,0.4497682518662301,0.55023174813377,0.5192307692307692,0.48076923076923084,0.8992000000000004,-0.12000000000000005,5.0,3.0,-102.0,-0.020000000000000018,-1.0,-4.0,-5.0,-221.51999999999998,0.007999999999999993,-221.51999999999998,0.21837324071908132,1
2024-10-10,Islas Feroe,Armenia,2-2,,,0.63,1.54,0.42,0.58,4.0,6.0,4.0,9.0,1.0,3.0,10.0,8.0,4.0,2.0,1089.51,1230.43,0.222,1.56,2024.0,0.77,266.0,0.85,398.0,2,2,X,0,0,1,1,0.2903225806451613,0.7096774193548387,0.4,0.6,0.3076923076923077,0.6923076923076923,0.6666666666666666,0.33333333333333337,0.4006024096385542,0.5993975903614458,0.5,0.5,0.4696285248756433,0.5303714751243567,0.12457912457912458,0.8754208754208754,-0.91,-0.15999999999999998,-2.0,-5.0,-132.0,-0.07999999999999996,-2.0,2.0,2.0,-140.92000000000007,-1.338,-140.92000000000007,0.30763468682251094,1
2024-10-10,Israel,Francia,1-4,,,0.09,1.32,0.32,0.68,1.0,5.0,0.0,9.0,0.0,1.0,8.0,11.0,1.0,0.0,1307.8,1851.92,2.96,58.58,2024.0,0.82,274.0,0.91,637.0,1,4,2,-3,0,0,3,0.06382978723404255,0.9361702127659575,0.16666666666666666,0.8333333333333334,0.0,1.0,1.0,0.0,0.300768386388584,0.6992316136114161,0.2,0.8,0.41389743394984363,0.5861025660501564,0.04809879753006175,0.9519012024699383,-1.23,-0.36000000000000004,-4.0,-9.0,-363.0,-0.09000000000000008,-1.0,-3.0,1.0,-544.1200000000001,-55.62,-544.1200000000001,0.041798144912421085,2
2024-10-10,Italia,Bélgica,2-2,,,1.76,0.89,0.38,0.62,4.0,4.0,0.0,12.0,2.0,1.0,11.0,15.0,2.0,2.0,1726.31,1768.14,13.73,21.06,2024.0,0.85,304.0,0.9,512.0,2,2,X,0,0,1,1,0.6641509433962265,0.3358490566037735,0.5,0.5,0.0,1.0,0.5,0.5,0.37254901960784315,0.6274509803921569,0.5,0.5,0.4940147948890383,0.5059852051109617,0.3946536361023283,0.6053463638976717,0.87,-0.24,0.0,-12.0,-208.0,-0.050000000000000044,1.0,-4.0,0.0,-41.830000000000155,-7.329999999999998,-41.830000000000155,0.44009097799910163,0
2024-10-10,Austria,Kazajistán,4-0,,,3.06,0.14,0.66,0.34,8.0,1.0,15.0,3.0,1.0,2.0,10.0,17.0,1.0,4.0,1580.37,1193.21,9.43,0.652,2024.0,0.84,493.0,0.71,221.0,4,0,1,4,1,3,0,0.9562499999999999,0.04375000000000007,0.8888888888888888,0.11111111111111116,0.8333333333333334,0.16666666666666663,0.2,0.8,0.6904761904761905,0.30952380952380953,1.0,0.0,0.569794273105517,0.430205726894483,0.9353302916088079,0.06466970839119213,2.92,0.32,7.0,12.0,272.0,0.13,-1.0,-7.0,-3.0,387.15999999999985,8.778,387.15999999999985,0.9027948907767249,-2
2024-10-10,Inglaterra,Grecia,1-2,,,0.84,0.74,0.63,0.37,2.0,3.0,9.0,5.0,2.0,4.0,10.0,14.0,1.0,1.0,1817.28,1469.18,52.43,11.02,2024.0,0.89,513.0,0.74,244.0,1,2,2,-1,0,0,3,0.5316455696202531,0.4683544303797469,0.4,0.6,0.6428571428571429,0.3571428571428571,0.5,0.5,0.6776750330250991,0.3223249669749009,0.3333333333333333,0.6666666666666667,0.5529597195766873,0.4470402804233127,0.8263199369582348,0.1736800630417652,0.09999999999999998,0.26,-1.0,4.0,269.0,0.15000000000000002,-2.0,-4.0,0.0,348.0999999999999,41.41,348.0999999999999,0.8811980600583317,-1
2024-10-10,Finlandia,Irlanda,1-2,,,1.1,1.49,0.53,0.47,3.0,10.0,2.0,2.0,1.82,1.64,10.0,5.0,8.0,2.0,1384.36,1394.63,1.55,5.44,2024.0,0.84,444.0,0.8,356.0,1,2,2,-1,0,0,3,0.42471042471042475,0.5752895752895753,0.23076923076923078,0.7692307692307692,0.5,0.5,0.8,0.19999999999999996,0.555,0.44499999999999995,0.3333333333333333,0.6666666666666667,0.49815220637713703,0.5018477936228629,0.2217453505007153,0.7782546494992847,-0.3899999999999999,0.06000000000000005,-7.0,0.0,88.0,0.039999999999999925,0.18000000000000016,5.0,6.0,-10.27000000000021,-3.8900000000000006,-10.27000000000021,0.48522458507384036,0
2024-10-10,Cabo Verde,Botsuana,0-1,,,1.8282000000000003,0.49739999999999995,0.79,0.21,5.0,3.0,18.0,0.0,1.0,3.0,9.0,14.0,2.0,5.0,1379.17,1050.15,2.1,0.117,2024.0,0.9,610.0,0.59,128.0,0,1,2,-1,0,0,3,0.7861197110423117,0.2138802889576883,0.625,0.375,1.0,0.0,0.2857142857142857,0.7142857142857143,0.8265582655826558,0.17344173441734423,0.0,1.0,0.5677185385210676,0.4322814614789324,0.9472259810554804,0.05277401894451961,1.3308000000000004,0.5800000000000001,2.0,18.0,482.0,0.31000000000000005,-2.0,-5.0,-3.0,329.02,1.983,329.02,0.8692099543666983,-2
2024-10-10,Australia,China,3-1,,,1.8728000000000002,0.2669999999999999,0.7,0.3,4.0,1.0,3.0,3.0,0.0,2.0,10.0,13.0,0.0,1.0,1544.3,1253.77,2.98,0.551,2024.0,0.88,672.0,0.63,178.0,3,1,1,2,1,3,0,0.8752219833629312,0.12477801663706878,0.8,0.19999999999999996,0.5,0.5,0.0,1.0,0.7905882352941176,0.2094117647058824,0.75,0.25,0.5519161421980151,0.4480838578019849,0.843953554233928,0.15604644576607196,1.6058000000000003,0.39999999999999997,3.0,0.0,494.0,0.25,-2.0,-3.0,-1.0,290.53,2.429,290.53,0.8418988845208819,-2
2024-10-10,Burkina Faso,Burundi,4-1,,,1.9354000000000002,0.5139999999999999,0.57,0.43,7.0,3.0,6.0,4.0,2.0,4.0,17.0,21.0,2.0,3.0,1387.5,1101.79,4.42,0.377,2024.0,0.83,376.0,0.73,219.0,4,1,1,3,1,3,0,0.7901526904548053,0.2098473095451947,0.7,0.30000000000000004,0.6,0.4,0.4,0.6,0.6319327731092437,0.3680672268907563,0.8,0.19999999999999996,0.5573878495474613,0.44261215045253866,0.9214092140921409,0.07859078590785906,1.4214000000000002,0.13999999999999996,4.0,2.0,157.0,0.09999999999999998,-2.0,-4.0,-1.0,285.71000000000004,4.043,285.71000000000004,0.8381706002049653,-2
2024-10-10,Ghana,Sudán,0-0,,,1.8552000000000002,0.976,0.63,0.37,7.0,4.0,16.0,1.0,1.0,2.0,16.0,12.0,4.0,7.0,1360.43,1154.5,9.01,0.121,2024.0,0.82,331.0,0.71,206.0,0,0,X,0,0,1,1,0.6552698502401809,0.3447301497598191,0.6363636363636364,0.36363636363636365,0.9411764705882353,0.05882352941176472,0.36363636363636365,0.6363636363636364,0.6163873370577281,0.3836126629422719,0.5,0.5,0.5409414973776606,0.4590585026223394,0.9867484393823239,0.013251560617676073,0.8792000000000002,0.26,3.0,15.0,125.0,0.10999999999999999,-1.0,4.0,-3.0,205.93000000000006,8.889,205.93000000000006,0.765922435084174,-2
2024-10-10,RD Congo,Tanzania,1-0,,,0.6587999999999999,0.5419999999999998,0.49,0.51,1.0,0.0,1.0,3.0,3.0,2.0,19.0,21.0,0.0,0.0,1416.91,1188.24,5.53,0.361,2024.0,0.8,311.0,0.79,328.0,1,0,1,1,1,3,0,0.5486342438374419,0.45136575616255814,1.0,0.0,0.25,0.75,0.5,0.5,0.486697965571205,0.5133020344287951,1.0,0.0,0.543888067865574,0.456111932134426,0.9387200814802241,0.06127991851977588,0.11680000000000013,-0.020000000000000018,1.0,-2.0,-17.0,0.010000000000000009,1.0,-2.0,0.0,228.67000000000007,5.1690000000000005,228.67000000000007,0.7885705216651083,-1
2024-10-10,Namibia,Zimbabue,0-1,,,1.0969999999999995,1.5622,0.56,0.44,5.0,5.0,4.0,2.0,2.0,1.0,13.0,13.0,4.0,5.0,1201.3,1134.99,0.09,1.21,2024.0,0.76,313.0,0.68,224.0,0,1,2,-1,0,0,3,0.41253008423586035,0.5874699157641396,0.5,0.5,0.6666666666666666,0.33333333333333337,0.4444444444444444,0.5555555555555556,0.5828677839851024,0.4171322160148976,0.0,1.0,0.5141913033056684,0.4858086966943316,0.06923076923076922,0.9307692307692308,-0.4652000000000005,0.12000000000000005,0.0,2.0,89.0,0.07999999999999996,1.0,0.0,-1.0,66.30999999999995,-1.1199999999999999,66.30999999999995,0.594285719515643,-1
2024-10-10,Uzbekistán,Irán,0-0,,,0.6324000000000001,1.1745999999999999,0.44,0.56,1.0,5.0,2.0,5.0,3.0,1.0,21.0,5.0,5.0,1.0,1413.06,1622.92,3.28,1.23,2024.0,0.78,316.0,0.75,394.0,0,0,X,0,0,1,1,0.349972329828445,0.650027670171555,0.16666666666666666,0.8333333333333334,0.2857142857142857,0.7142857142857143,0.8333333333333334,0.16666666666666663,0.4450704225352113,0.5549295774647887,0.5,0.5,0.46543784873418137,0.5345621512658186,0.7272727272727273,0.2727272727272727,-0.5421999999999998,-0.12000000000000005,-4.0,-3.0,-78.0,0.030000000000000027,2.0,16.0,4.0,-209.86000000000013,2.05,-209.86000000000013,0.23004603805319782,1
2024-10-10,Jordania,Corea del Sur,0-2,,,0.5467999999999998,1.5534000000000003,0.24,0.76,2.0,5.0,2.0,2.0,1.0,0.0,13.0,7.0,3.0,2.0,1377.52,1572.61,0.781,5.35,2024.0,0.73,185.0,0.9,723.0,0,2,2,-2,0,0,3,0.26035615655651834,0.7396438434434817,0.2857142857142857,0.7142857142857143,0.5,0.5,0.6,0.4,0.20374449339207049,0.7962555066079295,0.0,1.0,0.46693535539111836,0.5330646446088816,0.12738541836568262,0.8726145816343174,-1.0066000000000006,-0.52,-3.0,0.0,-538.0,-0.17000000000000004,1.0,6.0,1.0,-195.08999999999992,-4.569,-195.08999999999992,0.24544999445868332,1
2024-10-10,Argelia,Togo,5-1,,,2.7705999999999995,0.9102,0.67,0.33,8.0,4.0,9.0,4.0,1.0,3.0,18.0,9.0,3.0,3.0,1486.03,1158.81,9.88,1.11,2024.0,0.87,522.0,0.77,258.0,5,1,1,4,1,3,0,0.752716800695501,0.24728319930449905,0.6666666666666666,0.33333333333333337,0.6923076923076923,0.3076923076923077,0.5,0.5,0.6692307692307692,0.3307692307692308,0.8333333333333334,0.16666666666666663,0.5618600747115137,0.43813992528848633,0.8989990900818927,0.10100090991810728,1.8603999999999994,0.34,4.0,5.0,264.0,0.09999999999999998,-2.0,9.0,0.0,327.22,8.770000000000001,327.22,0.8680274893103753,-2
2024-10-10,Omán,Kuwait,4-0,,,2.3128000000000006,0.23099999999999996,0.64,0.36,8.0,1.0,7.0,2.0,0.0,2.0,13.0,8.0,1.0,4.0,1309.27,1111.62,0.297,0.176,2024.0,0.91,587.0,0.82,273.0,4,0,1,4,1,3,0,0.9091909741331866,0.09080902586681339,0.8888888888888888,0.11111111111111116,0.7777777777777778,0.2222222222222222,0.2,0.8,0.6825581395348838,0.31744186046511624,1.0,0.0,0.5408217638967487,0.45917823610325126,0.627906976744186,0.37209302325581395,2.0818000000000008,0.28,7.0,5.0,314.0,0.09000000000000008,-2.0,5.0,-3.0,197.6500000000001,0.121,197.6500000000001,0.75726902811917,-1
2024-10-10,Catar,Kirguistán,3-1,,,2.2182000000000004,0.5516000000000002,0.64,0.36,8.0,3.0,10.0,3.0,2.0,2.0,4.0,19.0,2.0,5.0,1481.69,1201.11,0.766,0.271,2024.0,0.92,483.0,0.79,245.0,3,1,1,2,1,3,0,0.8008520470792115,0.19914795292078846,0.7272727272727273,0.2727272727272727,0.7692307692307693,0.23076923076923073,0.2857142857142857,0.7142857142857143,0.6634615384615384,0.33653846153846156,0.75,0.25,0.552292381094379,0.44770761890562105,0.7386692381870782,0.2613307618129218,1.6666000000000003,0.28,5.0,7.0,238.0,0.13,0.0,-15.0,-3.0,280.58000000000015,0.495,280.58000000000015,0.8341249356498119,-1
2024-10-10,Bahréin,Indonesia,2-2,,,1.6742000000000001,1.3621999999999996,0.58,0.42,5.0,5.0,7.0,1.0,2.0,3.0,10.0,30.0,3.0,3.0,1315.49,1124.17,0.256,0.85,2024.0,0.78,327.0,0.72,249.0,2,2,X,0,0,1,1,0.5513766302199975,0.4486233697800025,0.5,0.5,0.875,0.125,0.5,0.5,0.5677083333333334,0.43229166666666663,0.5,0.5,0.5392103817745096,0.46078961822549036,0.23146473779385174,0.7685352622061483,0.3120000000000005,0.15999999999999998,0.0,6.0,78.0,0.06000000000000005,-1.0,-20.0,0.0,191.31999999999994,-0.594,191.31999999999994,0.7505085598552313,-1
2024-10-10,Irak,Palestina,1-0,,,1.003,0.43779999999999997,0.61,0.39,2.0,1.0,7.0,2.0,2.0,3.0,17.0,12.0,1.0,1.0,1435.9,1228.99,0.815,0.343,2024.0,0.85,465.0,0.78,281.0,1,0,1,1,1,3,0,0.6961410327595781,0.30385896724042194,0.6666666666666666,0.33333333333333337,0.7777777777777778,0.2222222222222222,0.5,0.5,0.6233243967828418,0.3766756032171582,1.0,0.0,0.5388214898175909,0.4611785101824091,0.7037996545768567,0.29620034542314333,0.5651999999999999,0.21999999999999997,1.0,5.0,184.0,0.06999999999999995,-1.0,5.0,0.0,206.91000000000008,0.4719999999999999,206.91000000000008,0.7669323253427798,-1
2024-10-10,Arabia Saudí,Japón,0-2,,,0.9887999999999999,1.1367999999999996,0.59,0.41,2.0,3.0,7.0,5.0,1.0,2.0,8.0,13.0,1.0,2.0,1433.16,1639.6,1.56,10.42,2024.0,0.87,561.0,0.85,408.0,0,2,2,-2,0,0,3,0.46518630033872793,0.534813699661272,0.4,0.6,0.5833333333333334,0.41666666666666663,0.3333333333333333,0.6666666666666667,0.5789473684210527,0.42105263157894735,0.0,1.0,0.46640805009177416,0.5335919499082258,0.1302170283806344,0.8697829716193656,-0.1479999999999997,0.18,-1.0,2.0,153.0,0.020000000000000018,-1.0,-5.0,-1.0,-206.43999999999983,-8.86,-206.43999999999983,0.2335516309434152,1
2024-10-10,Emiratos Árabes Unidos,Corea del Norte,1-1,,,0.6756000000000002,1.5086,0.57,0.43,1.0,7.0,5.0,5.0,2.0,1.0,14.0,16.0,6.0,0.0,1377.22,1183.02,1.21,0.236,2024.0,0.78,366.0,0.73,234.0,1,1,X,0,0,1,1,0.3093123340353448,0.6906876659646553,0.125,0.875,0.5,0.5,1.0,0.0,0.61,0.39,0.5,0.5,0.5379261319251321,0.46207386807486794,0.8367911479944675,0.16320885200553248,-0.8329999999999997,0.13999999999999996,-6.0,0.0,132.0,0.050000000000000044,1.0,-2.0,6.0,194.20000000000005,0.974,194.20000000000005,0.7535999203487596,-1
2024-10-11,Guinea Ecuatorial,Liberia,1-0,,,0.8492000000000002,0.48760000000000003,0.65,0.35,1.0,1.0,3.0,1.0,0.0,1.0,6.0,9.0,1.0,0.0,1250.57,1064.97,0.191,0.551,2024.0,0.79,377.0,0.61,153.0,1,0,1,1,1,3,0,0.6352483542788749,0.36475164572112506,0.5,0.5,0.75,0.25,1.0,0.0,0.7113207547169811,0.2886792452830189,1.0,0.0,0.5400770446634479,0.45992295533655214,0.2574123989218329,0.7425876010781671,0.36160000000000014,0.30000000000000004,0.0,2.0,224.0,0.18000000000000005,-1.0,-3.0,1.0,185.5999999999999,-0.36000000000000004,185.5999999999999,0.7442924226402794,-1
2024-10-11,Madagascar,Gambia,1-1,,,0.7618,1.5694000000000006,0.37,0.63,3.0,7.0,0.0,5.0,1.0,1.0,14.0,12.0,6.0,2.0,1196.56,1109.05,0.283,3.43,2024.0,0.75,216.0,0.84,396.0,1,1,X,0,0,1,1,0.32678448867536025,0.6732155113246397,0.3,0.7,0.0,1.0,0.75,0.25,0.35294117647058826,0.6470588235294117,0.5,0.5,0.5189776241428516,0.48102237585714835,0.0762186910853757,0.9237813089146243,-0.8076000000000005,-0.26,-4.0,-5.0,-180.0,-0.08999999999999997,0.0,2.0,4.0,87.50999999999999,-3.1470000000000002,87.50999999999999,0.623339732618585,-1
2024-10-11,Uganda,Sudán del Sur,1-0,,,1.7463999999999993,0.5751999999999999,0.68,0.32,4.0,2.0,6.0,1.0,1.0,2.0,11.0,16.0,2.0,3.0,1257.64,967.83,0.297,0.064,2024.0,0.8,427.0,0.67,161.0,1,0,1,1,1,3,0,0.7522398345968297,0.24776016540317025,0.6666666666666666,0.33333333333333337,0.8571428571428571,0.1428571428571429,0.4,0.6,0.7261904761904762,0.27380952380952384,1.0,0.0,0.5651120886823907,0.4348879113176093,0.8227146814404432,0.17728531855955676,1.1711999999999994,0.36000000000000004,2.0,5.0,266.0,0.13,-1.0,-5.0,-1.0,289.81000000000006,0.23299999999999998,289.81000000000006,0.8413464277586112,-1
2024-10-11,Mozambique,Eswatini,1-1,,,1.1703999999999999,1.0417999999999998,0.74,0.26,2.0,2.0,8.0,4.0,1.0,2.0,5.0,21.0,1.0,1.0,1226.03,1012.17,0.059,0.045,2024.0,0.83,395.0,0.68,134.0,1,1,X,0,0,1,1,0.5290660880571377,0.47093391194286227,0.5,0.5,0.6666666666666666,0.33333333333333337,0.5,0.5,0.7466918714555766,0.2533081285444234,0.5,0.5,0.5477749977660621,0.4522250022339379,0.5673076923076923,0.4326923076923077,0.12860000000000005,0.48,0.0,4.0,261.0,0.1499999999999999,-1.0,-16.0,0.0,213.86,0.013999999999999999,213.86,0.7740070398527683,-1
2024-10-11,Costa de Marfil,Sierra Leona,4-1,,,2.6080000000000005,1.0780000000000003,0.59,0.41,7.0,4.0,6.0,1.0,1.0,2.0,10.0,14.0,3.0,3.0,1509.12,1134.26,20.08,0.559,2024.0,0.91,511.0,0.86,326.0,4,1,1,3,1,3,0,0.7075420510037982,0.2924579489962018,0.6363636363636364,0.36363636363636365,0.8571428571428571,0.1428571428571429,0.5,0.5,0.6105137395459976,0.38948626045400236,0.8,0.19999999999999996,0.5709054316821645,0.42909456831783555,0.9729153544260865,0.027084645573913546,1.5300000000000002,0.18,3.0,5.0,185.0,0.050000000000000044,-1.0,-4.0,0.0,374.8599999999999,19.520999999999997,374.8599999999999,0.8964016908920991,-2
2024-10-11,Nigeria,Libia,1-0,,,2.2342,0.18079999999999996,0.65,0.35,7.0,0.0,6.0,0.0,0.0,2.0,12.0,7.0,0.0,6.0,1498.02,1153.97,7.48,0.533,2024.0,0.87,442.0,0.8,222.0,1,0,1,1,1,3,0,0.9251345755693582,0.07486542443064181,1.0,0.0,1.0,0.0,0.0,1.0,0.6656626506024096,0.3343373493975904,1.0,0.0,0.5648663833574034,0.43513361664259664,0.9334830899787845,0.06651691002121551,2.0534,0.30000000000000004,7.0,6.0,220.0,0.06999999999999995,-2.0,5.0,-6.0,344.04999999999995,6.947,344.04999999999995,0.8787356247949255,-2
2024-10-11,Zambia,Chad,0-0,,,1.1098000000000001,0.3929999999999999,0.62,0.38,3.0,1.0,4.0,0.0,0.0,3.0,12.0,14.0,1.0,3.0,1252.79,932.44,0.614,0.356,2024.0,0.88,455.0,0.76,200.0,0,0,X,0,0,1,1,0.7384881554431728,0.2615118445568272,0.75,0.25,1.0,0.0,0.25,0.75,0.6946564885496184,0.30534351145038163,0.5,0.5,0.5732989204797664,0.4267010795202336,0.6329896907216495,0.36701030927835054,0.7168000000000002,0.24,2.0,4.0,255.0,0.12,-3.0,-2.0,-2.0,320.3499999999999,0.258,320.3499999999999,0.8634308621211995,-1
2024-10-11,Angola,Níger,2-0,,,1.3512,0.2796,0.62,0.38,4.0,0.0,8.0,1.0,3.0,0.0,12.0,12.0,0.0,2.0,1281.09,1132.39,1.72,0.428,2024.0,1.62,398.0,0.71,211.0,2,0,1,2,1,3,0,0.828550404709345,0.17144959529065495,1.0,0.0,0.8888888888888888,0.11111111111111116,0.0,1.0,0.6535303776683087,0.3464696223316913,1.0,0.0,0.5308061388534399,0.46919386114656014,0.8007448789571694,0.1992551210428306,1.0715999999999999,0.24,4.0,7.0,187.0,0.9100000000000001,3.0,0.0,-2.0,148.69999999999982,1.292,148.69999999999982,0.7018213348039813,-1
2024-10-11,Egipto,Mauritania,2-0,,,2.2458,0.3447999999999999,0.67,0.33,7.0,1.0,8.0,8.0,3.0,3.0,15.0,10.0,1.0,5.0,1515.64,1179.04,4.48,1.01,2024.0,0.92,575.0,0.69,179.0,2,0,1,2,1,3,0,0.8669034200571297,0.13309657994287027,0.875,0.125,0.5,0.5,0.16666666666666666,0.8333333333333334,0.7625994694960212,0.2374005305039788,1.0,0.0,0.5624563955645939,0.4375436044354061,0.8160291438979964,0.1839708561020036,1.9010000000000002,0.34,6.0,0.0,396.0,0.2300000000000001,0.0,5.0,-4.0,336.60000000000014,3.4700000000000006,336.60000000000014,0.8740910319521997,-2
2024-10-11,Estonia,Azerbaiyán,3-1,,,1.62,1.73,0.33,0.67,4.0,5.0,0.0,8.0,2.0,0.0,18.0,3.0,4.0,1.0,1140.39,1173.15,0.516,0.706,2024.0,0.76,233.0,0.88,537.0,3,1,1,2,1,3,0,0.4835820895522388,0.5164179104477612,0.4444444444444444,0.5555555555555556,0.0,1.0,0.8,0.19999999999999996,0.3025974025974026,0.6974025974025975,0.75,0.25,0.49291994086983587,0.5070800591301641,0.42225859247135844,0.5777414075286416,-0.10999999999999988,-0.34,-1.0,-8.0,-304.0,-0.12,2.0,15.0,3.0,-32.75999999999999,-0.18999999999999995,-32.75999999999999,0.4529937947811571,1
2024-10-11,Camerún,Kenia,4-1,,,1.8014,0.5017999999999998,0.59,0.41,5.0,2.0,3.0,1.0,1.0,1.0,12.0,13.0,1.0,1.0,1458.51,1208.96,8.28,0.135,2024.0,0.89,520.0,0.86,311.0,4,1,1,3,1,3,0,0.782129211531782,0.21787078846821795,0.7142857142857143,0.2857142857142857,0.75,0.25,0.5,0.5,0.6257521058965102,0.3742478941034898,0.8,0.19999999999999996,0.5467765335692623,0.45322346643073774,0.983957219251337,0.016042780748663055,1.2996,0.18,3.0,2.0,209.0,0.030000000000000027,0.0,-1.0,0.0,249.54999999999995,8.145,249.54999999999995,0.8079159935633435,-1
2024-10-11,Benín,Ruanda,3-0,,,1.5462000000000002,0.46400000000000013,0.34,0.66,7.0,1.0,5.0,4.0,2.0,4.0,16.0,15.0,1.0,4.0,1257.69,1123.32,0.723,0.232,2024.0,0.74,181.0,0.82,411.0,3,0,1,3,1,3,0,0.7691771962988758,0.23082280370112418,0.875,0.125,0.5555555555555556,0.4444444444444444,0.2,0.8,0.30574324324324326,0.6942567567567568,1.0,0.0,0.528217017148185,0.47178298285181497,0.7570680628272252,0.24293193717277484,1.0822,-0.32,6.0,1.0,-230.0,-0.07999999999999996,-2.0,1.0,-3.0,134.37000000000012,0.491,134.37000000000012,0.6842766409046821,-1
2024-10-11,Sudáfrica,Congo,5-0,,,3.3270000000000017,0.5244,0.62,0.38,8.0,3.0,4.0,3.0,3.0,0.0,17.0,11.0,3.0,3.0,1415.07,1160.33,1.89,0.111,2024.0,0.89,479.0,0.8,235.0,5,0,1,5,1,3,0,0.8638417198940646,0.13615828010593545,0.7272727272727273,0.2727272727272727,0.5714285714285714,0.4285714285714286,0.5,0.5,0.6708683473389355,0.3291316526610645,1.0,0.0,0.5494563951230877,0.45054360487691225,0.9445277361319341,0.05547226386806592,2.8026000000000018,0.24,5.0,1.0,244.0,0.08999999999999997,3.0,6.0,0.0,254.74,1.779,254.74,0.8125097875359626,-2
2024-10-11,Túnez,Comores,0-1,,,1.4063999999999999,0.6998000000000003,0.71,0.29,4.0,2.0,15.0,3.0,1.0,2.0,14.0,19.0,1.0,4.0,1504.86,1159.64,2.69,0.667,2024.0,0.85,532.0,0.74,217.0,0,1,2,-1,0,0,3,0.6677428544297785,0.33225714557022146,0.6666666666666666,0.33333333333333337,0.8333333333333334,0.16666666666666663,0.2,0.8,0.7102803738317757,0.28971962616822433,0.0,1.0,0.5647813848752111,0.4352186151247889,0.8013106940720881,0.1986893059279119,0.7065999999999996,0.42,2.0,12.0,315.0,0.10999999999999999,-1.0,-5.0,-3.0,345.2199999999998,2.0229999999999997,345.2199999999998,0.8794514796872482,-2
2024-10-11,Senegal,Malaui,4-0,,,2.8362000000000007,0.07120000000000001,0.72,0.28,7.0,0.0,11.0,0.0,0.0,2.0,7.0,8.0,0.0,3.0,1620.87,1117.42,18.39,0.075,2024.0,0.86,611.0,0.66,178.0,4,0,1,4,1,3,0,0.9755107656325238,0.024489234367476187,1.0,0.0,1.0,0.0,0.0,1.0,0.7743979721166033,0.22560202788339667,1.0,0.0,0.5919278089610669,0.4080721910389331,0.9959382615759546,0.004061738424045447,2.7650000000000006,0.43999999999999995,7.0,11.0,433.0,0.19999999999999996,-2.0,-1.0,-3.0,503.4499999999998,18.315,503.4499999999998,0.9477519955738016,-3
2024-10-11,Mali,Guinea-Bisáu,1-0,,,1.6244,0.4010000000000001,0.53,0.47,6.0,0.0,6.0,3.0,0.0,3.0,14.0,22.0,0.0,5.0,1455.16,1166.02,4.32,1.64,2024.0,0.76,286.0,0.7,214.0,1,0,1,1,1,3,0,0.8020144169053026,0.19798558309469738,1.0,0.0,0.6666666666666666,0.33333333333333337,0.0,1.0,0.572,0.42800000000000005,1.0,0.0,0.5551545487147009,0.44484545128529906,0.7248322147651007,0.27516778523489926,1.2234,0.06000000000000005,6.0,3.0,72.0,0.06000000000000005,-3.0,-8.0,-5.0,289.1400000000001,2.6800000000000006,289.1400000000001,0.8408309299740115,-2
2024-10-11,Gabón,Lesoto,0-0,,,1.6857999999999997,0.40179999999999993,0.76,0.24,4.0,1.0,3.0,4.0,0.0,7.0,5.0,21.0,1.0,4.0,1292.88,1034.02,1.01,0.025,2024.0,0.85,519.0,0.69,159.0,0,0,X,0,0,1,1,0.8075301781950566,0.19246982180494343,0.8,0.19999999999999996,0.42857142857142855,0.5714285714285714,0.2,0.8,0.7654867256637168,0.23451327433628322,0.5,0.5,0.5556233615539989,0.44437663844600106,0.9758454106280194,0.02415458937198056,1.2839999999999998,0.52,3.0,-1.0,360.0,0.16000000000000003,-7.0,-16.0,-3.0,258.8600000000001,0.985,258.8600000000001,0.8160959745088527,-1
2024-10-11,Eslovaquia,Suecia,2-2,,,1.83,1.95,0.46,0.54,5.0,8.0,5.0,7.0,4.0,2.0,14.0,18.0,6.0,3.0,1485.89,1528.18,2.3,15.62,2024.0,0.74,261.0,0.78,315.0,2,2,X,0,0,1,1,0.48412698412698413,0.5158730158730158,0.38461538461538464,0.6153846153846154,0.4166666666666667,0.5833333333333333,0.6666666666666666,0.33333333333333337,0.453125,0.546875,0.5,0.5,0.492984569037879,0.507015430962121,0.1283482142857143,0.8716517857142857,-0.11999999999999988,-0.08000000000000002,-3.0,-2.0,-54.0,-0.040000000000000036,2.0,-4.0,3.0,-42.289999999999964,-13.32,-42.289999999999964,0.4394385924741785,1
2024-10-11,Bosnia-Herzegovina,Alemania,1-2,,,0.45,1.81,0.26,0.74,1.0,4.0,3.0,2.0,5.0,1.0,10.0,9.0,2.0,0.0,1332.39,1692.19,5.63,36.42,2024.0,0.65,164.0,0.89,626.0,1,2,2,-1,0,0,3,0.1991150442477876,0.8008849557522124,0.2,0.8,0.6,0.4,1.0,0.0,0.20759493670886076,0.7924050632911392,0.3333333333333333,0.6666666666666667,0.44052066733232387,0.5594793326676761,0.13388822829964325,0.8661117717003568,-1.36,-0.48,-3.0,1.0,-462.0,-0.24,4.0,1.0,2.0,-359.79999999999995,-30.790000000000003,-359.79999999999995,0.11193015920826802,2
2024-10-11,Hungría,Países Bajos,1-1,,,0.35,0.95,0.26,0.74,1.0,4.0,2.0,5.0,2.0,2.0,19.0,8.0,3.0,0.0,1511.06,1759.95,7.21,29.01,2024.0,0.69,173.0,0.9,630.0,1,1,X,0,0,1,1,0.2692307692307693,0.7307692307692307,0.2,0.8,0.2857142857142857,0.7142857142857143,1.0,0.0,0.21544209215442092,0.7845579078455791,0.5,0.5,0.4619551759242558,0.5380448240757443,0.19906129210381004,0.8009387078961899,-0.6,-0.48,-3.0,-3.0,-457.0,-0.21000000000000008,0.0,11.0,3.0,-248.8900000000001,-21.8,-248.8900000000001,0.19267429569427819,1
2024-10-11,Islandia,Gales,2-2,,,1.03,2.43,0.41,0.59,4.0,6.0,4.0,1.0,2.0,5.0,16.0,8.0,4.0,2.0,1355.75,1526.53,3.71,6.69,2024.0,0.8,262.0,0.85,404.0,2,2,X,0,0,1,1,0.2976878612716763,0.7023121387283238,0.4,0.6,0.8,0.19999999999999996,0.6666666666666666,0.33333333333333337,0.3933933933933934,0.6066066066066066,0.5,0.5,0.4703741482437515,0.5296258517562484,0.35673076923076924,0.6432692307692307,-1.4000000000000001,-0.18,-2.0,3.0,-142.0,-0.04999999999999993,-3.0,8.0,2.0,-170.77999999999997,-2.9800000000000004,-170.77999999999997,0.27227934707671203,1
2024-10-11,República Checa,Albania,2-0,,,1.49,0.28,0.61,0.39,5.0,2.0,4.0,3.0,1.0,1.0,15.0,12.0,2.0,3.0,1473.19,1377.91,7.24,3.42,2024.0,0.83,434.0,0.8,273.0,2,0,1,2,1,3,0,0.8418079096045198,0.1581920903954802,0.7142857142857143,0.2857142857142857,0.5714285714285714,0.4285714285714286,0.4,0.6,0.6138613861386139,0.38613861386138615,1.0,0.0,0.5167093402546385,0.48329065974536145,0.6791744840525329,0.3208255159474671,1.21,0.21999999999999997,3.0,1.0,161.0,0.029999999999999916,0.0,3.0,-1.0,95.27999999999997,3.8200000000000003,95.27999999999997,0.6337818855559608,0
2024-10-11,Turquía,Montenegro,1-0,,,2.99,0.62,0.64,0.36,9.0,3.0,6.0,5.0,3.0,2.0,19.0,10.0,3.0,8.0,1538.52,1332.68,18.22,2.48,2024.0,0.88,429.0,0.75,207.0,1,0,1,1,1,3,0,0.8282548476454293,0.17174515235457066,0.75,0.25,0.5454545454545454,0.4545454545454546,0.2727272727272727,0.7272727272727273,0.6745283018867925,0.32547169811320753,1.0,0.0,0.5358456394538869,0.46415436054611314,0.8801932367149758,0.11980676328502415,2.37,0.28,6.0,1.0,222.0,0.13,1.0,9.0,-5.0,205.83999999999992,15.739999999999998,205.83999999999992,0.7658295378860248,-2
2024-10-11,Ucrania,Georgia,1-0,,,0.57,0.68,0.41,0.59,2.0,4.0,3.0,7.0,4.0,4.0,11.0,9.0,4.0,1.0,1548.29,1378.22,9.88,9.65,2024.0,0.77,272.0,0.86,433.0,1,0,1,1,1,3,0,0.45599999999999996,0.544,0.3333333333333333,0.6666666666666667,0.3,0.7,0.8,0.19999999999999996,0.38581560283687943,0.6141843971631206,1.0,0.0,0.5290567946120122,0.47094320538798784,0.5058883768561188,0.49411162314388124,-0.1100000000000001,-0.18,-2.0,-4.0,-161.0,-0.08999999999999997,0.0,2.0,3.0,170.06999999999994,0.23000000000000043,170.06999999999994,0.7269100704027386,-1
2024-10-11,Guadalupe,Martinica,0-1,,,2.594200000000001,1.7728,0.48,0.52,12.0,7.0,7.0,3.0,1.0,1.0,14.0,15.0,6.0,12.0,1130.896,1233.4535999999998,0.548,0.18,2024.0,0.9,345.0,0.89,393.0,0,1,2,-1,0,0,3,0.5940462560109917,0.4059537439890083,0.631578947368421,0.368421052631579,0.7,0.30000000000000004,0.3333333333333333,0.6666666666666667,0.46747967479674796,0.532520325203252,0.0,1.0,0.4783116676146371,0.5216883323853629,0.7527472527472528,0.24725274725274715,0.8214000000000012,-0.040000000000000036,5.0,4.0,-48.0,0.010000000000000009,0.0,-1.0,-6.0,-102.55759999999987,0.36800000000000005,-102.55759999999987,0.3565501925155033,1
2024-10-11,Nicaragua,Jamaica,0-2,,,1.8140000000000007,1.3990000000000002,0.46,0.54,8.0,4.0,7.0,1.0,1.0,3.0,19.0,14.0,2.0,8.0,1118.04,1402.95,0.172,0.377,2024.0,0.82,291.0,0.9,369.0,0,2,2,-2,0,0,3,0.5645813881107999,0.43541861188920006,0.6666666666666666,0.33333333333333337,0.875,0.125,0.2,0.8,0.4409090909090909,0.5590909090909091,0.0,1.0,0.4434924374947937,0.5565075625052063,0.3132969034608379,0.6867030965391621,0.4150000000000005,-0.08000000000000002,4.0,6.0,-78.0,-0.08000000000000007,-2.0,5.0,-6.0,-284.9100000000001,-0.20500000000000002,-284.9100000000001,0.16245502124549405,2
2024-10-12,Polonia,Portugal,1-3,,,0.89,3.01,0.37,0.63,4.0,6.0,7.0,4.0,4.0,1.0,12.0,16.0,3.0,3.0,1525.08,1752.14,8.91,38.67,2024.0,0.88,306.0,0.91,570.0,1,3,2,-2,0,0,3,0.22820512820512823,0.7717948717948717,0.4,0.6,0.6363636363636364,0.36363636363636365,0.5,0.5,0.3493150684931507,0.6506849315068493,0.25,0.75,0.4653578337737472,0.5346421662262528,0.18726355611601514,0.8127364438839848,-2.1199999999999997,-0.26,-2.0,3.0,-264.0,-0.030000000000000027,3.0,-4.0,0.0,-227.06000000000017,-29.76,-227.06000000000017,0.21297882137395988,0
2024-10-12,Serbia,Suiza,2-0,,,0.66,1.6,0.33,0.67,4.0,4.0,3.0,7.0,3.0,2.0,12.0,11.0,4.0,2.0,1505.08,1641.0,7.76,12.79,2024.0,0.78,227.0,0.87,521.0,2,0,1,2,1,3,0,0.2920353982300885,0.7079646017699115,0.5,0.5,0.3,0.7,0.6666666666666666,0.33333333333333337,0.303475935828877,0.696524064171123,1.0,0.0,0.4783985149773686,0.5216014850226314,0.37761557177615573,0.6223844282238442,-0.9400000000000001,-0.34,0.0,-4.0,-294.0,-0.08999999999999997,1.0,1.0,2.0,-135.92000000000007,-5.029999999999999,-135.92000000000007,0.31379889655032983,1
2024-10-12,Bielorrusia,Irlanda del Norte,0-0,,,0.35,1.15,0.38,0.62,2.0,7.0,3.0,7.0,2.0,1.0,16.0,18.0,7.0,2.0,1229.07,1339.64,0.641,3.47,2024.0,0.76,236.0,0.84,406.0,0,0,X,0,0,1,1,0.2333333333333333,0.7666666666666667,0.2222222222222222,0.7777777777777778,0.3,0.7,0.7777777777777778,0.2222222222222222,0.367601246105919,0.632398753894081,0.5,0.5,0.4784775237375959,0.5215224762624041,0.15592313305765018,0.8440768669423498,-0.7999999999999999,-0.24,-5.0,-4.0,-170.0,-0.07999999999999996,1.0,-2.0,5.0,-110.57000000000016,-2.829,-110.57000000000016,0.3460399384166635,0
2024-10-12,Chipre,Rumanía,0-3,,,1.04,2.14,0.42,0.58,4.0,9.0,4.0,6.0,4.0,2.0,11.0,14.0,6.0,4.0,1137.06,1481.4,0.737,2.37,2024.0,0.81,291.0,0.86,432.0,0,3,2,-3,0,0,3,0.3270440251572327,0.6729559748427674,0.3076923076923077,0.6923076923076923,0.4,0.6,0.6,0.4,0.4024896265560166,0.5975103734439834,0.0,1.0,0.4342476111913109,0.565752388808689,0.23720630833601544,0.7627936916639846,-1.1,-0.15999999999999998,-5.0,-2.0,-141.0,-0.04999999999999993,2.0,-3.0,2.0,-344.34000000000015,-1.633,-344.34000000000015,0.12108660025519506,2
2024-10-12,Bulgaria,Luxemburgo,0-0,,,0.31,0.78,0.55,0.45,3.0,0.0,6.0,3.0,6.0,5.0,12.0,19.0,0.0,3.0,1302.68,1261.95,1.2,0.639,2024.0,0.71,296.0,0.71,244.0,0,0,X,0,0,1,1,0.2844036697247706,0.7155963302752294,1.0,0.0,0.6666666666666666,0.33333333333333337,0.0,1.0,0.5481481481481482,0.45185185185185184,0.5,0.5,0.5079407165945965,0.4920592834054035,0.6525285481239804,0.3474714518760196,-0.47000000000000003,0.10000000000000003,3.0,3.0,52.0,0.0,1.0,-7.0,-3.0,40.73000000000002,0.5609999999999999,40.73000000000002,0.558348134356332,0
2024-10-12,Croacia,Escocia,2-1,,,1.25,0.91,0.51,0.49,6.0,2.0,3.0,2.0,2.0,2.0,14.0,7.0,1.0,4.0,1699.6,1461.75,14.9,6.55,2024.0,0.9,498.0,0.86,453.0,2,1,1,1,1,3,0,0.5787037037037037,0.4212962962962963,0.75,0.25,0.6,0.4,0.2,0.8,0.5236593059936908,0.4763406940063092,0.6666666666666666,0.33333333333333337,0.537618422509371,0.462381577490629,0.6946386946386947,0.30536130536130535,0.33999999999999997,0.020000000000000018,4.0,1.0,45.0,0.040000000000000036,0.0,7.0,-3.0,237.8499999999999,8.350000000000001,237.8499999999999,0.7972467748953145,-1
2024-10-12,Lituania,Kosovo,1-2,,,0.94,0.75,0.52,0.48,2.0,4.0,3.0,4.0,2.0,3.0,13.0,14.0,2.0,1.0,1090.89,1205.96,0.703,5.46,2024.0,0.78,368.0,0.77,328.0,1,2,2,-1,0,0,3,0.5562130177514792,0.44378698224852076,0.3333333333333333,0.6666666666666667,0.42857142857142855,0.5714285714285714,0.6666666666666666,0.33333333333333337,0.5287356321839081,0.47126436781609193,0.3333333333333333,0.6666666666666667,0.4749504756514356,0.5250495243485644,0.11406782411163394,0.885932175888366,0.18999999999999995,0.040000000000000036,-2.0,-1.0,40.0,0.010000000000000009,-1.0,-1.0,1.0,-115.06999999999994,-4.757,-115.06999999999994,0.34020155154276815,1
2024-10-12,España,Dinamarca,1-0,,,1.64,0.1,0.61,0.39,6.0,1.0,4.0,4.0,1.0,4.0,9.0,17.0,1.0,5.0,1836.42,1621.7,47.03,15.87,2024.0,0.91,576.0,0.82,329.0,1,0,1,1,1,3,0,0.9425287356321839,0.05747126436781613,0.8571428571428571,0.1428571428571429,0.5,0.5,0.16666666666666666,0.8333333333333334,0.63646408839779,0.36353591160221,1.0,0.0,0.5310457705342788,0.4689542294657212,0.7476947535771066,0.2523052464228934,1.5399999999999998,0.21999999999999997,5.0,0.0,247.0,0.09000000000000008,-3.0,-8.0,-4.0,214.72000000000003,31.160000000000004,214.72000000000003,0.7748718173267037,0
2024-10-12,Guyana,Guatemala,1-3,,,1.6123999999999998,1.4211999999999998,0.5,0.5,6.0,4.0,8.0,3.0,0.0,2.0,4.0,7.0,1.0,5.0,1019.99,1200.43,0.06,0.338,2024.0,0.9,244.0,0.89,244.0,1,3,2,-2,0,0,3,0.5315137130801687,0.4684862869198313,0.6,0.4,0.7272727272727273,0.2727272727272727,0.16666666666666666,0.8333333333333334,0.5,0.5,0.25,0.75,0.45936804748651155,0.5406319525134884,0.1507537688442211,0.8492462311557789,0.19120000000000004,0.0,2.0,5.0,0.0,0.010000000000000009,-2.0,-3.0,-4.0,-180.44000000000005,-0.278,-180.44000000000005,0.26140165379862146,1
2024-10-12,Marruecos,República Centroafricana,5-0,,,2.9170000000000003,0.21159999999999993,0.75,0.25,7.0,1.0,2.0,2.0,2.0,2.0,16.0,22.0,1.0,2.0,1676.14,1130.7,17.22,0.336,2024.0,0.91,622.0,0.7,155.0,5,0,1,5,1,3,0,0.9323659144665346,0.0676340855334654,0.875,0.125,0.5,0.5,0.3333333333333333,0.6666666666666667,0.8005148005148005,0.1994851994851995,1.0,0.0,0.5971626455373302,0.40283735446266977,0.9808612440191389,0.019138755980861122,2.7054000000000005,0.5,6.0,0.0,467.0,0.21000000000000008,0.0,-6.0,-1.0,545.44,16.884,545.44,0.9585051269518158,-3
2024-10-12,Guinea,Etiopía,4-1,,,1.6924000000000001,1.2658,0.5,0.5,6.0,5.0,4.0,1.0,0.0,2.0,22.0,11.0,4.0,2.0,1298.3,1063.44,2.47,0.126,2024.0,0.83,407.0,0.84,449.0,4,1,1,3,1,3,0,0.5721046582381177,0.42789534176188226,0.5454545454545454,0.4545454545454546,0.8,0.19999999999999996,0.6666666666666666,0.33333333333333337,0.47546728971962615,0.5245327102803738,0.8,0.19999999999999996,0.5497218152717912,0.4502781847282088,0.9514637904468414,0.04853620955315863,0.4266000000000001,0.0,1.0,3.0,-42.0,-0.010000000000000009,-2.0,11.0,2.0,234.8599999999999,2.3440000000000003,234.8599999999999,0.7944503428237489,-1
2024-10-12,Surinam,Costa Rica,1-1,,,0.8045999999999998,0.4411999999999999,0.64,0.36,2.0,1.0,5.0,3.0,2.0,2.0,13.0,10.0,0.0,1.0,1094.39,1466.08,1.38,1.34,2024.0,0.92,496.0,0.85,190.0,1,1,X,0,0,1,1,0.6458500561887944,0.35414994381120557,0.6666666666666666,0.33333333333333337,0.625,0.375,0.0,1.0,0.7230320699708455,0.27696793002915454,0.5,0.5,0.42741762254586074,0.5725823774541392,0.5073529411764706,0.49264705882352944,0.36339999999999983,0.28,1.0,2.0,306.0,0.07000000000000006,0.0,3.0,-1.0,-371.6899999999998,0.039999999999999813,-371.6899999999998,0.1053052208084145,2
2024-10-13,Austria,Noruega,5-1,,,2.28,0.8,0.66,0.34,10.0,1.0,3.0,1.0,1.0,3.0,8.0,8.0,0.0,5.0,1580.37,1472.16,9.43,22.69,2024.0,0.88,503.0,0.77,230.0,5,1,1,4,1,3,0,0.7402597402597402,0.2597402597402598,0.9090909090909091,0.09090909090909094,0.75,0.25,0.0,1.0,0.6862210095497954,0.31377899045020463,0.8333333333333334,0.16666666666666663,0.5177246415268646,0.4822753584731354,0.29358655043586546,0.7064134495641345,1.4799999999999998,0.32,9.0,2.0,273.0,0.10999999999999999,-2.0,0.0,-5.0,108.20999999999981,-13.260000000000002,108.20999999999981,0.6508793731729097,-1
2024-10-13,Grecia,Irlanda,2-0,,,2.15,0.74,0.55,0.45,7.0,2.0,5.0,5.0,2.0,0.0,14.0,17.0,2.0,5.0,1469.18,1394.63,11.02,5.44,2024.0,0.83,393.0,0.8,304.0,2,0,1,2,1,3,0,0.7439446366782008,0.25605536332179923,0.7777777777777778,0.2222222222222222,0.5,0.5,0.2857142857142857,0.7142857142857143,0.563845050215208,0.43615494978479197,1.0,0.0,0.5130158774499705,0.48698412255002954,0.6695018226002429,0.33049817739975706,1.41,0.10000000000000003,5.0,0.0,89.0,0.029999999999999916,2.0,-3.0,-3.0,74.54999999999995,5.579999999999999,74.54999999999995,0.6056693158854702,0
2024-10-13,Islas Feroe,Letonia,1-1,,,1.14,1.48,0.61,0.39,4.0,4.0,5.0,1.0,2.0,1.0,11.0,12.0,3.0,3.0,1089.51,1097.98,0.222,0.329,2024.0,0.86,499.0,0.78,282.0,1,1,X,0,0,1,1,0.43511450381679384,0.5648854961832062,0.5,0.5,0.8333333333333334,0.16666666666666663,0.5,0.5,0.6389244558258643,0.3610755441741357,0.5,0.5,0.49806399114967387,0.5019360088503262,0.4029038112522686,0.5970961887477314,-0.3400000000000001,0.21999999999999997,0.0,4.0,217.0,0.07999999999999996,1.0,-1.0,0.0,-8.470000000000027,-0.10700000000000001,-8.470000000000027,0.4878131043617906,0
2024-10-13,Armenia,Macedonia del Norte,0-2,,,1.01,0.45,0.58,0.42,3.0,3.0,4.0,2.0,2.0,1.0,10.0,12.0,1.0,3.0,1230.43,1351.18,1.56,1.38,2024.0,0.85,419.0,0.76,278.0,0,2,2,-2,0,0,3,0.6917808219178082,0.3082191780821918,0.5,0.5,0.6666666666666666,0.33333333333333337,0.25,0.75,0.6011477761836442,0.39885222381635577,0.0,1.0,0.4766134311534275,0.5233865688465724,0.5306122448979592,0.4693877551020408,0.56,0.15999999999999998,0.0,2.0,141.0,0.08999999999999997,1.0,-2.0,-2.0,-120.75,0.18000000000000016,-120.75,0.3329010971057095,0
2024-10-13,Finlandia,Inglaterra,1-3,,,1.24,1.62,0.31,0.69,3.0,6.0,4.0,5.0,1.92,1.54,7.0,7.0,3.0,2.0,1384.36,1817.28,1.55,52.43,2024.0,0.82,291.0,0.92,753.0,1,3,2,-2,0,0,3,0.43356643356643354,0.5664335664335665,0.3333333333333333,0.6666666666666667,0.4444444444444444,0.5555555555555556,0.6,0.4,0.27873563218390807,0.7212643678160919,0.25,0.75,0.43239089966392225,0.5676091003360777,0.028714338643942204,0.9712856613560578,-0.3800000000000001,-0.37999999999999995,-3.0,-1.0,-462.0,-0.10000000000000009,0.3799999999999999,0.0,1.0,-432.9200000000001,-50.88,-432.9200000000001,0.07641471617477259,1
2024-10-13,Burundi,Burkina Faso,0-2,,,0.8888000000000004,1.2688000000000001,0.5,0.5,3.0,4.0,5.0,7.0,1.0,1.0,12.0,17.0,2.0,3.0,1101.79,1387.5,0.377,4.42,2024.0,0.78,294.0,0.73,259.0,0,2,2,-2,0,0,3,0.41193919169447546,0.5880608083055245,0.42857142857142855,0.5714285714285714,0.4166666666666667,0.5833333333333333,0.4,0.6,0.5316455696202531,0.4683544303797469,0.0,1.0,0.44261215045253866,0.5573878495474613,0.07859078590785909,0.9214092140921409,-0.3799999999999998,0.0,-1.0,-2.0,35.0,0.050000000000000044,0.0,-5.0,-1.0,-285.71000000000004,-4.043,-285.71000000000004,0.16182939979503477,2
2024-10-13,Liechtenstein,Gibraltar,0-0,,,0.91,0.19,0.6,0.4,2.0,1.0,1.0,2.0,3.0,3.0,17.0,10.0,1.0,2.0,827.19,842.4,0.026,0.073,2024.0,0.81,355.0,0.73,208.0,0,0,X,0,0,1,1,0.8272727272727273,0.17272727272727273,0.6666666666666666,0.33333333333333337,0.3333333333333333,0.6666666666666667,0.3333333333333333,0.6666666666666667,0.6305506216696269,0.36944937833037306,0.5,0.5,0.4954449894884373,0.5045550105115627,0.26262626262626265,0.7373737373737373,0.72,0.19999999999999996,1.0,-1.0,147.0,0.08000000000000007,0.0,7.0,-1.0,-15.209999999999923,-0.047,-15.209999999999923,0.47812502317136896,0
2024-10-13,Malta,Moldavia,1-0,,,2.12,0.33,0.63,0.37,4.0,1.0,3.0,4.0,3.0,3.0,9.0,25.0,1.0,3.0,971.89,1042.81,0.554,0.373,2024.0,0.83,477.0,0.7,233.0,1,0,1,1,1,3,0,0.8653061224489795,0.13469387755102047,0.8,0.19999999999999996,0.42857142857142855,0.5714285714285714,0.25,0.75,0.671830985915493,0.32816901408450705,1.0,0.0,0.4823993646696779,0.5176006353303221,0.5976267529665588,0.40237324703344124,1.79,0.26,3.0,-1.0,244.0,0.13,0.0,-16.0,-2.0,-70.91999999999996,0.18100000000000005,-70.91999999999996,0.3993322113608172,0
2024-10-13,Kazajistán,Eslovenia,0-1,,,0.31,0.58,0.52,0.48,3.0,4.0,5.0,4.0,4.0,1.0,12.0,8.0,3.0,3.0,1193.21,1462.98,0.652,4.02,2024.0,0.84,401.0,0.82,356.0,0,1,2,-1,0,0,3,0.34831460674157305,0.651685393258427,0.42857142857142855,0.5714285714285714,0.5555555555555556,0.4444444444444444,0.5,0.5,0.5297225891677675,0.4702774108322325,0.0,1.0,0.4492186176440691,0.5507813823559309,0.13955479452054795,0.860445205479452,-0.26999999999999996,0.040000000000000036,-1.0,1.0,45.0,0.020000000000000018,3.0,4.0,0.0,-269.77,-3.3679999999999994,-269.77,0.1746647923497066,1
2024-10-14,Georgia,Albania,0-1,,,1.33,0.55,0.64,0.36,3.0,4.0,11.0,3.0,1.0,3.0,11.0,10.0,3.0,3.0,1378.22,1377.91,9.65,3.42,2024.0,0.9,571.0,0.83,303.0,0,1,2,-1,0,0,3,0.7074468085106383,0.29255319148936165,0.42857142857142855,0.5714285714285714,0.7857142857142857,0.2142857142857143,0.5,0.5,0.6533180778032036,0.3466819221967964,0.0,1.0,0.5000562382761335,0.49994376172386645,0.7383320581484315,0.2616679418515685,0.78,0.28,-1.0,8.0,268.0,0.07000000000000006,-2.0,1.0,0.0,0.30999999999994543,6.23,0.30999999999994543,0.5004461257433787,0
2024-10-14,Zimbabue,Namibia,3-1,,,1.5934000000000006,0.6482000000000002,0.44,0.56,6.0,2.0,3.0,2.0,1.0,1.0,18.0,16.0,1.0,3.0,1134.99,1201.3,1.21,0.09,2024.0,0.68,196.0,0.73,282.0,3,1,1,2,1,3,0,0.7108315488936474,0.2891684511063526,0.75,0.25,0.6,0.4,0.25,0.75,0.4100418410041841,0.5899581589958158,0.75,0.25,0.48580869669433163,0.5141913033056684,0.9307692307692307,0.06923076923076932,0.9452000000000004,-0.12000000000000005,4.0,1.0,-86.0,-0.04999999999999993,0.0,2.0,-2.0,-66.30999999999995,1.1199999999999999,-66.30999999999995,0.405714280484357,1
2024-10-14,Alemania,Países Bajos,1-0,,,0.91,0.13,0.49,0.51,5.0,1.0,4.0,3.0,3.0,3.0,10.0,10.0,1.0,4.0,1692.19,1759.95,36.42,29.01,2024.0,0.86,427.0,0.86,453.0,1,0,1,1,1,3,0,0.875,0.125,0.8333333333333334,0.16666666666666663,0.5714285714285714,0.4285714285714286,0.2,0.8,0.48522727272727273,0.5147727272727273,1.0,0.0,0.4901857977949909,0.5098142022050092,0.5566254011921137,0.4433745988078863,0.78,-0.020000000000000018,4.0,1.0,-26.0,0.0,0.0,0.0,-3.0,-67.75999999999999,7.41,-67.75999999999999,0.4037033589831661,0
2024-10-14,Bélgica,Francia,1-2,,,2.69,1.49,0.46,0.54,7.0,4.0,9.0,4.0,3.0,6.0,10.0,14.0,2.0,6.0,1768.14,1851.92,21.06,58.58,2024.0,0.85,309.0,0.87,378.0,1,2,2,-1,0,0,3,0.6435406698564594,0.3564593301435406,0.6363636363636364,0.36363636363636365,0.6923076923076923,0.3076923076923077,0.25,0.75,0.4497816593886463,0.5502183406113537,0.3333333333333333,0.6666666666666667,0.4884283685905758,0.5115716314094242,0.26443997990959317,0.7355600200904069,1.2,-0.08000000000000002,3.0,5.0,-69.0,-0.020000000000000018,-3.0,-4.0,-4.0,-83.77999999999997,-37.519999999999996,-83.77999999999997,0.3817147195315396,0
2024-10-14,Gambia,Madagascar,1-0,,,0.9102,1.1634,0.38,0.62,3.0,3.0,4.0,4.0,2.0,2.0,19.0,17.0,3.0,2.0,1109.05,1196.56,3.43,0.283,2024.0,0.71,235.0,0.88,455.0,1,0,1,1,1,3,0,0.4389467592592593,0.5610532407407407,0.5,0.5,0.5,0.5,0.6,0.4,0.34057971014492755,0.6594202898550725,1.0,0.0,0.48102237585714847,0.5189776241428515,0.9237813089146243,0.07621869108537571,-0.2532,-0.24,0.0,0.0,-220.0,-0.17000000000000004,0.0,2.0,1.0,-87.50999999999999,3.1470000000000002,-87.50999999999999,0.376660267381415,1
2024-10-14,Italia,Israel,4-1,,,2.77,0.26,0.68,0.32,8.0,2.0,11.0,2.0,1.0,0.0,10.0,10.0,1.0,4.0,1726.31,1307.8,13.73,2.96,2024.0,0.92,561.0,0.8,227.0,4,1,1,3,1,3,0,0.9141914191419142,0.08580858085808585,0.8,0.19999999999999996,0.8461538461538461,0.15384615384615385,0.2,0.8,0.7119289340101523,0.28807106598984766,0.8,0.19999999999999996,0.5689675061220589,0.43103249387794107,0.8226482923906531,0.17735170760934693,2.51,0.36000000000000004,6.0,9.0,334.0,0.12,1.0,0.0,-3.0,418.51,10.77,418.51,0.9175214136230013,-2
2024-10-14,Gales,Montenegro,1-0,,,1.93,0.26,0.66,0.34,5.0,0.0,9.0,2.0,0.0,4.0,21.0,16.0,0.0,4.0,1526.53,1332.68,6.69,2.48,2024.0,0.88,507.0,0.73,210.0,1,0,1,1,1,3,0,0.8812785388127854,0.1187214611872146,1.0,0.0,0.8181818181818182,0.18181818181818177,0.0,1.0,0.7071129707112971,0.2928870292887029,1.0,0.0,0.5338992239115,0.4661007760885,0.7295528898582334,0.2704471101417666,1.67,0.32,5.0,7.0,297.0,0.15000000000000002,-4.0,5.0,-4.0,193.8499999999999,4.210000000000001,193.8499999999999,0.7532256139605938,-2
2024-10-14,Islandia,Turquía,2-4,,,1.11,3.03,0.36,0.64,7.0,12.0,4.0,6.0,3.0,3.0,12.0,9.0,8.0,5.0,1355.75,1538.52,3.71,18.22,2024.0,0.71,214.0,0.85,463.0,2,4,2,-2,0,0,3,0.26811594202898553,0.7318840579710144,0.3684210526315789,0.631578947368421,0.4,0.6,0.6153846153846154,0.3846153846153846,0.31610044313146235,0.6838995568685377,0.3333333333333333,0.6666666666666667,0.46842554426504784,0.5315744557349522,0.1691746466028272,0.8308253533971728,-1.9199999999999997,-0.28,-5.0,-2.0,-249.0,-0.14,0.0,3.0,3.0,-182.76999999999998,-14.509999999999998,-182.76999999999998,0.25882037939958097,1
2024-10-14,Bosnia-Herzegovina,Hungría,0-2,,,1.09,1.36,0.66,0.34,3.0,5.0,4.0,3.0,4.0,1.0,10.0,19.0,3.0,3.0,1332.39,1511.06,5.63,7.21,2024.0,0.84,423.0,0.69,180.0,0,2,2,-2,0,0,3,0.4448979591836735,0.5551020408163265,0.375,0.625,0.5714285714285714,0.4285714285714286,0.5,0.5,0.7014925373134329,0.29850746268656714,0.0,1.0,0.4685821800981203,0.5314178199018798,0.4384735202492212,0.5615264797507789,-0.27,0.32,-2.0,1.0,243.0,0.15000000000000002,3.0,-9.0,0.0,-178.66999999999985,-1.58,-178.66999999999985,0.26337361761738404,1
2024-10-14,Estonia,Suecia,0-3,,,0.27,2.49,0.26,0.74,0.0,10.0,2.0,9.0,2.0,3.0,13.0,13.0,7.0,0.0,1140.39,1528.18,0.516,15.62,2024.0,0.68,173.0,0.88,658.0,0,3,2,-3,0,0,3,0.09782608695652174,0.9021739130434783,0.0,1.0,0.18181818181818182,0.8181818181818181,1.0,0.0,0.20818291215403129,0.7918170878459687,0.0,1.0,0.42734123519338074,0.5726587648066193,0.03197818542389688,0.9680218145761031,-2.22,-0.48,-10.0,-7.0,-485.0,-0.19999999999999996,-1.0,0.0,7.0,-387.78999999999996,-15.104,-387.78999999999996,0.09688731937645192,3
2024-10-14,Azerbaiyán,Eslovaquia,1-3,,,1.69,0.97,0.4,0.6,2.0,3.0,5.0,6.0,3.0,0.0,17.0,10.0,1.0,1.0,1173.15,1485.89,0.706,2.3,2024.0,0.81,313.0,0.87,512.0,1,3,2,-2,0,0,3,0.6353383458646616,0.36466165413533835,0.4,0.6,0.45454545454545453,0.5454545454545454,0.5,0.5,0.3793939393939394,0.6206060606060606,0.25,0.75,0.44119306215777127,0.5588069378422287,0.23486360612109117,0.7651363938789089,0.72,-0.19999999999999996,-1.0,-1.0,-199.0,-0.05999999999999994,3.0,7.0,0.0,-312.74,-1.5939999999999999,-312.74,0.14181745206438498,1
2024-10-14,Eswatini,Mozambique,0-3,,,0.8146,1.901,0.42,0.58,3.0,5.0,4.0,4.0,1.0,1.0,11.0,6.0,2.0,3.0,1012.17,1226.03,0.045,0.059,2024.0,0.83,346.0,0.83,522.0,0,3,2,-3,0,0,3,0.29997054058035055,0.7000294594196494,0.375,0.625,0.5,0.5,0.4,0.6,0.3986175115207373,0.6013824884792627,0.0,1.0,0.452225002233938,0.547774997766062,0.4326923076923077,0.5673076923076923,-1.0864,-0.15999999999999998,-2.0,0.0,-176.0,0.0,0.0,5.0,-1.0,-213.86,-0.013999999999999999,-213.86,0.22599296014723164,1
2024-10-14,Liberia,Guinea Ecuatorial,1-2,,,2.1602,1.6339999999999997,0.45,0.55,8.0,7.0,3.0,5.0,2.0,2.0,11.0,17.0,5.0,7.0,1064.97,1250.57,0.551,0.191,2024.0,0.7,221.0,0.73,286.0,1,2,2,-1,0,0,3,0.5693426809340573,0.43065731906594273,0.5333333333333333,0.4666666666666667,0.375,0.625,0.4166666666666667,0.5833333333333333,0.4358974358974359,0.5641025641025641,0.3333333333333333,0.6666666666666667,0.4599229553365522,0.5400770446634477,0.7425876010781672,0.25741239892183276,0.5262000000000004,-0.10000000000000003,1.0,-2.0,-65.0,-0.030000000000000027,0.0,-6.0,-2.0,-185.5999999999999,0.36000000000000004,-185.5999999999999,0.2557075773597207,1
2024-10-14,Togo,Argelia,0-1,,,2.3648000000000007,0.951,0.48,0.52,9.0,3.0,6.0,3.0,2.0,2.0,7.0,20.0,2.0,9.0,1158.81,1486.03,1.11,9.88,2024.0,0.78,272.0,0.8,335.0,0,1,2,-1,0,0,3,0.7131913866940105,0.2868086133059895,0.75,0.25,0.6666666666666666,0.33333333333333337,0.18181818181818182,0.8181818181818181,0.44810543657331137,0.5518945634266886,0.0,1.0,0.4381399252884862,0.5618600747115138,0.10100090991810738,0.8989990900818926,1.4138000000000006,-0.040000000000000036,6.0,3.0,-63.0,-0.020000000000000018,0.0,-13.0,-7.0,-327.22,-8.770000000000001,-327.22,0.13197251068962462,2
2024-10-14,Ucrania,República Checa,1-1,,,1.55,1.01,0.52,0.48,3.0,7.0,7.0,5.0,1.0,4.0,8.0,12.0,6.0,2.0,1548.29,1473.19,9.88,7.24,2024.0,0.79,342.0,0.79,306.0,1,1,X,0,0,1,1,0.60546875,0.39453125,0.3,0.7,0.5833333333333334,0.41666666666666663,0.75,0.25,0.5277777777777778,0.4722222222222222,0.5,0.5,0.512427684446033,0.48757231555396696,0.5771028037383178,0.4228971962616822,0.54,0.040000000000000036,-4.0,2.0,36.0,0.0,-3.0,-4.0,4.0,75.09999999999991,2.6400000000000006,75.09999999999991,0.6064252238088685,-1
2024-10-14,Kenia,Camerún,0-1,,,0.39960000000000007,1.3005999999999998,0.41,0.59,2.0,4.0,2.0,4.0,4.0,1.0,13.0,10.0,3.0,2.0,1208.96,1458.51,0.135,8.28,2024.0,0.83,289.0,0.89,449.0,0,1,2,-1,0,0,3,0.2350311728031997,0.7649688271968003,0.3333333333333333,0.6666666666666667,0.3333333333333333,0.6666666666666667,0.6,0.4,0.3915989159891599,0.60840108401084,0.0,1.0,0.4532234664307377,0.5467765335692623,0.016042780748663103,0.983957219251337,-0.9009999999999997,-0.18,-2.0,-2.0,-160.0,-0.06000000000000005,3.0,3.0,1.0,-249.54999999999995,-8.145,-249.54999999999995,0.19208400643665643,1
2024-10-15,Comores,Túnez,1-1,,,0.7730000000000001,1.6835999999999995,0.38,0.62,2.0,5.0,4.0,6.0,2.0,3.0,23.0,20.0,4.0,1.0,1159.64,1504.86,0.667,2.69,2024.0,0.75,273.0,0.87,565.0,1,1,X,0,0,1,1,0.3146625417243345,0.6853374582756655,0.2857142857142857,0.7142857142857143,0.4,0.6,0.8,0.19999999999999996,0.32577565632458233,0.6742243436754176,0.5,0.5,0.43521861512478893,0.564781384875211,0.1986893059279118,0.8013106940720882,-0.9105999999999994,-0.24,-3.0,-2.0,-292.0,-0.12,-1.0,3.0,3.0,-345.2199999999998,-2.0229999999999997,-345.2199999999998,0.12054852031275165,2
2024-10-15,Arabia Saudí,Bahréin,0-0,,,1.6134,0.6162,0.67,0.33,4.0,2.0,8.0,3.0,1.0,4.0,9.0,13.0,2.0,4.0,1433.16,1315.49,1.56,0.256,2024.0,0.79,405.0,0.63,166.0,0,0,X,0,0,1,1,0.7236275565123789,0.27637244348762113,0.6666666666666666,0.33333333333333337,0.7272727272727273,0.2727272727272727,0.3333333333333333,0.6666666666666667,0.7092819614711033,0.29071803852889666,0.5,0.5,0.5214050533898459,0.4785949466101541,0.8590308370044053,0.1409691629955947,0.9972,0.34,2.0,5.0,239.0,0.16000000000000003,-3.0,-4.0,-2.0,117.67000000000007,1.304,117.67000000000007,0.6631498856725587,-1
2024-10-15,Irán,Catar,4-1,,,1.9164,0.5982,0.45,0.55,8.0,1.0,3.0,6.0,3.0,0.0,13.0,3.0,0.0,4.0,1622.92,1481.69,1.23,0.766,2024.0,0.8,325.0,0.83,382.0,4,1,1,3,1,3,0,0.7621092817943211,0.23789071820567886,0.8888888888888888,0.11111111111111116,0.3333333333333333,0.6666666666666667,0.0,1.0,0.4596888260254597,0.5403111739745403,0.8,0.19999999999999996,0.5227452079327194,0.4772547920672806,0.6162324649298597,0.3837675350701403,1.3182,-0.10000000000000003,7.0,-3.0,-57.0,-0.029999999999999916,3.0,10.0,-4.0,141.23000000000002,0.46399999999999997,141.23000000000002,0.6927452740029499,-1
2024-10-15,Jordania,Omán,4-0,,,2.202,0.5702000000000002,0.43,0.57,9.0,1.0,8.0,4.0,0.0,1.0,17.0,4.0,1.0,5.0,1377.52,1309.27,0.781,0.297,2024.0,0.82,313.0,0.85,462.0,4,0,1,4,1,3,0,0.7943149844888535,0.20568501551114649,0.9,0.09999999999999998,0.6666666666666666,0.33333333333333337,0.16666666666666666,0.8333333333333334,0.4038709677419355,0.5961290322580646,1.0,0.0,0.5127010298534682,0.4872989701465318,0.7244897959183674,0.2755102040816326,1.6317999999999997,-0.13999999999999996,8.0,4.0,-149.0,-0.030000000000000027,-1.0,13.0,-4.0,68.25,0.48400000000000004,68.25,0.5969754667042032,-1
2024-10-15,Etiopía,Guinea,0-3,,,1.3045999999999995,1.046,0.53,0.47,4.0,3.0,2.0,3.0,1.0,1.0,14.0,27.0,0.0,4.0,1063.44,1298.3,0.126,2.47,2024.0,0.88,458.0,0.85,380.0,0,3,2,-3,0,0,3,0.555007232196035,0.444992767803965,0.5714285714285714,0.4285714285714286,0.4,0.6,0.0,1.0,0.5465393794749404,0.45346062052505964,0.0,1.0,0.4502781847282089,0.5497218152717911,0.0485362095531587,0.9514637904468413,0.2585999999999995,0.06000000000000005,1.0,-1.0,78.0,0.030000000000000027,0.0,-13.0,-4.0,-234.8599999999999,-2.3440000000000003,-234.8599999999999,0.20554965717625115,1
2024-10-15,República Centroafricana,Marruecos,0-4,,,0.39419999999999994,2.4320000000000013,0.36,0.64,0.0,8.0,3.0,6.0,1.0,2.0,12.0,16.0,4.0,0.0,1130.7,1676.14,0.336,17.22,2024.0,0.8,248.0,0.9,537.0,0,4,2,-4,0,0,3,0.13948057462316882,0.8605194253768311,0.0,1.0,0.3333333333333333,0.6666666666666667,1.0,0.0,0.3159235668789809,0.6840764331210192,0.0,1.0,0.40283735446266977,0.5971626455373302,0.019138755980861247,0.9808612440191388,-2.037800000000001,-0.28,-8.0,-3.0,-289.0,-0.09999999999999998,-1.0,-4.0,4.0,-545.44,-16.884,-545.44,0.04149487304818435,3
2024-10-15,Botsuana,Cabo Verde,1-0,,,0.6747999999999998,1.5191999999999997,0.31,0.69,3.0,3.0,2.0,7.0,4.0,1.0,17.0,15.0,3.0,2.0,1050.15,1379.17,0.117,2.1,2024.0,0.66,166.0,0.86,488.0,1,0,1,1,1,3,0,0.30756608933454876,0.6924339106654512,0.5,0.5,0.2222222222222222,0.7777777777777778,0.6,0.4,0.25382262996941896,0.746177370030581,1.0,0.0,0.43228146147893237,0.5677185385210677,0.05277401894451962,0.9472259810554804,-0.8443999999999998,-0.37999999999999995,0.0,-5.0,-322.0,-0.19999999999999996,3.0,2.0,1.0,-329.02,-1.983,-329.02,0.1307900456333016,2
2024-10-15,Congo,Sudáfrica,1-1,,,0.8392000000000003,1.0168000000000001,0.45,0.55,3.0,4.0,6.0,6.0,2.0,1.0,17.0,12.0,3.0,2.0,1160.33,1415.07,0.111,1.89,2024.0,0.72,222.0,0.81,329.0,1,1,X,0,0,1,1,0.45215517241379316,0.5478448275862069,0.42857142857142855,0.5714285714285714,0.5,0.5,0.6,0.4,0.4029038112522686,0.5970961887477314,0.5,0.5,0.45054360487691236,0.5494563951230876,0.055472263868065974,0.944527736131934,-0.17759999999999987,-0.10000000000000003,-1.0,0.0,-107.0,-0.09000000000000008,1.0,5.0,1.0,-254.74,-1.779,-254.74,0.18749021246403738,2
2024-10-15,Guinea-Bisáu,Mali,0-0,,,1.139,1.41,0.5,0.5,4.0,6.0,2.0,7.0,1.0,3.0,16.0,21.0,6.0,4.0,1166.02,1455.16,1.64,4.32,2024.0,0.82,301.0,0.8,276.0,0,0,X,0,0,1,1,0.4468418987838368,0.5531581012161633,0.4,0.6,0.2222222222222222,0.7777777777777778,0.6,0.4,0.5216637781629117,0.47833622183708835,0.5,0.5,0.44484545128529895,0.555154548714701,0.2751677852348993,0.7248322147651007,-0.2709999999999999,0.0,-2.0,-5.0,25.0,0.019999999999999907,-2.0,-5.0,2.0,-289.1400000000001,-2.6800000000000006,-289.1400000000001,0.15916907002598843,2
2024-10-15,Mauritania,Egipto,0-1,,,0.7392000000000002,0.5263999999999999,0.49,0.51,2.0,1.0,5.0,2.0,2.0,3.0,14.0,14.0,0.0,2.0,1179.04,1515.64,1.01,4.48,2024.0,0.83,361.0,0.83,384.0,0,1,2,-1,0,0,3,0.5840707964601771,0.4159292035398229,0.6666666666666666,0.33333333333333337,0.7142857142857143,0.2857142857142857,0.0,1.0,0.48456375838926175,0.5154362416107383,0.0,1.0,0.437543604435406,0.562456395564594,0.18397085610200364,0.8160291438979963,0.21280000000000032,-0.020000000000000018,1.0,3.0,-23.0,0.0,-1.0,0.0,-2.0,-336.60000000000014,-3.4700000000000006,-336.60000000000014,0.12590896804780027,2
2024-10-15,Níger,Angola,0-1,,,0.48159999999999975,0.9742000000000002,0.53,0.47,0.0,4.0,3.0,8.0,0.0,3.0,17.0,25.0,3.0,0.0,1132.39,1281.09,0.428,1.72,2024.0,0.76,348.0,0.81,332.0,0,1,2,-1,0,0,3,0.3308146723451022,0.6691853276548978,0.0,1.0,0.2727272727272727,0.7272727272727273,1.0,0.0,0.5117647058823529,0.4882352941176471,0.0,1.0,0.4691938611465602,0.5308061388534397,0.19925512104283052,0.8007448789571695,-0.4926000000000004,0.06000000000000005,-4.0,-5.0,16.0,-0.050000000000000044,-3.0,-8.0,3.0,-148.69999999999982,-1.292,-148.69999999999982,0.2981786651960186,1
2024-10-15,Ruanda,Benín,2-1,,,1.4920000000000002,0.9670000000000001,0.63,0.37,4.0,3.0,4.0,1.0,1.0,2.0,12.0,17.0,2.0,2.0,1123.32,1257.69,0.232,0.723,2024.0,0.79,311.0,0.6,129.0,2,1,1,1,1,3,0,0.6067507116714111,0.39324928832858885,0.5714285714285714,0.4285714285714286,0.8,0.19999999999999996,0.5,0.5,0.7068181818181818,0.2931818181818182,0.6666666666666666,0.33333333333333337,0.4717829828518149,0.528217017148185,0.2429319371727749,0.757068062827225,0.5250000000000001,0.26,1.0,3.0,182.0,0.19000000000000006,-1.0,-5.0,0.0,-134.37000000000012,-0.491,-134.37000000000012,0.31572335909531785,1
2024-10-15,Sierra Leona,Costa de Marfil,1-0,,,0.8016000000000001,0.5108,0.46,0.54,2.0,0.0,1.0,0.0,1.0,1.0,12.0,10.0,0.0,1.0,1134.26,1509.12,0.559,20.08,2024.0,0.86,287.0,0.89,352.0,1,0,1,1,1,3,0,0.6107893934775983,0.3892106065224017,1.0,0.0,1.0,0.0,0.0,1.0,0.4491392801251956,0.5508607198748043,1.0,0.0,0.4290945683178355,0.5709054316821645,0.02708464557391347,0.9729153544260866,0.29080000000000006,-0.08000000000000002,2.0,1.0,-65.0,-0.030000000000000027,0.0,2.0,-1.0,-374.8599999999999,-19.520999999999997,-374.8599999999999,0.10359830910790085,2
2024-10-15,Chad,Zambia,0-1,,,0.636,1.6018000000000006,0.35,0.65,2.0,5.0,3.0,9.0,1.0,2.0,12.0,11.0,4.0,2.0,932.44,1252.79,0.356,0.614,2024.0,0.77,192.0,0.89,376.0,0,1,2,-1,0,0,3,0.284207703994995,0.7157922960050049,0.2857142857142857,0.7142857142857143,0.25,0.75,0.6666666666666666,0.33333333333333337,0.3380281690140845,0.6619718309859155,0.0,1.0,0.4267010795202336,0.5732989204797664,0.3670103092783505,0.6329896907216495,-0.9658000000000005,-0.30000000000000004,-3.0,-6.0,-184.0,-0.12,-1.0,1.0,2.0,-320.3499999999999,-0.258,-320.3499999999999,0.1365691378788004,1
2024-10-15,Lesoto,Gabón,0-2,,,0.7668000000000003,2.367399999999999,0.49,0.51,3.0,10.0,4.0,4.0,1.0,0.0,8.0,17.0,8.0,3.0,1034.02,1292.88,0.025,1.01,2024.0,0.77,351.0,0.79,407.0,0,2,2,-2,0,0,3,0.24465573352051573,0.7553442664794843,0.23076923076923078,0.7692307692307692,0.5,0.5,0.7272727272727273,0.2727272727272727,0.4630606860158311,0.5369393139841689,0.0,1.0,0.4443766384460011,0.5556233615539989,0.02415458937198068,0.9758454106280193,-1.6005999999999987,-0.020000000000000018,-7.0,0.0,-56.0,-0.020000000000000018,1.0,-9.0,5.0,-258.8600000000001,-0.985,-258.8600000000001,0.18390402549114723,1
2024-10-15,Malaui,Senegal,0-1,,,0.4506000000000002,2.5736000000000003,0.26,0.74,1.0,8.0,1.0,13.0,3.0,3.0,20.0,7.0,7.0,1.0,1117.42,1620.87,0.075,18.39,2024.0,0.58,129.0,0.85,564.0,0,1,2,-1,0,0,3,0.14899808213742483,0.8510019178625752,0.1111111111111111,0.8888888888888888,0.07142857142857142,0.9285714285714286,0.875,0.125,0.18614718614718614,0.8138528138528138,0.0,1.0,0.4080721910389331,0.5919278089610669,0.004061738424045491,0.9959382615759546,-2.123,-0.48,-7.0,-12.0,-435.0,-0.27,0.0,13.0,6.0,-503.4499999999998,-18.315,-503.4499999999998,0.05224800442619837,3
2024-10-15,Sudán,Ghana,2-0,,,1.2486000000000002,0.5872000000000002,0.41,0.59,5.0,1.0,0.0,4.0,3.0,4.0,14.0,17.0,1.0,3.0,1154.5,1360.43,0.121,9.01,2024.0,0.68,193.0,0.79,280.0,2,0,1,2,1,3,0,0.680139448741693,0.31986055125830704,0.8333333333333334,0.16666666666666663,0.0,1.0,0.25,0.75,0.4080338266384778,0.5919661733615222,1.0,0.0,0.4590585026223393,0.5409414973776607,0.013251560617676048,0.9867484393823239,0.6614,-0.18,4.0,-4.0,-87.0,-0.10999999999999999,-1.0,-3.0,-2.0,-205.93000000000006,-8.889,-205.93000000000006,0.23407756491582596,2
2024-10-15,Sudán del Sur,Uganda,1-2,,,0.5386,2.3103999999999996,0.35,0.65,1.0,5.0,3.0,9.0,2.0,0.0,6.0,11.0,3.0,0.0,967.83,1257.64,0.064,0.297,2024.0,0.6,160.0,0.85,442.0,1,2,2,-1,0,0,3,0.18904878904878908,0.8109512109512109,0.16666666666666666,0.8333333333333334,0.25,0.75,1.0,0.0,0.26578073089701,0.7342192691029901,0.3333333333333333,0.6666666666666667,0.4348879113176093,0.5651120886823907,0.1772853185595568,0.8227146814404432,-1.7717999999999996,-0.30000000000000004,-4.0,-6.0,-282.0,-0.25,2.0,-5.0,3.0,-289.81000000000006,-0.23299999999999998,-289.81000000000006,0.15865357224138874,1
2024-10-15,Tanzania,RD Congo,0-2,,,0.8994000000000001,1.7569999999999997,0.59,0.41,2.0,7.0,7.0,2.0,0.0,2.0,12.0,25.0,5.0,2.0,1188.24,1416.91,0.361,5.53,2024.0,0.76,378.0,0.71,246.0,0,2,2,-2,0,0,3,0.3385785273302214,0.6614214726697786,0.2222222222222222,0.7777777777777778,0.7777777777777778,0.2222222222222222,0.7142857142857143,0.2857142857142857,0.6057692307692307,0.3942307692307693,0.0,1.0,0.456111932134426,0.543888067865574,0.061279918519775926,0.9387200814802241,-0.8575999999999996,0.18,-5.0,5.0,132.0,0.050000000000000044,-2.0,-13.0,3.0,-228.67000000000007,-5.1690000000000005,-228.67000000000007,0.21142947833489162,1
2024-10-15,Escocia,Portugal,0-0,,,0.43,1.47,0.3,0.7,2.0,3.0,1.0,9.0,1.0,4.0,13.0,19.0,3.0,2.0,1461.75,1752.14,6.55,38.67,2024.0,0.79,249.0,0.91,653.0,0,0,X,0,0,1,1,0.22631578947368422,0.7736842105263158,0.4,0.6,0.1,0.9,0.6,0.4,0.27605321507760533,0.7239467849223946,0.5,0.5,0.4548226603897457,0.5451773396102543,0.14484741264927023,0.8551525873507297,-1.04,-0.39999999999999997,-1.0,-8.0,-404.0,-0.12,-3.0,-6.0,1.0,-290.3900000000001,-32.120000000000005,-290.3900000000001,0.1582084151176264,1
2024-10-15,España,Serbia,3-0,,,2.92,0.37,0.67,0.33,10.0,1.0,6.0,2.0,1.0,4.0,12.0,12.0,1.0,7.0,1836.42,1505.08,47.03,7.76,2024.0,0.89,566.0,0.77,244.0,3,0,1,3,1,3,0,0.8875379939209727,0.11246200607902734,0.9090909090909091,0.09090909090909094,0.75,0.25,0.125,0.875,0.6987654320987654,0.3012345679012346,1.0,0.0,0.5495795301511297,0.4504204698488703,0.8583683153860194,0.14163168461398057,2.55,0.34,9.0,4.0,322.0,0.12,-3.0,0.0,-6.0,331.34000000000015,39.27,331.34000000000015,0.870720731789677,-1
2024-10-15,Polonia,Croacia,3-3,,,1.27,1.27,0.47,0.53,6.0,8.0,2.0,3.0,1.0,3.0,14.0,9.0,5.0,3.0,1525.08,1699.6,8.91,14.9,2024.0,0.85,356.0,0.86,412.0,3,3,X,0,0,1,1,0.5,0.5,0.42857142857142855,0.5714285714285714,0.4,0.6,0.625,0.375,0.4635416666666667,0.5364583333333333,0.5,0.5,0.4729399506307603,0.5270600493692397,0.374212515749685,0.625787484250315,0.0,-0.06000000000000005,-2.0,-1.0,-56.0,-0.010000000000000009,-2.0,5.0,2.0,-174.51999999999998,-5.99,-174.51999999999998,0.2680344611659108,0
2024-10-15,Suiza,Dinamarca,2-2,,,2.13,1.15,0.6,0.4,3.0,5.0,6.0,4.0,2.0,1.0,12.0,7.0,3.0,1.0,1641.0,1621.7,12.79,15.87,2024.0,0.89,516.0,0.83,317.0,2,2,X,0,0,1,1,0.649390243902439,0.35060975609756095,0.375,0.625,0.6,0.4,0.75,0.25,0.6194477791116446,0.3805522208883554,0.5,0.5,0.5029576730928372,0.49704232690716277,0.4462665736217725,0.5537334263782274,0.98,0.19999999999999996,-2.0,2.0,199.0,0.06000000000000005,1.0,5.0,2.0,19.299999999999955,-3.08,19.299999999999955,0.5277463987231965,0
2024-10-15,Nicaragua,Guayana Francesa,3-2,,,2.1517999999999997,2.0112000000000005,0.63,0.37,9.0,8.0,6.0,3.0,4.0,4.0,13.0,7.0,6.0,6.0,1118.04,991.0818000000003,0.172,0.005,2024.0,0.95,520.0,0.78,206.0,3,2,1,1,1,3,0,0.5168868604371846,0.48311313956281543,0.5294117647058824,0.47058823529411764,0.6666666666666666,0.33333333333333337,0.5,0.5,0.7162534435261708,0.2837465564738292,0.6,0.4,0.5300974083146833,0.4699025916853167,0.9717514124293785,0.02824858757062154,0.14059999999999917,0.26,1.0,3.0,314.0,0.16999999999999993,0.0,6.0,0.0,126.95819999999969,0.16699999999999998,126.95819999999969,0.6749874161596517,0
2024-10-15,Trinidad y Tobago,Cuba,3-1,,,1.5126000000000002,0.7107999999999999,0.42,0.58,7.0,2.0,4.0,0.0,1.0,3.0,16.0,19.0,1.0,4.0,1213.25,991.73,0.1,0.108,2024.0,0.87,253.0,0.87,359.0,3,1,1,2,1,3,0,0.6803094359989207,0.3196905640010793,0.7777777777777778,0.2222222222222222,1.0,0.0,0.2,0.8,0.4133986928104575,0.5866013071895425,0.75,0.25,0.55023174813377,0.44976825186623004,0.4807692307692307,0.5192307692307693,0.8018000000000003,-0.15999999999999998,5.0,4.0,-106.0,0.0,-2.0,-3.0,-3.0,221.51999999999998,-0.007999999999999993,221.51999999999998,0.7816267592809186,-1
2024-10-15,Palestina,Kuwait,2-2,,,1.3292000000000002,0.9974000000000001,0.57,0.43,4.0,4.0,5.0,3.0,3.0,3.0,22.0,21.0,2.0,2.0,1228.99,1111.62,0.343,0.176,2024.0,0.81,350.0,0.75,276.0,2,2,X,0,0,1,1,0.5713057680735838,0.4286942319264162,0.5,0.5,0.625,0.375,0.5,0.5,0.5591054313099042,0.4408945686900958,0.5,0.5,0.5250725238292583,0.4749274761707417,0.6608863198458574,0.33911368015414256,0.3318000000000001,0.13999999999999996,0.0,2.0,74.0,0.06000000000000005,0.0,1.0,0.0,117.37000000000012,0.16700000000000004,117.37000000000012,0.6627640098022888,-1
2024-10-15,Kirguistán,Corea del Norte,1-0,,,0.8332,0.9050000000000001,0.39,0.61,3.0,2.0,3.0,8.0,1.0,3.0,24.0,22.0,2.0,2.0,1201.11,1183.02,0.271,0.236,2024.0,0.62,200.0,0.73,365.0,1,0,1,1,1,3,0,0.4793464503509377,0.5206535496490623,0.6,0.4,0.2727272727272727,0.7272727272727273,0.5,0.5,0.35398230088495575,0.6460176991150443,1.0,0.0,0.5037938367454794,0.4962061632545206,0.5345167652859961,0.4654832347140039,-0.07180000000000009,-0.21999999999999997,1.0,-5.0,-165.0,-0.10999999999999999,-2.0,2.0,0.0,18.089999999999918,0.03500000000000003,18.089999999999918,0.5260101025449841,0
2024-10-15,Jamaica,Honduras,0-0,,,0.4593999999999998,1.2789999999999997,0.56,0.44,1.0,7.0,2.0,4.0,1.0,2.0,11.0,12.0,7.0,1.0,1402.95,1311.3,0.377,0.805,2024.0,0.88,336.0,0.85,220.0,0,0,X,0,0,1,1,0.26426599171652093,0.7357340082834791,0.125,0.875,0.3333333333333333,0.6666666666666667,0.875,0.125,0.60431654676259,0.39568345323741005,0.5,0.5,0.5168831168831169,0.48311688311688306,0.31895093062605756,0.6810490693739424,-0.8195999999999999,0.12000000000000005,-6.0,-2.0,116.0,0.030000000000000027,-1.0,-1.0,6.0,91.65000000000009,-0.42800000000000005,91.65000000000009,0.6289184642709168,-1
2024-10-15,China,Indonesia,2-1,,,0.7904000000000003,1.5408,0.24,0.76,3.0,6.0,1.0,6.0,1.0,2.0,11.0,8.0,5.0,1.0,1253.77,1124.17,0.551,0.85,2024.0,0.52,109.0,0.83,544.0,2,1,1,1,1,3,0,0.33905284831846266,0.6609471516815373,0.3333333333333333,0.6666666666666667,0.14285714285714285,0.8571428571428572,0.8333333333333334,0.16666666666666663,0.1669218989280245,0.8330781010719754,0.6666666666666666,0.33333333333333337,0.5272504773038849,0.47274952269611514,0.39329050678087085,0.6067094932191291,-0.7503999999999996,-0.52,-3.0,-5.0,-435.0,-0.30999999999999994,-1.0,3.0,4.0,129.5999999999999,-0.29899999999999993,129.5999999999999,0.6783146932445233,-1
2024-10-15,Corea del Sur,Irak,3-2,,,1.5784000000000002,1.1706000000000003,0.76,0.24,3.0,2.0,1.0,4.0,3.0,2.0,7.0,7.0,0.0,0.0,1572.61,1435.9,5.35,0.815,2024.0,0.87,677.0,0.66,150.0,3,2,1,1,1,3,0,0.5741724263368497,0.42582757366315027,0.6,0.4,0.2,0.8,0.5,0.5,0.8186215235792019,0.18137847642079807,0.6,0.4,0.5227205493749397,0.4772794506250603,0.8678021086780211,0.1321978913219789,0.40779999999999994,0.52,1.0,-3.0,527.0,0.20999999999999996,1.0,0.0,0.0,136.7099999999998,4.535,136.7099999999998,0.6871795053182299,-1
2024-10-15,Japón,Australia,1-1,,,1.65,0.3726,0.63,0.37,4.0,1.0,9.0,0.0,0.0,4.0,13.0,10.0,0.0,3.0,1639.6,1544.3,10.42,2.98,2024.0,0.87,554.0,0.76,270.0,1,1,X,0,0,1,1,0.8157816671610799,0.18421833283892008,0.8,0.19999999999999996,1.0,0.0,0.0,1.0,0.6723300970873787,0.3276699029126213,0.5,0.5,0.5149659222965546,0.4850340777034454,0.7776119402985074,0.22238805970149256,1.2773999999999999,0.26,3.0,9.0,284.0,0.10999999999999999,-4.0,3.0,-3.0,95.29999999999995,7.4399999999999995,95.29999999999995,0.6338086069214947,0
2024-10-15,Irlanda del Norte,Bulgaria,5-0,,,1.49,1.22,0.43,0.57,5.0,1.0,7.0,2.0,2.0,2.0,15.0,12.0,1.0,0.0,1339.64,1302.68,3.47,1.2,2024.0,0.77,249.0,0.8,366.0,5,0,1,5,1,3,0,0.5498154981549815,0.45018450184501846,0.8333333333333334,0.16666666666666663,0.7777777777777778,0.2222222222222222,1.0,0.0,0.40487804878048783,0.5951219512195122,1.0,0.0,0.506993853885979,0.49300614611402105,0.7430406852248395,0.25695931477516054,0.27,-0.13999999999999996,4.0,5.0,-117.0,-0.030000000000000027,0.0,3.0,1.0,36.960000000000036,2.2700000000000005,36.960000000000036,0.5529899777884202,0
2024-10-15,Bielorrusia,Luxemburgo,1-1,,,1.59,1.27,0.35,0.65,6.0,5.0,5.0,2.0,2.0,6.0,16.0,20.0,4.0,5.0,1229.07,1261.95,0.641,0.639,2024.0,0.67,180.0,0.81,415.0,1,1,X,0,0,1,1,0.5559440559440559,0.44405594405594406,0.5454545454545454,0.4545454545454546,0.7142857142857143,0.2857142857142857,0.4444444444444444,0.5555555555555556,0.3025210084033613,0.6974789915966386,0.5,0.5,0.493400293855529,0.5065997061444709,0.50078125,0.49921875000000004,0.32000000000000006,-0.30000000000000004,1.0,3.0,-235.0,-0.14,-4.0,-4.0,-1.0,-32.88000000000011,0.0020000000000000018,-32.88000000000011,0.4528226327898349,0
2024-10-15,Kosovo,Chipre,3-0,,,1.89,0.4,0.63,0.37,6.0,4.0,5.0,6.0,1.0,3.0,9.0,12.0,4.0,3.0,1205.96,1137.06,5.46,0.737,2024.0,0.86,488.0,0.74,228.0,3,0,1,3,1,3,0,0.8253275109170305,0.1746724890829695,0.6,0.4,0.45454545454545453,0.5454545454545454,0.5714285714285714,0.4285714285714286,0.6815642458100558,0.3184357541899442,1.0,0.0,0.5147032462377615,0.48529675376223846,0.8810714862030015,0.11892851379699854,1.4899999999999998,0.26,2.0,-1.0,260.0,0.12,-2.0,-3.0,1.0,68.90000000000009,4.723,68.90000000000009,0.5978753764568171,-1
2024-10-15,Uzbekistán,Emiratos Árabes Unidos,1-0,,,1.1575999999999995,0.9789999999999998,0.61,0.39,4.0,5.0,4.0,1.0,1.0,1.0,9.0,7.0,5.0,3.0,1413.06,1377.22,3.28,1.21,2024.0,0.82,467.0,0.74,284.0,1,0,1,1,1,3,0,0.5417953758307591,0.4582046241692409,0.4444444444444444,0.5555555555555556,0.8,0.19999999999999996,0.625,0.375,0.6218375499334221,0.3781624500665779,1.0,0.0,0.506422294536749,0.49357770546325097,0.730512249443207,0.26948775055679297,0.17859999999999976,0.21999999999999997,-1.0,3.0,183.0,0.07999999999999996,0.0,2.0,2.0,35.83999999999992,2.07,35.83999999999992,0.5513957325329318,0
2024-10-15,Lituania,Rumanía,1-2,,,1.14,1.37,0.49,0.51,3.0,4.0,0.0,9.0,3.0,2.0,18.0,11.0,2.0,2.0,1090.89,1481.4,0.703,2.37,2024.0,0.73,287.0,0.7,274.0,1,2,2,-1,0,0,3,0.4541832669322709,0.545816733067729,0.42857142857142855,0.5714285714285714,0.0,1.0,0.5,0.5,0.5115864527629234,0.48841354723707664,0.3333333333333333,0.6666666666666667,0.424092928868829,0.575907071131171,0.22876667751383012,0.7712333224861698,-0.2300000000000002,-0.020000000000000018,-1.0,-9.0,13.0,0.030000000000000027,1.0,7.0,0.0,-390.51,-1.6670000000000003,-390.51,0.09552589941695921,2
2024-10-16,Costa Rica,Guatemala,3-0,,,1.3228,0.5906000000000001,0.42,0.58,6.0,1.0,5.0,9.0,3.0,3.0,13.0,10.0,1.0,3.0,1466.08,1200.43,1.34,0.338,2024.0,0.82,213.0,0.88,375.0,3,0,1,3,1,3,0,0.6913347966969791,0.30866520330302094,0.8571428571428571,0.1428571428571429,0.35714285714285715,0.6428571428571428,0.25,0.75,0.3622448979591837,0.6377551020408163,1.0,0.0,0.5498123014727114,0.45018769852728857,0.7985697258641239,0.2014302741358761,0.7321999999999999,-0.15999999999999998,5.0,-4.0,-162.0,-0.06000000000000005,0.0,3.0,-2.0,265.64999999999986,1.002,265.64999999999986,0.821889867620188,-1
2024-10-16,Martinica,Guadalupe,0-0,,,1.2727999999999997,1.54,0.49,0.51,5.0,5.0,7.0,9.0,0.0,1.0,14.0,15.0,5.0,5.0,1180.8796,1200.1268000000002,0.18,0.548,2024.0,0.89,250.0,0.87,206.0,0,0,X,0,0,1,1,0.45250284414106934,0.5474971558589307,0.5,0.5,0.4375,0.5625,0.5,0.5,0.5482456140350878,0.45175438596491224,0.5,0.5,0.4959581797008189,0.5040418202991811,0.24725274725274726,0.7527472527472527,-0.2672000000000003,-0.020000000000000018,0.0,-2.0,44.0,0.020000000000000018,-1.0,-1.0,0.0,-19.247200000000248,-0.36800000000000005,-19.247200000000248,0.47232935323012554,0
2024-10-16,Surinam,Guyana,5-1,,,3.2616,1.9509999999999998,0.5,0.5,12.0,8.0,1.0,4.0,2.0,3.0,26.0,25.0,7.0,7.0,1094.39,1019.99,1.38,0.06,2024.0,0.87,339.0,0.87,296.0,5,1,1,4,1,3,0,0.6257146145877297,0.3742853854122703,0.6,0.4,0.2,0.8,0.5,0.5,0.5338582677165354,0.46614173228346456,0.8333333333333334,0.16666666666666663,0.51759381000577,0.48240618999423,0.9583333333333333,0.04166666666666674,1.3106000000000002,0.0,4.0,-3.0,43.0,0.0,-1.0,1.0,0.0,74.40000000000009,1.3199999999999998,74.40000000000009,0.6054630712307567,0
2024-11-13,Liberia,Togo,1-0,,,1.1418,1.0330000000000001,0.45,0.55,5.0,4.0,6.0,4.0,2.0,1.0,12.0,16.0,4.0,4.0,1048.86,1147.91,0.551,1.11,2024.0,0.83,264.0,0.82,332.0,1,0,1,1,1,3,0,0.5250137943718962,0.4749862056281038,0.5555555555555556,0.4444444444444444,0.6,0.4,0.5,0.5,0.4429530201342282,0.5570469798657718,1.0,0.0,0.4774555369929487,0.5225444630070513,0.33172787477423243,0.6682721252257675,0.10879999999999979,-0.10000000000000003,1.0,2.0,-68.0,0.010000000000000009,1.0,-4.0,0.0,-99.05000000000018,-0.559,-99.05000000000018,0.36119583782323667,0
2024-11-13,Chad,Sierra Leona,1-1,,,0.5550000000000002,1.1567999999999996,0.34,0.66,2.0,4.0,1.0,6.0,1.0,2.0,21.0,22.0,3.0,1.0,933.39,1149.81,0.356,0.559,2024.0,0.69,181.0,0.82,385.0,1,1,X,0,0,1,1,0.3242201191728007,0.6757798808271993,0.3333333333333333,0.6666666666666667,0.14285714285714285,0.8571428571428572,0.75,0.25,0.3197879858657244,0.6802120141342756,0.5,0.5,0.4480558755760369,0.5519441244239631,0.3890710382513661,0.610928961748634,-0.6017999999999994,-0.32,-2.0,-5.0,-204.0,-0.13,-1.0,-1.0,2.0,-216.41999999999996,-0.20300000000000007,-216.41999999999996,0.22342565469936632,0
2024-11-13,Namibia,Camerún,0-0,,,0.653,0.9420000000000002,0.36,0.64,1.0,2.0,4.0,4.0,3.0,2.0,11.0,8.0,2.0,1.0,1173.81,1472.12,0.09,8.28,2024.0,0.74,204.0,0.81,366.0,0,0,X,0,0,1,1,0.4094043887147335,0.5905956112852665,0.3333333333333333,0.6666666666666667,0.5,0.5,0.6666666666666666,0.33333333333333337,0.35789473684210527,0.6421052631578947,0.5,0.5,0.44362851624948507,0.5563714837505149,0.010752688172043012,0.989247311827957,-0.28900000000000015,-0.28,-1.0,0.0,-162.0,-0.07000000000000006,1.0,3.0,1.0,-298.30999999999995,-8.19,-298.30999999999995,0.1522308310955064,1
2024-11-14,Kuwait,Corea del Sur,1-3,,,0.2712,2.3012,0.24,0.76,1.0,5.0,0.0,4.0,2.0,1.0,11.0,11.0,2.0,0.0,1106.42,1589.93,0.176,5.35,2024.0,0.7,184.0,0.91,689.0,1,3,2,-2,0,0,3,0.10542683874980563,0.8945731612501944,0.16666666666666666,0.8333333333333334,0.0,1.0,1.0,0.0,0.21076746849942726,0.7892325315005727,0.25,0.75,0.4103399039442209,0.5896600960557792,0.031849439015562794,0.9681505609844372,-2.0300000000000002,-0.52,-4.0,-4.0,-505.0,-0.21000000000000008,1.0,0.0,2.0,-483.51,-5.1739999999999995,-483.51,0.05823291213059492,3
2024-11-14,Kazajistán,Austria,0-2,,,0.1,2.7,0.35,0.65,1.0,8.0,1.0,4.0,1.0,0.0,12.0,8.0,6.0,1.0,1186.46,1589.17,0.652,9.43,2024.0,0.67,216.0,0.83,500.0,0,2,2,-2,0,0,3,0.03571428571428571,0.9642857142857143,0.1111111111111111,0.8888888888888888,0.2,0.8,0.8571428571428571,0.1428571428571429,0.3016759776536313,0.6983240223463687,0.0,1.0,0.42745610906352793,0.5725438909364721,0.06466970839119224,0.9353302916088078,-2.6,-0.30000000000000004,-7.0,-3.0,-284.0,-0.15999999999999992,1.0,4.0,5.0,-402.71000000000004,-8.778,-402.71000000000004,0.08962803500625013,2
2024-11-14,Bahréin,China,0-1,,,0.6454000000000001,1.1692000000000002,0.7,0.3,1.0,3.0,3.0,4.0,1.0,2.0,11.0,13.0,2.0,1.0,1313.8,1257.29,0.256,0.551,2024.0,0.84,453.0,0.62,141.0,0,1,2,-1,0,0,3,0.3556706712223079,0.6443293287776921,0.25,0.75,0.42857142857142855,0.5714285714285714,0.6666666666666666,0.33333333333333337,0.7626262626262627,0.23737373737373735,0.0,1.0,0.5109895025067189,0.48901049749328107,0.31722428748451054,0.6827757125154894,-0.5238000000000002,0.39999999999999997,-2.0,-1.0,312.0,0.21999999999999997,-1.0,-2.0,1.0,56.50999999999999,-0.29500000000000004,56.50999999999999,0.5806147990779467,0
2024-11-14,Lesoto,República Centroafricana,1-0,,,0.9852,1.0664000000000002,0.43,0.57,4.0,3.0,3.0,4.0,0.0,1.0,10.0,11.0,3.0,3.0,1032.79,1125.26,0.025,0.336,2024.0,0.69,250.0,0.8,398.0,1,0,1,1,1,3,0,0.48021056736205886,0.5197894326379411,0.5714285714285714,0.4285714285714286,0.42857142857142855,0.5714285714285714,0.5,0.5,0.38580246913580246,0.6141975308641976,1.0,0.0,0.47857556590440437,0.5214244340955956,0.06925207756232686,0.9307479224376731,-0.08120000000000027,-0.13999999999999996,1.0,-1.0,-148.0,-0.1100000000000001,-1.0,-1.0,0.0,-92.47000000000003,-0.311,-92.47000000000003,0.36998058411647833,0
2024-11-14,Guinea Ecuatorial,Argelia,0-0,,,0.5854,0.9304000000000001,0.46,0.54,2.0,2.0,2.0,1.0,1.0,3.0,10.0,15.0,2.0,2.0,1266.68,1496.94,0.191,9.88,2024.0,0.86,385.0,0.87,451.0,0,0,X,0,0,1,1,0.38619870695342395,0.613801293046576,0.5,0.5,0.6666666666666666,0.33333333333333337,0.5,0.5,0.4605263157894737,0.5394736842105263,0.5,0.5,0.45834087175516175,0.5416591282448382,0.01896534604309403,0.9810346539569059,-0.3450000000000001,-0.08000000000000002,0.0,1.0,-66.0,-0.010000000000000009,-2.0,-5.0,0.0,-230.26,-9.689,-230.26,0.2099074935226133,1
2024-11-14,Burundi,Malaui,0-0,,,0.9727999999999999,0.36939999999999995,0.53,0.47,3.0,0.0,7.0,5.0,1.0,4.0,16.0,17.0,0.0,3.0,1089.49,1111.16,0.377,0.075,2024.0,0.86,390.0,0.86,364.0,0,0,X,0,0,1,1,0.7247802115929072,0.2752197884070928,1.0,0.0,0.5833333333333334,0.41666666666666663,0.0,1.0,0.5172413793103449,0.48275862068965514,0.5,0.5,0.49507645468384337,0.5049235453161567,0.834070796460177,0.165929203539823,0.6033999999999999,0.06000000000000005,3.0,2.0,26.0,0.0,-3.0,-1.0,-3.0,-21.670000000000073,0.302,-21.670000000000073,0.46885473952254175,0
2024-11-14,Ruanda,Libia,0-1,,,1.5483999999999998,0.9361999999999996,0.6,0.4,6.0,2.0,13.0,4.0,1.0,4.0,13.0,14.0,1.0,6.0,1130.04,1148.7,0.232,0.533,2024.0,0.78,307.0,0.71,204.0,0,1,2,-1,0,0,3,0.6231989052563793,0.37680109474362067,0.75,0.25,0.7647058823529411,0.23529411764705888,0.14285714285714285,0.8571428571428572,0.6007827788649707,0.39921722113502933,0.0,1.0,0.4959056320598226,0.5040943679401775,0.3032679738562092,0.6967320261437908,0.6122000000000002,0.19999999999999996,4.0,9.0,103.0,0.07000000000000006,-3.0,-1.0,-5.0,-18.660000000000082,-0.30100000000000005,-18.660000000000082,0.47317189186561043,0
2024-11-14,Níger,Sudán,4-0,,,1.7189999999999999,0.5491999999999999,0.53,0.47,4.0,1.0,1.0,6.0,1.0,0.0,24.0,12.0,1.0,0.0,1114.73,1176.2,0.428,0.121,2024.0,0.8,334.0,0.69,227.0,4,0,1,4,1,3,0,0.7578696763953796,0.2421303236046204,0.8,0.19999999999999996,0.14285714285714285,0.8571428571428572,1.0,0.0,0.5953654188948306,0.40463458110516937,1.0,0.0,0.48658405101858193,0.5134159489814181,0.7795992714025501,0.22040072859744986,1.1698,0.06000000000000005,3.0,-5.0,107.0,0.1100000000000001,1.0,12.0,1.0,-61.47000000000003,0.307,-61.47000000000003,0.4124491756510655,1
2024-11-14,Madagascar,Túnez,2-3,,,0.6498000000000004,1.8628000000000002,0.34,0.66,2.0,5.0,6.0,8.0,2.0,1.0,17.0,16.0,2.0,0.0,1180.0,1478.52,0.283,2.69,2024.0,0.7,207.0,0.85,478.0,2,3,2,-1,0,0,3,0.2586165724747274,0.7413834275252726,0.2857142857142857,0.7142857142857143,0.42857142857142855,0.5714285714285714,1.0,0.0,0.3021897810218978,0.6978102189781021,0.4,0.6,0.44385598001895793,0.5561440199810421,0.0951900437268752,0.9048099562731248,-1.2129999999999999,-0.32,-3.0,-2.0,-271.0,-0.15000000000000002,1.0,1.0,2.0,-298.52,-2.407,-298.52,0.15207488567148475,1
2024-11-14,Sudán del Sur,Congo,3-2,,,1.2124,1.8579999999999997,0.42,0.58,6.0,5.0,3.0,2.0,0.0,1.0,8.0,11.0,3.0,3.0,955.67,1159.42,0.064,0.111,2024.0,0.72,222.0,0.81,345.0,3,2,1,1,1,3,0,0.39486711829077653,0.6051328817092234,0.5454545454545454,0.4545454545454546,0.6,0.4,0.5,0.5,0.3915343915343915,0.6084656084656085,0.6,0.4,0.45183420090870835,0.5481657990912916,0.36571428571428577,0.6342857142857142,-0.6455999999999997,-0.15999999999999998,1.0,1.0,-123.0,-0.09000000000000008,-1.0,-3.0,0.0,-203.7500000000001,-0.047,-203.7500000000001,0.2363349349476546,0
2024-11-14,Benín,Nigeria,1-1,,,0.7395999999999999,0.9930000000000002,0.34,0.66,2.0,2.0,6.0,1.0,1.0,0.0,16.0,13.0,1.0,1.0,1250.97,1503.29,0.723,7.48,2024.0,0.7,195.0,0.82,502.0,1,1,X,0,0,1,1,0.42687290776867126,0.5731270922313287,0.5,0.5,0.8571428571428571,0.1428571428571429,0.5,0.5,0.2797704447632712,0.7202295552367288,0.5,0.5,0.4541945931030476,0.5458054068969524,0.08813848591978543,0.9118615140802145,-0.2534000000000003,-0.32,0.0,5.0,-307.0,-0.12,1.0,3.0,0.0,-252.31999999999994,-6.757000000000001,-252.31999999999994,0.18962161767634075,1
2024-11-14,Burkina Faso,Senegal,0-1,,,1.4148000000000003,1.6857999999999997,0.34,0.66,5.0,6.0,6.0,8.0,2.88,3.76,14.0,17.0,5.0,5.0,1399.8,1627.13,4.42,18.39,2024.0,0.67,173.0,0.84,390.0,0,1,2,-1,0,0,3,0.45629878088111986,0.5437012191188801,0.45454545454545453,0.5454545454545454,0.42857142857142855,0.5714285714285714,0.5,0.5,0.30728241563055064,0.6927175843694493,0.0,1.0,0.46244875170552335,0.5375512482944766,0.19377466023673826,0.8062253397632617,-0.27099999999999946,-0.32,-1.0,-2.0,-217.0,-0.16999999999999993,-0.8799999999999999,-3.0,0.0,-227.33000000000015,-13.97,-227.33000000000015,0.21271841685491397,1
2024-11-14,Eslovenia,Noruega,1-4,,,1.56,1.6,0.43,0.57,3.0,7.0,0.0,3.0,0.0,1.0,12.0,11.0,3.0,2.0,1459.59,1473.5,4.02,22.69,2024.0,0.8,364.0,0.86,510.0,1,4,2,-3,0,0,3,0.4936708860759494,0.5063291139240507,0.3,0.7,0.0,1.0,0.6,0.4,0.41647597254004576,0.5835240274599542,0.2,0.8,0.49762878056929716,0.5023712194307028,0.15050542867839758,0.8494945713216024,-0.040000000000000036,-0.13999999999999996,-4.0,-3.0,-146.0,-0.05999999999999994,-1.0,1.0,1.0,-13.910000000000082,-18.67,-13.910000000000082,0.4799925896461418,0
2024-11-14,Grecia,Inglaterra,0-3,,,0.57,1.21,0.43,0.57,5.0,5.0,4.0,3.0,2.0,3.0,18.0,10.0,2.0,5.0,1487.42,1807.83,11.02,52.43,2024.0,0.85,351.0,0.9,489.0,0,3,2,-3,0,0,3,0.3202247191011236,0.6797752808988764,0.5,0.5,0.5714285714285714,0.4285714285714286,0.2857142857142857,0.7142857142857143,0.41785714285714287,0.5821428571428571,0.0,1.0,0.4513830513618087,0.5486169486381913,0.17368006304176514,0.8263199369582348,-0.64,-0.13999999999999996,0.0,1.0,-138.0,-0.050000000000000044,-1.0,8.0,-3.0,-320.40999999999985,-41.41,-320.40999999999985,0.13652841555358713,1
2024-11-14,Irlanda,Finlandia,1-0,,,0.95,1.98,0.44,0.56,3.0,4.0,7.0,5.0,2.0,0.0,9.0,9.0,4.0,2.0,1395.61,1374.58,5.44,1.55,2024.0,0.82,336.0,0.86,451.0,1,0,1,1,1,3,0,0.3242320819112628,0.6757679180887373,0.42857142857142855,0.5714285714285714,0.5833333333333334,0.41666666666666663,0.6666666666666666,0.33333333333333337,0.4269377382465057,0.5730622617534943,1.0,0.0,0.5037957685212928,0.4962042314787072,0.7782546494992847,0.2217453505007153,-1.03,-0.12000000000000005,-1.0,2.0,-115.0,-0.040000000000000036,2.0,0.0,2.0,21.029999999999973,3.8900000000000006,21.029999999999973,0.530227695906089,0
2024-11-14,Armenia,Islas Feroe,0-1,,,1.22,0.85,0.73,0.27,9.0,2.0,16.0,1.0,3.0,3.0,6.0,5.0,1.0,9.0,1222.74,1091.52,1.56,0.222,2024.0,0.87,587.0,0.58,149.0,0,1,2,-1,0,0,3,0.5893719806763286,0.41062801932367143,0.8181818181818182,0.18181818181818177,0.9411764705882353,0.05882352941176472,0.1,0.9,0.7975543478260869,0.20244565217391308,0.0,1.0,0.5283503150035,0.47164968499649995,0.8754208754208754,0.12457912457912457,0.37,0.45999999999999996,7.0,15.0,438.0,0.29000000000000004,0.0,1.0,-8.0,131.22000000000003,1.338,131.22000000000003,0.6803461540345344,-1
2024-11-14,Catar,Uzbekistán,3-2,,,2.094,1.9212000000000002,0.46,0.54,8.0,9.0,1.0,4.0,2.0,1.0,10.0,8.0,7.0,5.0,1478.6,1429.26,0.766,3.28,2024.0,0.79,358.0,0.82,436.0,3,2,1,1,1,3,0,0.5215182307232515,0.47848176927674846,0.47058823529411764,0.5294117647058824,0.2,0.8,0.5833333333333334,0.41666666666666663,0.4508816120906801,0.5491183879093199,0.6,0.4,0.50848390225114,0.49151609774885996,0.18932278793870494,0.8106772120612951,0.17279999999999962,-0.08000000000000002,-1.0,-3.0,-78.0,-0.029999999999999916,1.0,2.0,2.0,49.33999999999992,-2.514,49.33999999999992,0.5705324522561607,0
2024-11-14,Macedonia del Norte,Letonia,1-0,,,1.61,0.68,0.63,0.37,4.0,1.0,5.0,2.0,2.0,3.0,11.0,13.0,1.0,3.0,1361.01,1093.82,1.38,0.329,2024.0,0.88,471.0,0.75,230.0,1,0,1,1,1,3,0,0.703056768558952,0.29694323144104795,0.8,0.19999999999999996,0.7142857142857143,0.2857142857142857,0.25,0.75,0.6718972895863052,0.32810271041369476,1.0,0.0,0.5544212837548832,0.4455787162451168,0.807489760093622,0.19251023990637794,0.93,0.26,3.0,3.0,241.0,0.13,-1.0,-2.0,-2.0,267.19000000000005,1.051,267.19000000000005,0.8231838796799252,-2
2024-11-14,Emiratos Árabes Unidos,Kirguistán,3-0,,,1.5026000000000002,0.951,0.55,0.45,6.0,4.0,4.0,6.0,1.0,0.0,15.0,23.0,4.0,3.0,1361.34,1207.08,1.21,0.271,2024.0,0.8,344.0,0.78,290.0,3,0,1,3,1,3,0,0.6124062601891099,0.38759373981089007,0.6,0.4,0.4,0.6,0.5714285714285714,0.4285714285714286,0.5425867507886435,0.4574132492113565,1.0,0.0,0.5300301352582522,0.46996986474174784,0.8170155300472655,0.18298446995273454,0.5516000000000002,0.10000000000000003,2.0,-2.0,54.0,0.020000000000000018,1.0,-8.0,1.0,154.26,0.939,154.26,0.7084756059467938,-1
2024-11-14,Corea del Norte,Irán,2-3,,,1.2433999999999998,2.6036,0.52,0.48,4.0,11.0,3.0,2.0,2.0,1.0,12.0,7.0,8.0,2.0,1175.14,1627.58,0.236,1.23,2024.0,0.81,375.0,0.81,352.0,2,3,2,-1,0,0,3,0.323212893163504,0.676787106836496,0.26666666666666666,0.7333333333333334,0.6,0.4,0.8,0.19999999999999996,0.515818431911967,0.48418156808803303,0.4,0.6,0.4192855511788548,0.5807144488211452,0.16098226466575716,0.8390177353342428,-1.3602000000000003,0.040000000000000036,-7.0,1.0,23.0,0.0,1.0,5.0,6.0,-452.4399999999998,-0.994,-452.4399999999998,0.06885231808290954,2
2024-11-14,Irak,Jordania,0-0,,,0.7752,0.8718000000000004,0.62,0.38,2.0,4.0,3.0,5.0,2.0,2.0,11.0,16.0,4.0,2.0,1434.4,1380.75,0.815,0.781,2024.0,0.69,281.0,0.66,188.0,0,0,X,0,0,1,1,0.4706739526411657,0.5293260473588344,0.3333333333333333,0.6666666666666667,0.375,0.625,0.6666666666666666,0.33333333333333337,0.5991471215351812,0.40085287846481876,0.5,0.5,0.5095287995311085,0.4904712004688915,0.5106516290726817,0.4893483709273183,-0.09660000000000035,0.24,-2.0,-2.0,93.0,0.029999999999999916,0.0,-5.0,2.0,53.65000000000009,0.03399999999999992,53.65000000000009,0.5766006833495723,0
2024-11-14,Omán,Palestina,1-0,,,1.2546,1.1921999999999995,0.57,0.43,5.0,5.0,3.0,8.0,1.0,0.0,10.0,17.0,5.0,4.0,1305.99,1218.43,0.297,0.343,2024.0,0.8,419.0,0.77,306.0,1,0,1,1,1,3,0,0.5127513487003433,0.48724865129965667,0.5,0.5,0.2727272727272727,0.7272727272727273,0.5555555555555556,0.4444444444444444,0.5779310344827586,0.4220689655172414,1.0,0.0,0.5173425975075463,0.4826574024924537,0.4640625,0.5359375,0.062400000000000455,0.13999999999999996,0.0,-5.0,113.0,0.030000000000000027,1.0,-7.0,1.0,87.55999999999995,-0.04600000000000004,87.55999999999995,0.623407307439317,0
2024-11-14,Australia,Arabia Saudí,0-0,,,0.6140000000000001,0.4458000000000002,0.42,0.58,2.0,1.0,3.0,3.0,2.0,2.0,11.0,9.0,1.0,2.0,1552.77,1422.67,2.98,1.56,2024.0,0.76,295.0,0.77,414.0,0,0,X,0,0,1,1,0.5793545952066427,0.4206454047933573,0.6666666666666666,0.33333333333333337,0.5,0.5,0.3333333333333333,0.6666666666666667,0.41607898448519043,0.5839210155148096,0.5,0.5,0.5218623128007959,0.47813768719920413,0.6563876651982379,0.3436123348017621,0.1681999999999999,-0.15999999999999998,1.0,0.0,-119.0,-0.010000000000000009,0.0,2.0,-1.0,130.0999999999999,1.42,130.0999999999999,0.6789424118699225,-1
2024-11-14,Bélgica,Italia,0-1,,,0.52,2.48,0.47,0.53,3.0,4.0,7.0,1.0,3.0,2.0,8.0,9.0,3.0,3.0,1761.27,1729.4,21.06,13.73,2024.0,0.84,390.0,0.87,475.0,0,1,2,-1,0,0,3,0.17333333333333334,0.8266666666666667,0.42857142857142855,0.5714285714285714,0.875,0.125,0.5,0.5,0.4508670520231214,0.5491329479768786,0.0,1.0,0.5045650261984089,0.49543497380159107,0.6053463638976717,0.3946536361023283,-1.96,-0.06000000000000005,-1.0,6.0,-85.0,-0.030000000000000027,1.0,-1.0,0.0,31.86999999999989,7.329999999999998,31.86999999999989,0.5457364094920556,0
2024-11-14,Francia,Israel,0-0,,,2.22,0.05,0.7,0.3,8.0,1.0,8.0,0.0,1.0,2.0,9.0,9.0,1.0,8.0,1859.85,1303.65,58.58,2.96,2024.0,0.9,673.0,0.75,243.0,0,0,X,0,0,1,1,0.9779735682819384,0.022026431718061623,0.8888888888888888,0.11111111111111116,1.0,0.0,0.1111111111111111,0.8888888888888888,0.7347161572052402,0.2652838427947598,0.5,0.5,0.5879089615931721,0.4120910384068279,0.9519012024699383,0.04809879753006174,2.1700000000000004,0.39999999999999997,7.0,8.0,430.0,0.15000000000000002,-1.0,0.0,-7.0,556.1999999999998,55.62,556.1999999999998,0.9608998757712839,-2
2024-11-15,Zimbabue,Kenia,1-1,,,1.0312000000000001,0.8962,0.4,0.6,4.0,2.0,1.0,5.0,1.0,3.0,13.0,13.0,1.0,3.0,1162.48,1195.36,1.21,0.135,2024.0,0.74,225.0,0.84,380.0,1,1,X,0,0,1,1,0.5350212721801391,0.46497872781986094,0.6666666666666666,0.33333333333333337,0.16666666666666666,0.8333333333333334,0.25,0.75,0.371900826446281,0.628099173553719,0.5,0.5,0.49302751671020933,0.5069724832897906,0.8996282527881041,0.1003717472118959,0.13500000000000012,-0.19999999999999996,2.0,-4.0,-155.0,-0.09999999999999998,-2.0,0.0,-2.0,-32.87999999999988,1.075,-32.87999999999988,0.4528226327898352,1
2024-11-15,Uganda,Sudáfrica,0-2,,,0.3258,1.2533999999999996,0.4,0.6,0.0,2.0,1.0,2.0,1.0,0.0,10.0,12.0,0.0,0.0,1269.79,1415.98,0.297,1.89,2024.0,0.75,264.0,0.86,489.0,0,2,2,-2,0,0,3,0.20630699088145898,0.793693009118541,0.0,1.0,0.3333333333333333,0.6666666666666667,0.5,0.5,0.350597609561753,0.649402390438247,0.0,1.0,0.4727843411759011,0.5272156588240988,0.13580246913580246,0.8641975308641976,-0.9275999999999996,-0.19999999999999996,-2.0,-1.0,-225.0,-0.10999999999999999,1.0,-2.0,0.0,-146.19000000000005,-1.593,-146.19000000000005,0.30121111243158616,1
2024-11-15,Botsuana,Mauritania,1-1,,,1.6526000000000005,1.6788000000000003,0.51,0.49,7.0,5.0,8.0,3.0,3.0,3.0,15.0,25.0,4.0,6.0,1088.45,1168.44,0.117,1.01,2024.0,0.73,232.0,0.73,210.0,1,1,X,0,0,1,1,0.4960677192771808,0.5039322807228193,0.5833333333333334,0.41666666666666663,0.7272727272727273,0.2727272727272727,0.4,0.6,0.5248868778280543,0.4751131221719457,0.5,0.5,0.48227871096951996,0.5177212890304801,0.10381543921916593,0.8961845607808341,-0.02619999999999978,0.020000000000000018,2.0,5.0,22.0,0.0,0.0,-10.0,-2.0,-79.99000000000001,-0.893,-79.99000000000001,0.38687683426883107,1
2024-11-15,Cabo Verde,Egipto,1-1,,,0.6658000000000002,1.3996000000000004,0.41,0.59,2.0,6.0,4.0,3.0,2.0,2.0,14.0,15.0,5.0,1.0,1340.87,1526.25,2.1,4.48,2024.0,0.76,279.0,0.85,460.0,1,1,X,0,0,1,1,0.3223588651108744,0.6776411348891256,0.25,0.75,0.5714285714285714,0.4285714285714286,0.8333333333333334,0.16666666666666663,0.37753721244925575,0.6224627875507442,0.5,0.5,0.4676713915008789,0.5323286084991211,0.3191489361702128,0.6808510638297872,-0.7338000000000002,-0.18,-4.0,1.0,-181.0,-0.08999999999999997,0.0,-1.0,4.0,-185.3800000000001,-2.3800000000000003,-185.3800000000001,0.25594867885121525,2
2024-11-15,Eswatini,Guinea-Bisáu,1-1,,,0.3532,1.9387999999999999,0.35,0.65,2.0,6.0,3.0,3.0,2.04,1.22,14.0,16.0,5.0,1.0,1009.19,1166.34,0.045,1.64,2024.0,0.71,221.0,0.84,511.0,1,1,X,0,0,1,1,0.15410122164048867,0.8458987783595113,0.25,0.75,0.5,0.5,0.8333333333333334,0.16666666666666663,0.30191256830601093,0.6980874316939891,0.5,0.5,0.4638823642974356,0.5361176357025643,0.026706231454005937,0.973293768545994,-1.5856,-0.30000000000000004,-4.0,0.0,-290.0,-0.13,0.8200000000000001,-2.0,4.0,-157.14999999999986,-1.595,-157.14999999999986,0.28810034694647035,1
2024-11-15,Gambia,Comores,1-2,,,1.4965999999999997,1.4145999999999994,0.59,0.41,6.0,6.0,8.0,4.0,2.0,2.0,10.0,11.0,4.0,5.0,1125.62,1185.98,3.43,0.667,2024.0,0.87,496.0,0.76,292.0,1,2,2,-1,0,0,3,0.5140835394339105,0.4859164605660895,0.5,0.5,0.6666666666666666,0.33333333333333337,0.4444444444444444,0.5555555555555556,0.6294416243654822,0.37055837563451777,0.3333333333333333,0.6666666666666667,0.48694410797715865,0.5130558920228414,0.8371979497193067,0.16280205028069328,0.0820000000000003,0.18,0.0,4.0,204.0,0.10999999999999999,0.0,-1.0,-1.0,-60.36000000000013,2.763,-60.36000000000013,0.4139984777138266,1
2024-11-15,Gabón,Marruecos,1-5,,,1.0784000000000002,2.0783999999999994,0.48,0.52,4.0,6.0,7.0,10.0,4.0,1.0,13.0,11.0,1.0,3.0,1294.11,1681.57,1.01,17.22,2024.0,0.83,326.0,0.81,304.0,1,5,2,-4,0,0,3,0.341611758743031,0.658388241256969,0.4,0.6,0.4117647058823529,0.5882352941176471,0.25,0.75,0.5174603174603175,0.4825396825396825,0.16666666666666666,0.8333333333333334,0.4348955532852995,0.5651044467147005,0.055403181568842566,0.9445968184311574,-0.9999999999999991,-0.040000000000000036,-2.0,-3.0,22.0,0.019999999999999907,3.0,2.0,-2.0,-387.46000000000004,-16.209999999999997,-387.46000000000004,0.09705366488627792,2
2024-11-15,Angola,Ghana,1-1,,,1.5814,0.5510000000000003,0.7,0.3,4.0,1.0,6.0,0.0,2.0,3.0,17.0,17.0,0.0,3.0,1298.75,1338.73,1.72,9.01,2024.0,0.86,495.0,0.68,187.0,1,1,X,0,0,1,1,0.7416057024948415,0.2583942975051585,0.8,0.19999999999999996,1.0,0.0,0.0,1.0,0.7258064516129032,0.27419354838709675,0.5,0.5,0.4924207956079288,0.5075792043920713,0.16029822926374648,0.8397017707362535,1.0303999999999998,0.39999999999999997,3.0,6.0,308.0,0.17999999999999994,-1.0,0.0,-3.0,-39.98000000000002,-7.29,-39.98000000000002,0.4427167705825174,0
2024-11-15,Irlanda del Norte,Bielorrusia,2-0,,,2.37,0.33,0.58,0.42,4.0,1.0,7.0,4.0,2.0,3.0,19.0,27.0,1.0,2.0,1345.06,1231.1,3.47,0.641,2024.0,0.81,348.0,0.68,210.0,2,0,1,2,1,3,0,0.8777777777777778,0.12222222222222223,0.8,0.19999999999999996,0.6363636363636364,0.36363636363636365,0.3333333333333333,0.6666666666666667,0.6236559139784946,0.3763440860215054,1.0,0.0,0.5221181914166823,0.47788180858331775,0.8440768669423497,0.15592313305765026,2.04,0.15999999999999998,3.0,3.0,138.0,0.13,-1.0,-8.0,-1.0,113.96000000000004,2.829,113.96000000000004,0.65836273277501,0
2024-11-15,Luxemburgo,Bulgaria,0-1,,,1.05,0.28,0.65,0.35,5.0,4.0,12.0,0.0,3.0,3.0,16.0,9.0,3.0,5.0,1262.08,1295.11,0.639,1.2,2024.0,0.85,468.0,0.74,231.0,0,1,2,-1,0,0,3,0.7894736842105263,0.21052631578947367,0.5555555555555556,0.4444444444444444,1.0,0.0,0.375,0.625,0.6695278969957081,0.33047210300429186,0.0,1.0,0.49354173917464095,0.506458260825359,0.3474714518760196,0.6525285481239804,0.77,0.30000000000000004,1.0,12.0,237.0,0.10999999999999999,0.0,7.0,-2.0,-33.02999999999997,-0.5609999999999999,-33.02999999999997,0.4526086959929337,0
2024-11-15,Rumanía,Kosovo,3-0,,,0.2,1.09,0.47,0.53,0.0,7.0,5.0,7.0,5.0,5.0,18.0,8.0,7.0,0.0,1487.22,1218.22,2.37,5.46,2024.0,0.79,297.0,0.84,352.0,3,0,1,3,1,3,0,0.15503875968992248,0.8449612403100775,0.0,1.0,0.4166666666666667,0.5833333333333333,1.0,0.0,0.4576271186440678,0.5423728813559322,1.0,0.0,0.5497146490034893,0.4502853509965107,0.30268199233716475,0.6973180076628352,-0.8900000000000001,-0.06000000000000005,-7.0,-2.0,-55.0,-0.04999999999999993,0.0,10.0,7.0,269.0,-3.09,269.0,0.8246953134461684,-1
2024-11-15,Dinamarca,España,1-2,,,0.59,1.8,0.47,0.53,3.0,4.0,7.0,7.0,4.0,2.0,8.0,17.0,2.0,2.0,1617.34,1844.33,15.87,47.03,2024.0,0.85,393.0,0.86,455.0,1,2,2,-1,0,0,3,0.24686192468619245,0.7531380753138075,0.42857142857142855,0.5714285714285714,0.5,0.5,0.5,0.5,0.4634433962264151,0.5365566037735849,0.3333333333333333,0.6666666666666667,0.46721380143110114,0.5327861985688989,0.2523052464228935,0.7476947535771066,-1.21,-0.06000000000000005,-1.0,0.0,-62.0,-0.010000000000000009,2.0,-9.0,0.0,-226.99,-31.160000000000004,-226.99,0.2130463715992436,0
2024-11-15,Escocia,Croacia,1-0,,,0.88,1.36,0.53,0.47,2.0,4.0,6.0,7.0,0.0,4.0,8.0,7.0,4.0,1.0,1461.34,1701.36,6.55,14.9,2024.0,0.88,471.0,0.87,407.0,1,0,1,1,1,3,0,0.39285714285714285,0.6071428571428572,0.3333333333333333,0.6666666666666667,0.46153846153846156,0.5384615384615384,0.8,0.19999999999999996,0.5364464692482915,0.46355353075170846,1.0,0.0,0.4620545736238024,0.5379454263761976,0.30536130536130535,0.6946386946386947,-0.4800000000000001,0.06000000000000005,-2.0,-1.0,64.0,0.010000000000000009,-4.0,1.0,3.0,-240.01999999999998,-8.350000000000001,-240.01999999999998,0.20074153643572304,1
2024-11-15,Suiza,Serbia,1-1,,,2.4,1.53,0.66,0.34,7.0,2.0,5.0,3.0,3.0,2.0,13.0,15.0,1.0,6.0,1631.38,1511.16,12.79,7.76,2024.0,0.88,471.0,0.75,207.0,1,1,X,0,0,1,1,0.6106870229007634,0.3893129770992366,0.7777777777777778,0.2222222222222222,0.625,0.375,0.14285714285714285,0.8571428571428572,0.6946902654867256,0.30530973451327437,0.5,0.5,0.5191278392637803,0.48087216073621974,0.6223844282238443,0.3776155717761557,0.8699999999999999,0.32,5.0,2.0,264.0,0.13,1.0,-2.0,-5.0,120.22000000000003,5.029999999999999,120.22000000000003,0.6664210145833878,-1
2024-11-15,Chipre,Lituania,2-1,,,1.27,0.85,0.46,0.54,4.0,4.0,5.0,2.0,4.0,2.0,21.0,22.0,3.0,2.0,1127.51,1082.36,0.737,0.703,2024.0,0.72,232.0,0.77,285.0,2,1,1,1,1,3,0,0.5990566037735849,0.40094339622641506,0.5,0.5,0.7142857142857143,0.2857142857142857,0.6,0.4,0.44874274661508706,0.5512572533849129,0.6666666666666666,0.33333333333333337,0.5102155330404051,0.4897844669595949,0.5118055555555555,0.4881944444444445,0.42000000000000004,-0.08000000000000002,0.0,3.0,-53.0,-0.050000000000000044,2.0,-1.0,1.0,45.15000000000009,0.03400000000000003,45.15000000000009,0.564612764602565,0
2024-11-15,San Marino,Gibraltar,1-1,,,2.13,1.74,0.59,0.41,5.0,3.0,2.0,2.0,4.0,6.0,19.0,13.0,2.0,4.0,737.04,848.32,0.044,0.073,2024.0,0.8,364.0,0.68,215.0,1,1,X,0,0,1,1,0.5503875968992248,0.4496124031007752,0.625,0.375,0.5,0.5,0.3333333333333333,0.6666666666666667,0.6286701208981001,0.37132987910189985,0.5,0.5,0.4649038704142907,0.5350961295857093,0.37606837606837606,0.6239316239316239,0.3899999999999999,0.18,2.0,0.0,149.0,0.12,-2.0,6.0,-2.0,-111.28000000000009,-0.028999999999999998,-111.28000000000009,0.345115628311894,0
2024-11-15,Mozambique,Mali,0-1,,,0.9620000000000001,1.0656,0.54,0.46,4.0,4.0,7.0,3.0,2.0,3.0,17.0,19.0,3.0,4.0,1229.01,1454.84,0.059,4.32,2024.0,0.82,393.0,0.79,341.0,0,1,2,-1,0,0,3,0.4744525547445256,0.5255474452554745,0.5,0.5,0.7,0.30000000000000004,0.42857142857142855,0.5714285714285714,0.5354223433242506,0.46457765667574935,0.0,1.0,0.4579279766007787,0.5420720233992213,0.013473395752454896,0.9865266042475451,-0.10360000000000003,0.08000000000000002,0.0,4.0,52.0,0.029999999999999916,-1.0,-2.0,-1.0,-225.82999999999993,-4.261,-225.82999999999993,0.21416804989853594,1
2024-11-15,Portugal,Polonia,5-1,,,3.19,0.69,0.66,0.34,6.0,5.0,3.0,4.0,4.0,1.0,9.0,12.0,4.0,1.0,1752.68,1523.19,38.67,8.91,2024.0,0.93,602.0,0.83,271.0,5,1,1,4,1,3,0,0.8221649484536082,0.1778350515463918,0.5454545454545454,0.4545454545454546,0.42857142857142855,0.5714285714285714,0.8,0.19999999999999996,0.6895761741122566,0.3104238258877434,0.8333333333333334,0.16666666666666663,0.535027336249607,0.46497266375039303,0.8127364438839849,0.18726355611601508,2.5,0.32,1.0,-1.0,331.0,0.10000000000000009,3.0,-3.0,3.0,229.49,29.76,229.49,0.7893564512800835,0
2024-11-15,Jamaica,EE. UU.,0-1,,,0.5316000000000001,1.1474000000000002,0.39,0.61,2.0,2.0,3.0,1.0,5.0,2.0,14.0,12.0,1.0,2.0,1405.36,1630.97,0.377,14.83,2024.0,0.83,255.0,0.9,442.0,0,1,2,-1,0,0,3,0.31661703394877905,0.683382966051221,0.5,0.5,0.75,0.25,0.3333333333333333,0.6666666666666667,0.36585365853658536,0.6341463414634146,0.0,1.0,0.46284824113321016,0.5371517588667898,0.02479121457223647,0.9752087854277636,-0.6158000000000001,-0.21999999999999997,0.0,2.0,-187.0,-0.07000000000000006,3.0,2.0,-1.0,-225.61000000000013,-14.453,-225.61000000000013,0.21438126596189352,1
2024-11-15,Costa Rica,Panamá,0-1,,,1.2782,1.5702,0.4,0.6,5.0,6.0,5.0,1.0,1.0,4.0,27.0,21.0,5.0,5.0,1465.57,1493.8,1.34,1.33,2024.0,0.76,238.0,0.83,409.0,0,1,2,-1,0,0,3,0.4487431540513973,0.5512568459486027,0.45454545454545453,0.5454545454545454,0.8333333333333334,0.16666666666666663,0.5,0.5,0.3678516228748068,0.6321483771251932,0.0,1.0,0.49523040376836963,0.5047695962316303,0.50187265917603,0.49812734082397003,-0.29200000000000004,-0.19999999999999996,-1.0,4.0,-171.0,-0.06999999999999995,-3.0,6.0,0.0,-28.230000000000018,0.010000000000000009,-28.230000000000018,0.45946293311395264,0
2024-11-15,Indonesia,Japón,0-4,,,0.7595999999999999,2.3552,0.33,0.67,3.0,8.0,4.0,6.0,0.0,1.0,9.0,6.0,4.0,3.0,1118.87,1645.09,0.85,10.42,2024.0,0.78,260.0,0.85,588.0,0,4,2,-4,0,0,3,0.24386798510337743,0.7561320148966226,0.2727272727272727,0.7272727272727273,0.4,0.6,0.5714285714285714,0.4285714285714286,0.30660377358490565,0.6933962264150944,0.0,1.0,0.40480687130059767,0.5951931286994023,0.07542147293700088,0.9245785270629991,-1.5956000000000001,-0.34,-5.0,-2.0,-328.0,-0.06999999999999995,-1.0,3.0,1.0,-526.22,-9.57,-526.22,0.046125515396346524,3
2024-11-16,Georgia,Ucrania,1-1,,,1.03,0.9,0.57,0.43,3.0,3.0,8.0,4.0,2.0,4.0,8.0,17.0,2.0,2.0,1365.56,1552.37,9.65,9.88,2024.0,0.87,463.0,0.83,338.0,1,1,X,0,0,1,1,0.533678756476684,0.46632124352331605,0.5,0.5,0.6666666666666666,0.33333333333333337,0.5,0.5,0.5780274656679151,0.4219725343320849,0.5,0.5,0.4679892937801798,0.5320107062198203,0.4941116231438812,0.5058883768561189,0.13,0.13999999999999996,0.0,4.0,125.0,0.040000000000000036,-2.0,-9.0,0.0,-186.80999999999995,-0.23000000000000043,-186.80999999999995,0.254384186430693,1
2024-11-16,Albania,República Checa,0-0,,,0.36,0.4,0.43,0.57,2.0,2.0,2.0,6.0,1.0,2.0,11.0,15.0,2.0,2.0,1379.29,1480.39,3.42,7.24,2024.0,0.79,297.0,0.83,406.0,0,0,X,0,0,1,1,0.47368421052631576,0.5263157894736843,0.5,0.5,0.25,0.75,0.5,0.5,0.422475106685633,0.5775248933143671,0.5,0.5,0.482323197001063,0.5176768029989369,0.32082551594746717,0.6791744840525329,-0.040000000000000036,-0.13999999999999996,0.0,-4.0,-109.0,-0.039999999999999925,-1.0,-4.0,0.0,-101.10000000000014,-3.8200000000000003,-101.10000000000014,0.358477495094195,0
2024-11-16,Países Bajos,Hungría,4-0,,,3.12,1.33,0.72,0.28,11.0,2.0,5.0,4.0,1.0,2.0,10.0,14.0,2.0,7.0,1748.24,1519.33,29.01,7.21,2024.0,0.93,629.0,0.77,196.0,4,0,1,4,1,3,0,0.701123595505618,0.298876404494382,0.8461538461538461,0.15384615384615385,0.5555555555555556,0.4444444444444444,0.2222222222222222,0.7777777777777778,0.7624242424242424,0.23757575757575755,1.0,0.0,0.535027558705705,0.46497244129429505,0.80093870789619,0.19906129210380996,1.79,0.43999999999999995,9.0,1.0,433.0,0.16000000000000003,-1.0,-4.0,-5.0,228.91000000000008,21.8,228.91000000000008,0.7888007717710649,0
2024-11-16,Alemania,Bosnia-Herzegovina,7-0,,,4.03,0.46,0.73,0.27,13.0,3.0,3.0,0.0,1.0,2.0,7.0,12.0,3.0,6.0,1703.59,1324.43,36.42,5.63,2024.0,0.92,695.0,0.76,221.0,7,0,1,7,1,3,0,0.8975501113585747,0.10244988864142535,0.8125,0.1875,1.0,0.0,0.3333333333333333,0.6666666666666667,0.7587336244541485,0.2412663755458515,1.0,0.0,0.5626085692961077,0.4373914307038923,0.8661117717003567,0.1338882282996433,3.5700000000000003,0.45999999999999996,10.0,3.0,474.0,0.16000000000000003,-1.0,-5.0,-3.0,379.15999999999985,30.790000000000003,379.15999999999985,0.8986779252856055,-2
2024-11-16,Montenegro,Islandia,0-2,,,0.98,1.31,0.51,0.49,3.0,3.0,7.0,2.0,4.0,3.0,9.0,7.0,1.0,3.0,1323.2,1353.18,2.48,3.71,2024.0,0.74,283.0,0.7,264.0,0,2,2,-2,0,0,3,0.4279475982532751,0.5720524017467249,0.5,0.5,0.7777777777777778,0.2222222222222222,0.25,0.75,0.5173674588665448,0.4826325411334552,0.0,1.0,0.4943991510921468,0.5056008489078532,0.40064620355411956,0.5993537964458804,-0.33000000000000007,0.020000000000000018,0.0,5.0,19.0,0.040000000000000036,1.0,2.0,-2.0,-29.980000000000018,-1.23,-29.980000000000018,0.4569620769002237,1
2024-11-16,Suecia,Eslovaquia,2-1,,,2.14,0.48,0.61,0.39,8.0,2.0,6.0,2.0,3.0,5.0,15.0,13.0,1.0,6.0,1530.41,1489.88,15.62,2.3,2024.0,0.79,406.0,0.73,244.0,2,1,1,1,1,3,0,0.816793893129771,0.18320610687022898,0.8,0.19999999999999996,0.75,0.25,0.14285714285714285,0.8571428571428572,0.6246153846153846,0.3753846153846154,0.6666666666666666,0.33333333333333337,0.5067096205993464,0.49329037940065357,0.8716517857142858,0.1283482142857142,1.6600000000000001,0.21999999999999997,6.0,4.0,162.0,0.06000000000000005,-2.0,2.0,-5.0,40.52999999999997,13.32,40.52999999999997,0.55806421175933,-1
2024-11-16,Andorra,Moldavia,0-1,,,0.35,1.32,0.36,0.64,3.0,6.0,1.0,3.0,3.0,4.0,20.0,22.0,5.0,3.0,977.96,1040.83,0.137,0.373,2024.0,0.55,152.0,0.75,357.0,0,1,2,-1,0,0,3,0.20958083832335328,0.7904191616766467,0.3333333333333333,0.6666666666666667,0.25,0.75,0.625,0.375,0.29862475442043224,0.7013752455795678,0.0,1.0,0.4844287915038216,0.5155712084961783,0.26862745098039215,0.7313725490196079,-0.9700000000000001,-0.28,-3.0,-2.0,-205.0,-0.19999999999999996,-1.0,-2.0,2.0,-62.86999999999989,-0.236,-62.86999999999989,0.4104975750455414,0
2024-11-16,Surinam,Canadá,0-1,,,0.4674000000000001,2.770200000000001,0.41,0.59,0.0,11.0,1.0,7.0,3.0,4.0,17.0,15.0,10.0,0.0,1105.29,1507.27,1.38,7.64,2024.0,0.87,327.0,0.88,513.0,0,1,2,-1,0,0,3,0.14436619718309857,0.8556338028169015,0.0,1.0,0.125,0.875,1.0,0.0,0.3892857142857143,0.6107142857142858,0.0,1.0,0.4230677955721591,0.5769322044278409,0.15299334811529933,0.8470066518847007,-2.302800000000001,-0.18,-11.0,-6.0,-186.0,-0.010000000000000009,-1.0,2.0,10.0,-401.98,-6.26,-401.98,0.08997150613938057,2
2024-11-16,Turquía,Gales,0-0,,,3.02,0.24,0.63,0.37,3.0,1.0,9.0,2.0,1.0,2.0,13.0,10.0,1.0,3.0,1548.15,1528.96,18.22,6.69,2024.0,0.84,464.0,0.76,251.0,0,0,X,0,0,1,1,0.9263803680981596,0.0736196319018404,0.75,0.25,0.8181818181818182,0.18181818181818177,0.25,0.75,0.6489510489510489,0.35104895104895106,0.5,0.5,0.5031181855702266,0.4968818144297734,0.7314331593737454,0.2685668406262546,2.7800000000000002,0.26,2.0,7.0,213.0,0.07999999999999996,-1.0,3.0,-2.0,19.190000000000055,11.529999999999998,19.190000000000055,0.5275885807159881,0
2024-11-16,Etiopía,Tanzania,0-2,,,1.4281999999999995,1.7987999999999997,0.59,0.41,5.0,7.0,1.0,3.0,2.0,2.0,12.0,22.0,5.0,5.0,1049.28,1173.84,0.126,0.361,2024.0,0.88,556.0,0.8,344.0,0,2,2,-2,0,0,3,0.4425782460489618,0.5574217539510382,0.4166666666666667,0.5833333333333333,0.25,0.75,0.5,0.5,0.6177777777777778,0.38222222222222224,0.0,1.0,0.4719853179315557,0.5280146820684444,0.2587268993839836,0.7412731006160165,-0.37060000000000026,0.18,-2.0,-2.0,212.0,0.07999999999999996,0.0,-10.0,0.0,-124.55999999999995,-0.235,-124.55999999999995,0.3280484347595264,1
2024-11-16,Guinea,RD Congo,1-0,,,1.0004000000000008,0.4204,0.55,0.45,3.0,0.0,5.0,5.0,1.0,2.0,11.0,8.0,0.0,2.0,1312.45,1431.3,2.47,5.53,2024.0,0.83,416.0,0.75,267.0,1,0,1,1,1,3,0,0.7041103603603606,0.29588963963963943,1.0,0.0,0.5,0.5,0.0,1.0,0.6090775988286969,0.39092240117130306,1.0,0.0,0.47834168564920276,0.5216583143507972,0.30875,0.6912499999999999,0.5800000000000008,0.10000000000000003,3.0,0.0,149.0,0.07999999999999996,-1.0,3.0,-2.0,-118.84999999999991,-3.06,-118.84999999999991,0.33533444867391654,1
2024-11-16,Azerbaiyán,Estonia,0-0,,,1.13,0.24,0.7,0.3,3.0,1.0,8.0,3.0,2.0,4.0,7.0,11.0,1.0,3.0,1161.8,1145.52,0.706,0.516,2024.0,0.87,520.0,0.72,188.0,0,0,X,0,0,1,1,0.8248175182481752,0.17518248175182483,0.75,0.25,0.7272727272727273,0.2727272727272727,0.25,0.75,0.7344632768361582,0.2655367231638418,0.5,0.5,0.5035279025016036,0.4964720974983964,0.5777414075286416,0.42225859247135844,0.8899999999999999,0.39999999999999997,2.0,5.0,332.0,0.15000000000000002,-2.0,-4.0,-2.0,16.279999999999973,0.18999999999999995,16.279999999999973,0.5234116713314261,0
2024-11-16,Honduras,México,2-0,,,2.0470000000000006,2.1676000000000006,0.43,0.57,9.0,9.0,1.0,4.0,0.0,3.0,11.0,18.0,9.0,7.0,1312.66,1640.67,0.805,7.38,2024.0,0.89,394.0,0.91,585.0,2,0,1,2,1,3,0,0.48569259241683677,0.5143074075831633,0.5,0.5,0.2,0.8,0.5625,0.4375,0.4024514811031665,0.5975485188968335,1.0,0.0,0.44446777027965045,0.5555322297203495,0.09835064141722663,0.9016493585827734,-0.12060000000000004,-0.13999999999999996,0.0,-3.0,-191.0,-0.020000000000000018,-3.0,-7.0,2.0,-328.01,-6.575,-328.01,0.1314524275765438,2
2024-11-17,Argelia,Liberia,5-1,,,3.8726000000000003,0.39640000000000014,0.61,0.39,12.0,1.0,3.0,1.0,0.0,3.0,20.0,10.0,0.0,7.0,1496.94,1048.86,9.88,0.551,2024.0,0.84,505.0,0.83,292.0,5,1,1,4,1,3,0,0.9071445303349731,0.09285546966502689,0.9230769230769231,0.07692307692307687,0.75,0.25,0.0,1.0,0.6336260978670013,0.3663739021329987,0.8333333333333334,0.16666666666666663,0.5880037709168041,0.4119962290831959,0.9471766848816029,0.05282331511839711,3.4762,0.21999999999999997,11.0,2.0,213.0,0.010000000000000009,-3.0,10.0,-7.0,448.08000000000015,9.329,448.08000000000015,0.9295210795690959,-2
2024-11-17,Togo,Guinea Ecuatorial,3-0,,,1.4212,0.6996000000000002,0.45,0.55,5.0,3.0,2.0,1.0,2.0,2.0,21.0,15.0,3.0,2.0,1147.91,1266.68,1.11,0.191,2024.0,0.71,193.0,0.73,265.0,3,0,1,3,1,3,0,0.6701244813278008,0.3298755186721992,0.625,0.375,0.6666666666666666,0.33333333333333337,0.6,0.4,0.42139737991266374,0.5786026200873362,1.0,0.0,0.4754057624689906,0.5245942375310094,0.8531898539584934,0.14681014604150655,0.7215999999999998,-0.10000000000000003,2.0,1.0,-72.0,-0.020000000000000018,0.0,6.0,1.0,-118.76999999999998,0.919,-118.76999999999998,0.3354370989098798,1
2024-11-17,Letonia,Armenia,1-2,,,0.7,2.02,0.51,0.49,2.0,5.0,0.0,9.0,2.0,1.0,9.0,9.0,3.0,1.0,1093.82,1222.74,0.329,1.56,2024.0,0.78,322.0,0.79,317.0,1,2,2,-1,0,0,3,0.2573529411764706,0.7426470588235294,0.2857142857142857,0.7142857142857143,0.0,1.0,0.75,0.25,0.5039123630672926,0.4960876369327074,0.3333333333333333,0.6666666666666667,0.47217425838311977,0.5278257416168802,0.1741662255161461,0.8258337744838539,-1.32,0.020000000000000018,-3.0,-9.0,5.0,-0.010000000000000009,1.0,0.0,2.0,-128.92000000000007,-1.231,-128.92000000000007,0.32254003832545075,1
2024-11-17,Noruega,Kazajistán,5-0,,,2.23,0.3,0.62,0.38,9.0,0.0,11.0,3.0,0.0,2.0,8.0,16.0,0.0,4.0,1473.5,1186.46,22.69,0.652,2024.0,0.9,546.0,0.83,306.0,5,0,1,5,1,3,0,0.8814229249011858,0.11857707509881421,1.0,0.0,0.7857142857142857,0.2142857142857143,0.0,1.0,0.6408450704225352,0.35915492957746475,1.0,0.0,0.5539556985819336,0.4460443014180664,0.9720675177791106,0.0279324822208894,1.93,0.24,9.0,8.0,240.0,0.07000000000000006,-2.0,-8.0,-4.0,287.03999999999996,22.038,287.03999999999996,0.8392063911380833,-1
2024-11-17,Inglaterra,Irlanda,5-0,,,3.87,0.04,0.74,0.26,7.0,1.0,12.0,0.0,4.0,4.0,7.0,9.0,1.0,2.0,1807.83,1395.61,52.43,5.44,2024.0,0.93,630.0,0.76,190.0,5,0,1,5,1,3,0,0.989769820971867,0.010230179028132946,0.875,0.125,1.0,0.0,0.3333333333333333,0.6666666666666667,0.7682926829268293,0.23170731707317072,1.0,0.0,0.5643402092750294,0.43565979072497063,0.9059961983756697,0.09400380162433031,3.83,0.48,6.0,12.0,440.0,0.17000000000000004,0.0,-2.0,-1.0,412.22,46.99,412.22,0.9147395793974678,-1
2024-11-17,Finlandia,Grecia,0-2,,,0.41,1.13,0.43,0.57,0.0,5.0,4.0,7.0,3.0,0.0,10.0,4.0,3.0,0.0,1374.58,1487.42,1.55,11.02,2024.0,0.86,410.0,0.89,561.0,0,2,2,-2,0,0,3,0.26623376623376627,0.7337662337662337,0.0,1.0,0.36363636363636365,0.6363636363636364,1.0,0.0,0.42224510813594235,0.5777548918640576,0.0,1.0,0.4802865129280223,0.5197134870719777,0.12330946698488465,0.8766905330151153,-0.72,-0.13999999999999996,-5.0,-3.0,-151.0,-0.030000000000000027,3.0,6.0,3.0,-112.84000000000015,-9.469999999999999,-112.84000000000015,0.3430888651370427,0
2024-11-17,Austria,Eslovenia,1-1,,,2.29,0.69,0.67,0.33,4.0,3.0,3.0,0.0,1.0,2.0,12.0,9.0,2.0,3.0,1589.17,1459.59,9.43,4.02,2024.0,0.85,558.0,0.68,219.0,1,1,X,0,0,1,1,0.7684563758389262,0.23154362416107377,0.5714285714285714,0.4285714285714286,1.0,0.0,0.4,0.6,0.7181467181467182,0.28185328185328185,0.5,0.5,0.5212512628084861,0.4787487371915139,0.7011152416356877,0.2988847583643123,1.6,0.34,1.0,3.0,339.0,0.16999999999999993,-1.0,3.0,-1.0,129.58000000000015,5.41,129.58000000000015,0.6782895710798778,-1
2024-11-17,Italia,Francia,1-3,,,0.66,0.39,0.54,0.46,4.0,4.0,3.0,3.0,1.0,2.0,20.0,13.0,1.0,3.0,1729.4,1859.85,13.73,58.58,2024.0,0.88,498.0,0.88,432.0,1,3,2,-2,0,0,3,0.6285714285714286,0.37142857142857144,0.5,0.5,0.5,0.5,0.25,0.75,0.535483870967742,0.46451612903225803,0.25,0.75,0.48182767987741176,0.5181723201225883,0.18987691882173974,0.8101230811782603,0.27,0.08000000000000002,0.0,0.0,66.0,0.0,-1.0,7.0,-2.0,-130.44999999999982,-44.849999999999994,-130.44999999999982,0.32061856952435847,0
2024-11-17,Israel,Bélgica,1-0,,,0.85,0.83,0.3,0.7,4.0,4.0,5.0,5.0,3.0,3.0,14.0,10.0,4.0,3.0,1303.65,1761.27,2.96,21.06,2024.0,0.74,209.0,0.9,581.0,1,0,1,1,1,3,0,0.5059523809523809,0.49404761904761907,0.5,0.5,0.5,0.5,0.5714285714285714,0.4285714285714286,0.2645569620253165,0.7354430379746835,1.0,0.0,0.4253455228847735,0.5746544771152264,0.12323064113238967,0.8767693588676103,0.020000000000000018,-0.39999999999999997,0.0,0.0,-372.0,-0.16000000000000003,0.0,4.0,1.0,-457.6199999999999,-18.099999999999998,-457.6199999999999,0.06696500893864116,2
2024-11-17,Macedonia del Norte,Islas Feroe,1-0,,,0.73,0.32,0.61,0.39,4.0,1.0,2.0,5.0,5.0,1.0,7.0,8.0,1.0,3.0,1361.01,1091.52,1.38,0.222,2024.0,0.82,432.0,0.72,236.0,1,0,1,1,1,3,0,0.6952380952380952,0.3047619047619048,0.8,0.19999999999999996,0.2857142857142857,0.7142857142857143,0.25,0.75,0.6467065868263473,0.3532934131736527,1.0,0.0,0.5549412239605632,0.4450587760394368,0.8614232209737828,0.13857677902621723,0.41,0.21999999999999997,3.0,-3.0,196.0,0.09999999999999998,4.0,-1.0,-2.0,269.49,1.158,269.49,0.8251027321597293,-2
2024-11-18,Marruecos,Lesoto,7-0,,,2.9588000000000005,0.17919999999999991,0.71,0.29,9.0,1.0,6.0,1.0,0.0,4.0,10.0,14.0,1.0,2.0,1681.57,1032.79,17.22,0.025,2024.0,0.89,628.0,0.75,253.0,7,0,1,7,1,3,0,0.9428935627788401,0.057106437221159934,0.9,0.09999999999999998,0.8571428571428571,0.1428571428571429,0.3333333333333333,0.6666666666666667,0.7128263337116912,0.28717366628830876,1.0,0.0,0.619508834495056,0.380491165504944,0.9985503044360685,0.0014496955639314857,2.7796000000000007,0.42,8.0,5.0,375.0,0.14,-4.0,-4.0,-1.0,648.78,17.195,648.78,0.9766761320172067,-3
2024-11-18,Bulgaria,Bielorrusia,1-1,,,0.49,0.46,0.52,0.48,3.0,2.0,1.0,3.0,3.0,5.0,17.0,18.0,1.0,2.0,1295.11,1231.1,1.2,0.641,2024.0,0.8,364.0,0.79,322.0,1,1,X,0,0,1,1,0.5157894736842106,0.4842105263157894,0.6,0.4,0.25,0.75,0.3333333333333333,0.6666666666666667,0.5306122448979592,0.4693877551020408,0.5,0.5,0.5126691763550931,0.4873308236449069,0.6518196632265073,0.3481803367734927,0.02999999999999997,0.040000000000000036,1.0,-2.0,42.0,0.010000000000000009,-2.0,-1.0,-1.0,64.00999999999999,0.5589999999999999,64.00999999999999,0.5910895099138129,0
2024-11-18,Liechtenstein,San Marino,1-3,,,0.65,2.49,0.57,0.43,3.0,5.0,3.0,7.0,3.0,3.0,15.0,15.0,2.0,2.0,834.15,737.04,0.026,0.044,2024.0,0.77,323.0,0.72,221.0,1,3,2,-2,0,0,3,0.2070063694267516,0.7929936305732483,0.375,0.625,0.3,0.7,0.5,0.5,0.59375,0.40625,0.25,0.75,0.5309033280507132,0.46909667194928684,0.37142857142857144,0.6285714285714286,-1.8400000000000003,0.13999999999999996,-2.0,-4.0,102.0,0.050000000000000044,0.0,0.0,0.0,97.11000000000001,-0.018,97.11000000000001,0.6362234646620484,0
2024-11-18,Croacia,Portugal,1-1,,,2.14,1.31,0.43,0.57,8.0,5.0,5.0,7.0,0.0,2.0,8.0,8.0,4.0,7.0,1701.36,1752.68,14.9,38.67,2024.0,0.9,401.0,0.89,541.0,1,1,X,0,0,1,1,0.6202898550724638,0.3797101449275362,0.6153846153846154,0.3846153846153846,0.4166666666666667,0.5833333333333333,0.36363636363636365,0.6363636363636364,0.4256900212314225,0.5743099787685775,0.5,0.5,0.4925710182858334,0.5074289817141666,0.2781407504200112,0.7218592495799888,0.8300000000000001,-0.13999999999999996,3.0,-2.0,-140.0,0.010000000000000009,-2.0,0.0,-3.0,-51.320000000000164,-23.770000000000003,-51.320000000000164,0.4266770742647677,0
2024-11-18,España,Suiza,3-2,,,3.33,1.45,0.6,0.4,10.0,4.0,7.0,3.0,2.0,1.0,11.0,14.0,2.0,7.0,1844.33,1631.38,47.03,12.79,2024.0,0.91,521.0,0.84,330.0,3,2,1,1,1,3,0,0.696652719665272,0.303347280334728,0.7142857142857143,0.2857142857142857,0.7,0.30000000000000004,0.2222222222222222,0.7777777777777778,0.6122209165687427,0.38777908343125733,0.6,0.4,0.5306340287308204,0.46936597126917956,0.786191909060515,0.21380809093948505,1.8800000000000001,0.19999999999999996,6.0,4.0,191.0,0.07000000000000006,1.0,-3.0,-5.0,212.94999999999982,34.24,212.94999999999982,0.7730894264876309,0
2024-11-18,Comores,Madagascar,1-0,,,1.7096000000000005,1.0226000000000004,0.53,0.47,7.0,4.0,3.0,6.0,2.0,2.0,18.0,17.0,4.0,6.0,1185.98,1180.0,0.667,0.283,2024.0,0.79,365.0,0.8,311.0,1,0,1,1,1,3,0,0.6257228606983384,0.3742771393016616,0.6363636363636364,0.36363636363636365,0.3333333333333333,0.6666666666666667,0.4,0.6,0.5399408284023669,0.4600591715976331,1.0,0.0,0.501263746946297,0.49873625305370295,0.7021052631578948,0.2978947368421052,0.687,0.06000000000000005,3.0,-3.0,54.0,-0.010000000000000009,0.0,1.0,-2.0,5.980000000000018,0.38400000000000006,5.980000000000018,0.5086050620609447,0
2024-11-18,Serbia,Dinamarca,0-0,,,1.91,0.41,0.51,0.49,6.0,4.0,7.0,3.0,5.0,1.0,13.0,8.0,4.0,6.0,1511.16,1617.34,7.76,15.87,2024.0,0.83,375.0,0.81,371.0,0,0,X,0,0,1,1,0.8232758620689655,0.17672413793103448,0.6,0.4,0.7,0.30000000000000004,0.4,0.6,0.5026809651474531,0.4973190348525469,0.5,0.5,0.48303020616909065,0.5169697938309094,0.3283961066440965,0.6716038933559034,1.5,0.020000000000000018,2.0,4.0,4.0,0.019999999999999907,4.0,5.0,-2.0,-106.17999999999984,-8.11,-106.17999999999984,0.35178067309406125,1
2024-11-18,Kosovo,Lituania,1-0,,,0.6,0.49,0.43,0.57,4.0,4.0,4.0,2.0,2.0,1.0,17.0,17.0,4.0,3.0,1218.22,1082.36,5.46,0.703,2024.0,0.78,282.0,0.84,409.0,1,0,1,1,1,3,0,0.5504587155963303,0.4495412844036697,0.5,0.5,0.6666666666666666,0.33333333333333337,0.5714285714285714,0.4285714285714286,0.4081041968162084,0.5918958031837915,1.0,0.0,0.5295273365846873,0.4704726634153127,0.885932175888366,0.11406782411163396,0.10999999999999999,-0.13999999999999996,0.0,2.0,-127.0,-0.05999999999999994,1.0,0.0,1.0,135.86000000000013,4.757,135.86000000000013,0.6861267266138058,-1
2024-11-18,Luxemburgo,Irlanda del Norte,2-2,,,0.6,1.39,0.53,0.47,2.0,5.0,0.0,5.0,1.0,2.0,18.0,16.0,3.0,0.0,1262.08,1345.06,0.639,3.47,2024.0,0.82,333.0,0.8,271.0,2,2,X,0,0,1,1,0.30150753768844224,0.6984924623115578,0.2857142857142857,0.7142857142857143,0.0,1.0,1.0,0.0,0.5513245033112583,0.44867549668874174,0.5,0.5,0.4840860099572712,0.5159139900427288,0.1555122900949136,0.8444877099050864,-0.7899999999999999,0.06000000000000005,-3.0,-5.0,62.0,0.019999999999999907,-1.0,2.0,3.0,-82.98000000000002,-2.8310000000000004,-82.98000000000002,0.38280216970320147,0
2024-11-18,Polonia,Escocia,1-2,,,1.46,1.48,0.42,0.58,6.0,7.0,4.0,5.0,2.0,3.0,13.0,10.0,5.0,5.0,1523.19,1461.34,8.91,6.55,2024.0,0.82,327.0,0.84,457.0,1,2,2,-1,0,0,3,0.4965986394557823,0.5034013605442177,0.46153846153846156,0.5384615384615384,0.4444444444444444,0.5555555555555556,0.5,0.5,0.41709183673469385,0.5829081632653061,0.3333333333333333,0.6666666666666667,0.5103617655041163,0.48963823449588373,0.5763260025873221,0.42367399741267786,-0.020000000000000018,-0.15999999999999998,-1.0,-1.0,-130.0,-0.020000000000000018,-1.0,3.0,0.0,61.850000000000136,2.3600000000000003,61.850000000000136,0.5880808194257259,-1
2024-11-18,Rumanía,Chipre,4-1,,,2.78,0.96,0.66,0.34,9.0,4.0,5.0,2.0,0.0,4.0,11.0,13.0,3.0,5.0,1487.22,1127.51,2.37,0.737,2024.0,0.88,530.0,0.78,247.0,4,1,1,3,1,3,0,0.7433155080213903,0.25668449197860965,0.6923076923076923,0.3076923076923077,0.7142857142857143,0.2857142857142857,0.375,0.625,0.6821106821106822,0.31788931788931785,0.8,0.19999999999999996,0.5687853047924643,0.43121469520753575,0.7627936916639846,0.23720630833601541,1.8199999999999998,0.32,5.0,3.0,283.0,0.09999999999999998,-4.0,-2.0,-2.0,359.71000000000004,1.633,359.71000000000004,0.8880183321895222,-2
2024-11-18,Túnez,Gambia,0-1,,,1.6455999999999997,0.6498,0.64,0.36,3.0,2.0,10.0,2.0,1.0,2.0,5.0,21.0,1.0,3.0,1478.52,1125.62,2.69,3.43,2024.0,0.88,511.0,0.77,280.0,0,1,2,-1,0,0,3,0.7169120850396444,0.28308791496035557,0.6,0.4,0.8333333333333334,0.16666666666666663,0.25,0.75,0.6460176991150443,0.35398230088495575,0.0,1.0,0.5677574938367369,0.4322425061632631,0.4395424836601307,0.5604575163398693,0.9957999999999997,0.28,1.0,8.0,231.0,0.10999999999999999,-1.0,-16.0,-2.0,352.9000000000001,-0.7400000000000002,352.9000000000001,0.8840603670002611,-2
2024-11-18,Ghana,Níger,1-2,,,1.2978,1.331,0.58,0.42,3.0,5.0,6.0,5.0,2.0,1.0,13.0,26.0,3.0,2.0,1338.73,1114.73,9.01,0.428,2024.0,0.82,359.0,0.78,255.0,1,2,2,-1,0,0,3,0.49368533171028606,0.5063146682897139,0.375,0.625,0.5454545454545454,0.4545454545454546,0.6,0.4,0.5846905537459284,0.4153094462540716,0.3333333333333333,0.6666666666666667,0.5456498169931444,0.4543501830068556,0.9546514091968636,0.04534859080313636,-0.033199999999999896,0.15999999999999998,-2.0,1.0,104.0,0.039999999999999925,1.0,-13.0,1.0,224.0,8.581999999999999,224.0,0.784053683887815,-1
2024-11-18,República Centroafricana,Gabón,0-1,,,0.4497999999999999,1.6979999999999997,0.37,0.63,1.0,6.0,1.0,6.0,3.0,1.0,22.0,16.0,5.0,1.0,1125.26,1294.11,0.336,1.01,2024.0,0.71,203.0,0.81,361.0,0,1,2,-1,0,0,3,0.209423596238011,0.790576403761989,0.14285714285714285,0.8571428571428572,0.14285714285714285,0.8571428571428572,0.8333333333333334,0.16666666666666663,0.3599290780141844,0.6400709219858156,0.0,1.0,0.4651045520114741,0.534895447988526,0.24962852897473997,0.75037147102526,-1.2481999999999998,-0.26,-5.0,-5.0,-158.0,-0.10000000000000009,2.0,6.0,4.0,-168.8499999999999,-0.6739999999999999,-168.8499999999999,0.27448627461231523,1
2024-11-18,Nigeria,Ruanda,1-2,,,1.4372,0.7006,0.58,0.42,4.0,2.0,4.0,2.0,0.0,3.0,12.0,17.0,0.0,3.0,1503.29,1130.04,7.48,0.232,2024.0,0.86,405.0,0.8,271.0,1,2,2,-1,0,0,3,0.6722799139302087,0.3277200860697913,0.6666666666666666,0.33333333333333337,0.6666666666666666,0.33333333333333337,0.0,1.0,0.599112426035503,0.40088757396449703,0.3333333333333333,0.6666666666666667,0.5708703428738517,0.42912965712614826,0.9699170124481328,0.030082987551867224,0.7366,0.15999999999999998,2.0,2.0,134.0,0.05999999999999994,-3.0,-5.0,-3.0,373.25,7.248,373.25,0.8955378530160304,-2
2024-11-18,Sudán,Angola,0-0,,,0.5073999999999999,0.8715999999999998,0.52,0.48,1.0,2.0,3.0,5.0,1.0,3.0,13.0,21.0,2.0,1.0,1176.2,1298.75,0.121,1.72,2024.0,0.8,306.0,0.85,317.0,0,0,X,0,0,1,1,0.3679477882523568,0.6320522117476433,0.3333333333333333,0.6666666666666667,0.375,0.625,0.6666666666666666,0.33333333333333337,0.4911717495987159,0.5088282504012841,0.5,0.5,0.4752419240792744,0.5247580759207255,0.06572514937533949,0.9342748506246605,-0.36419999999999997,0.040000000000000036,-1.0,-2.0,-11.0,-0.04999999999999993,-2.0,-8.0,1.0,-122.54999999999995,-1.599,-122.54999999999995,0.3306040046176602,0
2024-11-18,Malaui,Burkina Faso,3-0,,,0.9477999999999998,1.5902000000000007,0.48,0.52,3.0,5.0,1.0,8.0,1.0,1.0,16.0,12.0,5.0,0.0,1111.16,1399.8,0.075,4.42,2024.0,0.75,287.0,0.85,350.0,3,0,1,3,1,3,0,0.3734436564223797,0.6265563435776202,0.375,0.625,0.1111111111111111,0.8888888888888888,1.0,0.0,0.45054945054945056,0.5494505494505495,1.0,0.0,0.4425239748940644,0.5574760251059356,0.01668520578420467,0.9833147942157954,-0.642400000000001,-0.040000000000000036,-2.0,-7.0,-63.0,-0.09999999999999998,0.0,4.0,5.0,-288.6399999999999,-4.345,-288.6399999999999,0.15955465402839397,2
2024-11-18,Libia,Benín,0-0,,,1.6022000000000003,0.4251999999999999,0.63,0.37,3.0,1.0,3.0,5.0,2.0,7.0,17.0,21.0,1.0,3.0,1148.7,1250.97,0.533,0.723,2024.0,0.78,371.0,0.56,139.0,0,0,X,0,0,1,1,0.7902732563874915,0.20972674361250854,0.75,0.25,0.375,0.625,0.25,0.75,0.7274509803921568,0.27254901960784317,0.5,0.5,0.4786908199877483,0.5213091800122517,0.4243630573248408,0.5756369426751592,1.1770000000000005,0.26,2.0,-2.0,232.0,0.21999999999999997,-5.0,-4.0,-2.0,-102.26999999999998,-0.18999999999999995,-102.26999999999998,0.3569301044906303,1
2024-11-19,Malta,Andorra,0-0,,,0.53,0.6,0.57,0.43,3.0,3.0,2.0,4.0,2.0,4.0,7.0,28.0,3.0,3.0,980.5,977.96,0.554,0.137,2024.0,0.74,327.0,0.7,233.0,0,0,X,0,0,1,1,0.46902654867256643,0.5309734513274336,0.5,0.5,0.3333333333333333,0.6666666666666667,0.5,0.5,0.5839285714285715,0.41607142857142854,0.5,0.5,0.5006484686947908,0.49935153130520915,0.8017366136034733,0.19826338639652674,-0.06999999999999995,0.13999999999999996,0.0,-2.0,94.0,0.040000000000000036,-2.0,-21.0,0.0,2.5399999999999636,0.41700000000000004,2.5399999999999636,0.503655288714629,0
2024-11-19,Suecia,Azerbaiyán,6-0,,,4.48,0.08,0.66,0.34,14.0,3.0,12.0,1.0,1.0,5.0,10.0,16.0,3.0,8.0,1530.41,1161.8,15.62,0.706,2024.0,0.86,494.0,0.73,225.0,6,0,1,6,1,3,0,0.9824561403508771,0.01754385964912286,0.8235294117647058,0.17647058823529416,0.9230769230769231,0.07692307692307687,0.2727272727272727,0.7272727272727273,0.6870653685674548,0.3129346314325452,1.0,0.0,0.56845862692732,0.43154137307268003,0.9567560945730735,0.043243905426926466,4.4,0.32,11.0,11.0,269.0,0.13,-4.0,-6.0,-5.0,368.6100000000001,14.914,368.6100000000001,0.8930126103012979,-3
2024-11-19,República Checa,Georgia,2-1,,,1.63,1.27,0.35,0.65,6.0,5.0,10.0,6.0,5.0,4.0,13.0,10.0,4.0,4.0,1480.39,1365.56,7.24,9.65,2024.0,0.77,244.0,0.86,521.0,2,1,1,1,1,3,0,0.5620689655172414,0.4379310344827586,0.5454545454545454,0.4545454545454546,0.625,0.375,0.5,0.5,0.31895424836601305,0.681045751633987,0.6666666666666666,0.33333333333333337,0.5201742827526837,0.47982571724731626,0.428656009473061,0.5713439905269391,0.3599999999999999,-0.30000000000000004,1.0,4.0,-277.0,-0.08999999999999997,1.0,3.0,0.0,114.83000000000015,-2.41,114.83000000000015,0.6594882709227653,0
2024-11-19,Montenegro,Turquía,3-1,,,0.87,1.63,0.29,0.71,6.0,6.0,2.0,5.0,6.0,5.0,14.0,6.0,5.0,3.0,1323.2,1548.15,2.48,18.22,2024.0,0.64,133.0,0.83,434.0,3,1,1,2,1,3,0,0.348,0.652,0.5,0.5,0.2857142857142857,0.7142857142857143,0.625,0.375,0.2345679012345679,0.7654320987654322,0.75,0.25,0.4608285301339091,0.5391714698660909,0.11980676328502415,0.8801932367149758,-0.7599999999999999,-0.42,0.0,-3.0,-301.0,-0.18999999999999995,1.0,8.0,2.0,-224.95000000000005,-15.739999999999998,-224.95000000000005,0.21502183994984148,2
2024-11-19,Gales,Islandia,4-1,,,1.68,1.53,0.61,0.39,10.0,5.0,7.0,2.0,3.0,5.0,10.0,14.0,4.0,6.0,1528.96,1353.18,6.69,3.71,2024.0,0.85,421.0,0.72,227.0,4,1,1,3,1,3,0,0.5233644859813084,0.47663551401869164,0.6666666666666666,0.33333333333333337,0.7777777777777778,0.2222222222222222,0.4,0.6,0.6496913580246914,0.35030864197530864,0.8,0.19999999999999996,0.5304947018534838,0.4695052981465162,0.6432692307692308,0.3567307692307692,0.1499999999999999,0.21999999999999997,5.0,5.0,194.0,0.13,-2.0,-4.0,-2.0,175.77999999999997,2.9800000000000004,175.77999999999997,0.7333861510142238,-1
2024-11-19,Bosnia-Herzegovina,Países Bajos,1-1,,,0.54,1.29,0.36,0.64,3.0,2.0,3.0,5.0,1.0,0.0,17.0,11.0,1.0,2.0,1324.43,1748.24,5.63,29.01,2024.0,0.78,260.0,0.88,528.0,1,1,X,0,0,1,1,0.29508196721311475,0.7049180327868853,0.6,0.4,0.375,0.625,0.3333333333333333,0.6666666666666667,0.3299492385786802,0.6700507614213198,0.5,0.5,0.4310355488874497,0.5689644511125502,0.16252886836027713,0.8374711316397229,-0.75,-0.28,1.0,-2.0,-268.0,-0.09999999999999998,1.0,6.0,-1.0,-423.80999999999995,-23.380000000000003,-423.80999999999995,0.08019898714067916,2
2024-11-19,Hungría,Alemania,1-1,,,1.82,1.27,0.29,0.71,6.0,3.0,7.0,5.0,2.0,3.0,17.0,12.0,2.0,5.0,1519.33,1703.59,7.21,36.42,2024.0,0.73,191.0,0.88,597.0,1,1,X,0,0,1,1,0.5889967637540453,0.4110032362459547,0.6666666666666666,0.33333333333333337,0.5833333333333334,0.41666666666666663,0.2857142857142857,0.7142857142857143,0.24238578680203046,0.7576142131979695,0.5,0.5,0.47141412135578914,0.5285858786442108,0.16525326610130642,0.8347467338986936,0.55,-0.42,3.0,2.0,-406.0,-0.15000000000000002,-1.0,5.0,-3.0,-184.26,-29.21,-184.26,0.2571784148299938,0
2024-11-19,Albania,Ucrania,1-2,,,1.62,1.42,0.55,0.45,2.0,8.0,5.0,3.0,3.0,1.0,12.0,17.0,6.0,1.0,1379.29,1552.37,3.42,9.88,2024.0,0.89,463.0,0.84,363.0,1,2,2,-1,0,0,3,0.5328947368421053,0.4671052631578947,0.2,0.8,0.625,0.375,0.8571428571428571,0.1428571428571429,0.5605326876513317,0.4394673123486683,0.3333333333333333,0.6666666666666667,0.4704808879610869,0.5295191120389131,0.2571428571428571,0.7428571428571429,0.20000000000000018,0.10000000000000003,-6.0,2.0,100.0,0.050000000000000044,2.0,-5.0,5.0,-173.07999999999993,-6.460000000000001,-173.07999999999993,0.26966388043313017,1
2024-11-19,Eslovaquia,Estonia,1-0,,,2.23,0.3,0.52,0.48,12.0,0.0,9.0,4.0,1.0,2.0,12.0,11.0,0.0,11.0,1489.88,1145.52,2.3,0.516,2024.0,0.88,427.0,0.84,386.0,1,0,1,1,1,3,0,0.8814229249011858,0.11857707509881421,1.0,0.0,0.6923076923076923,0.3076923076923077,0.0,1.0,0.5252152521525215,0.4747847478474785,1.0,0.0,0.5653335357061546,0.43466646429384537,0.8167613636363636,0.18323863636363635,1.93,0.040000000000000036,12.0,5.0,41.0,0.040000000000000036,-1.0,1.0,-11.0,344.3600000000001,1.7839999999999998,344.3600000000001,0.8789256517992684,-2
2024-11-19,Costa de Marfil,Chad,4-0,,,2.9534000000000007,0.15979999999999997,0.65,0.35,11.0,0.0,8.0,3.0,0.0,1.0,13.0,7.0,0.0,7.0,1493.57,933.39,20.08,0.356,2024.0,0.93,643.0,0.86,268.0,4,0,1,4,1,3,0,0.9486701785943723,0.051329821405627696,1.0,0.0,0.7272727272727273,0.2727272727272727,0.0,1.0,0.7058177826564215,0.2941822173435785,1.0,0.0,0.615407752908989,0.38459224709101103,0.9825797612057153,0.01742023879428467,2.7936000000000005,0.30000000000000004,11.0,5.0,375.0,0.07000000000000006,-1.0,6.0,-7.0,560.18,19.723999999999997,560.18,0.9617516300739698,-2
2024-11-19,Mauritania,Cabo Verde,1-0,,,1.8452000000000002,0.7626000000000001,0.34,0.66,8.0,3.0,4.0,9.0,2.0,4.0,17.0,18.0,3.0,7.0,1168.44,1340.87,1.01,2.1,2024.0,0.8,209.0,0.86,417.0,1,0,1,1,1,3,0,0.7075695988956209,0.2924304011043791,0.7272727272727273,0.2727272727272727,0.3076923076923077,0.6923076923076923,0.3,0.7,0.33386581469648563,0.6661341853035143,1.0,0.0,0.465641949380507,0.5343580506194929,0.3247588424437299,0.6752411575562701,1.0826000000000002,-0.32,5.0,-5.0,-208.0,-0.05999999999999994,-2.0,-1.0,-4.0,-172.42999999999984,-1.09,-172.42999999999984,0.27040142550218177,0
2024-11-19,Egipto,Botsuana,1-1,,,2.5324000000000004,0.7450000000000001,0.82,0.18,7.0,2.0,7.0,3.0,0.0,1.0,13.0,10.0,1.0,6.0,1526.25,1088.45,4.48,0.117,2024.0,0.89,686.0,0.48,77.0,1,1,X,0,0,1,1,0.7726856654665284,0.2273143345334716,0.7777777777777778,0.2222222222222222,0.7,0.30000000000000004,0.14285714285714285,0.8571428571428572,0.8990825688073395,0.1009174311926605,0.5,0.5,0.5837189734960034,0.41628102650399657,0.9745486186643463,0.025451381335653722,1.7874000000000003,0.6399999999999999,5.0,4.0,609.0,0.41000000000000003,-1.0,3.0,-5.0,437.79999999999995,4.363,437.79999999999995,0.9255444174980989,-3
2024-11-19,Sudáfrica,Sudán del Sur,3-0,,,3.164800000000001,0.08539999999999999,0.83,0.17,10.0,1.0,10.0,0.0,0.44,1.64,8.0,4.0,1.0,7.0,1415.98,955.67,1.89,0.064,2024.0,0.93,898.0,0.72,160.0,3,0,1,3,1,3,0,0.9737246938649929,0.02627530613500706,0.9090909090909091,0.09090909090909094,1.0,0.0,0.125,0.875,0.8487712665406427,0.15122873345935728,1.0,0.0,0.5970442518921426,0.4029557481078574,0.9672466734902764,0.032753326509723624,3.079400000000001,0.6599999999999999,9.0,10.0,738.0,0.21000000000000008,-1.2,4.0,-6.0,460.31000000000006,1.8259999999999998,460.31000000000006,0.933996033972456,-2
2024-11-19,Sierra Leona,Zambia,0-2,,,0.8069999999999999,0.8645999999999998,0.51,0.49,3.0,2.0,3.0,2.0,3.0,1.0,13.0,20.0,0.0,3.0,1149.81,1251.84,0.559,0.614,2024.0,0.82,355.0,0.86,331.0,0,2,2,-2,0,0,3,0.4827709978463748,0.5172290021536252,0.6,0.4,0.6,0.4,0.0,1.0,0.5174927113702624,0.4825072886297376,0.0,1.0,0.47875835363187813,0.5212416463681219,0.47655583972719523,0.5234441602728048,-0.057599999999999874,0.020000000000000018,1.0,1.0,24.0,-0.040000000000000036,2.0,-7.0,-3.0,-102.02999999999997,-0.05499999999999994,-102.02999999999997,0.35724727593406524,1
2024-11-19,RD Congo,Etiopía,1-2,,,1.5686000000000002,0.7456000000000003,0.54,0.46,4.0,2.0,9.0,3.0,0.0,2.0,10.0,12.0,0.0,3.0,1431.3,1049.28,5.53,0.126,2024.0,0.87,445.0,0.72,310.0,1,2,2,-1,0,0,3,0.6778152277244835,0.32218477227551645,0.6666666666666666,0.33333333333333337,0.75,0.25,0.0,1.0,0.5894039735099338,0.4105960264900662,0.3333333333333333,0.6666666666666667,0.5770021527223472,0.42299784727765277,0.9777227722772277,0.022277227722772297,0.823,0.08000000000000002,2.0,6.0,135.0,0.15000000000000002,-2.0,-2.0,-3.0,382.02,5.404,382.02,0.9001672140058722,-2
2024-11-19,Mali,Eswatini,6-0,,,4.163999999999999,0.18479999999999996,0.67,0.33,13.0,0.0,3.0,0.0,0.78,1.82,6.0,7.0,0.0,7.0,1454.84,1009.19,4.32,0.045,2024.0,0.93,697.0,0.79,315.0,6,0,1,6,1,3,0,0.9575055187637969,0.04249448123620314,1.0,0.0,1.0,0.0,0.0,1.0,0.6887351778656127,0.31126482213438733,1.0,0.0,0.5904311229976908,0.40956887700230915,0.9896907216494846,0.010309278350515427,3.9791999999999987,0.34,13.0,3.0,382.0,0.14,-1.04,-1.0,-7.0,445.64999999999986,4.275,445.64999999999986,0.9285991652854136,-2
2024-11-19,Guinea-Bisáu,Mozambique,1-2,,,1.7521999999999998,1.5625999999999993,0.61,0.39,5.0,6.0,4.0,3.0,2.0,3.0,15.0,17.0,4.0,4.0,1166.34,1229.01,1.64,0.059,2024.0,0.83,358.0,0.74,194.0,1,2,2,-1,0,0,3,0.528599010498371,0.471400989501629,0.45454545454545453,0.5454545454545454,0.5714285714285714,0.4285714285714286,0.5,0.5,0.6485507246376812,0.35144927536231885,0.3333333333333333,0.6666666666666667,0.48691840440854156,0.5130815955914585,0.9652736904061213,0.03472630959387868,0.18960000000000043,0.21999999999999997,-1.0,1.0,164.0,0.08999999999999997,-1.0,-2.0,0.0,-62.67000000000007,1.581,-62.67000000000007,0.41077620422144223,0
2024-11-19,Senegal,Burundi,2-0,,,2.816400000000001,0.3606000000000001,0.64,0.36,11.0,1.0,13.0,1.0,2.0,0.0,19.0,14.0,1.0,9.0,1627.13,1089.49,18.39,0.377,2024.0,0.9,527.0,0.73,232.0,2,0,1,2,1,3,0,0.8864966949952785,0.1135033050047215,0.9166666666666666,0.08333333333333337,0.9285714285714286,0.0714285714285714,0.1,0.9,0.69433465085639,0.30566534914361,1.0,0.0,0.5989538470599496,0.4010461529400504,0.9799115468641766,0.020088453135823414,2.455800000000001,0.28,10.0,12.0,295.0,0.17000000000000004,2.0,5.0,-8.0,537.6400000000001,18.013,537.6400000000001,0.9566820757831446,-3
2024-11-19,EE. UU.,Jamaica,4-2,,,2.8434000000000004,1.8079999999999998,0.66,0.34,10.0,7.0,2.0,1.0,1.64,2.2,15.0,3.0,5.0,6.0,1630.97,1405.36,14.83,0.377,2024.0,0.9,583.0,0.89,248.0,4,2,1,2,1,3,0,0.6112998237089908,0.38870017629100917,0.5882352941176471,0.4117647058823529,0.6666666666666666,0.33333333333333337,0.45454545454545453,0.5454545454545454,0.7015643802647413,0.2984356197352587,0.6666666666666666,0.33333333333333337,0.5371517588667899,0.4628482411332101,0.9752087854277635,0.024791214572236542,1.0354000000000005,0.32,3.0,1.0,335.0,0.010000000000000009,-0.5600000000000003,12.0,-1.0,225.61000000000013,14.453,225.61000000000013,0.7856187340381064,-1
2024-11-19,Panamá,Costa Rica,2-2,,,2.310200000000001,1.1510000000000002,0.54,0.46,9.0,4.0,7.0,2.0,1.0,5.0,9.0,15.0,2.0,7.0,1493.8,1465.57,1.33,1.34,2024.0,0.89,452.0,0.91,392.0,2,2,X,0,0,1,1,0.6674563735120768,0.33254362648792324,0.6923076923076923,0.3076923076923077,0.7777777777777778,0.2222222222222222,0.2222222222222222,0.7777777777777778,0.5355450236966824,0.46445497630331756,0.5,0.5,0.5047695962316304,0.4952304037683696,0.4981273408239701,0.5018726591760299,1.1592000000000007,0.08000000000000002,5.0,5.0,60.0,-0.020000000000000018,-4.0,-6.0,-5.0,28.230000000000018,-0.010000000000000009,28.230000000000018,0.5405370668860474,0
2024-11-19,Camerún,Zimbabue,2-1,,,2.5538,0.8019999999999997,0.56,0.44,9.0,2.0,4.0,3.0,0.0,1.0,14.0,5.0,1.0,7.0,1472.12,1162.48,8.28,1.21,2024.0,0.9,512.0,0.9,430.0,2,1,1,1,1,3,0,0.7610107872936409,0.2389892127063591,0.8181818181818182,0.18181818181818177,0.5714285714285714,0.4285714285714286,0.125,0.875,0.5435244161358811,0.4564755838641189,0.6666666666666666,0.33333333333333337,0.5587641387686935,0.44123586123130654,0.8724973656480507,0.1275026343519493,1.7518000000000002,0.12000000000000005,7.0,1.0,82.0,0.0,-1.0,9.0,-6.0,309.6399999999999,7.069999999999999,309.6399999999999,0.8559968005203077,-2
2024-11-19,Kenia,Namibia,0-0,,,0.47600000000000015,0.9064,0.5,0.5,0.0,2.0,2.0,7.0,1.98,1.88,17.0,14.0,2.0,0.0,1195.36,1173.81,0.135,0.09,2024.0,0.83,393.0,0.84,350.0,0,0,X,0,0,1,1,0.3443287037037038,0.6556712962962963,0.0,1.0,0.2222222222222222,0.7777777777777778,1.0,0.0,0.5289367429340511,0.47106325706594887,0.5,0.5,0.5045480062637969,0.4954519937362031,0.6,0.4,-0.43039999999999984,0.0,-2.0,-5.0,43.0,-0.010000000000000009,0.10000000000000009,3.0,2.0,21.549999999999955,0.04500000000000001,21.549999999999955,0.5309732329723442,0
2024-11-19,Tanzania,Guinea,1-0,,,0.7719999999999998,0.8247999999999996,0.43,0.57,1.0,0.0,7.0,2.0,3.0,2.0,12.0,19.0,0.0,0.0,1173.84,1312.45,0.361,2.47,2024.0,0.72,190.0,0.82,292.0,1,0,1,1,1,3,0,0.4834669338677355,0.5165330661322645,1.0,0.0,0.7777777777777778,0.2222222222222222,0.5,0.5,0.3941908713692946,0.6058091286307055,1.0,0.0,0.47212513423615105,0.527874865763849,0.12751677852348992,0.8724832214765101,-0.05279999999999985,-0.13999999999999996,1.0,5.0,-102.0,-0.09999999999999998,1.0,-7.0,0.0,-138.61000000000013,-2.109,-138.61000000000013,0.3104742020271033,0
2024-11-19,Kuwait,Jordania,1-1,,,1.1702,1.2663999999999997,0.48,0.52,5.0,4.0,3.0,11.0,1.0,1.0,4.0,11.0,3.0,4.0,1106.42,1380.75,0.176,0.781,2024.0,0.8,335.0,0.75,314.0,1,1,X,0,0,1,1,0.4802593778215547,0.5197406221784453,0.5555555555555556,0.4444444444444444,0.21428571428571427,0.7857142857142857,0.42857142857142855,0.5714285714285714,0.5161787365177196,0.4838212634822804,0.5,0.5,0.4448509752047508,0.5551490247952492,0.18390804597701146,0.8160919540229885,-0.09619999999999984,-0.040000000000000036,1.0,-8.0,21.0,0.050000000000000044,0.0,-7.0,-1.0,-274.3299999999999,-0.605,-274.3299999999999,0.17091300266958834,2
2024-11-19,Bahréin,Australia,2-2,,,0.8320000000000001,1.5156,0.41,0.59,3.0,4.0,2.0,6.0,1.0,1.0,10.0,11.0,2.0,1.0,1313.8,1552.77,0.256,2.98,2024.0,0.73,294.0,0.81,464.0,2,2,X,0,0,1,1,0.3544044982109389,0.6455955017890611,0.42857142857142855,0.5714285714285714,0.25,0.75,0.6666666666666666,0.33333333333333337,0.38786279683377306,0.6121372031662269,0.5,0.5,0.4583177804832954,0.5416822195167046,0.07911001236093944,0.9208899876390606,-0.6836,-0.18,-1.0,-4.0,-170.0,-0.08000000000000007,0.0,-1.0,1.0,-238.97000000000003,-2.724,-238.97000000000003,0.2017130624281433,2
2024-11-19,Emiratos Árabes Unidos,Catar,5-0,,,1.8468,0.5751999999999999,0.31,0.69,7.0,0.0,0.0,2.0,4.0,3.0,24.0,20.0,0.0,2.0,1361.34,1478.6,1.21,0.766,2024.0,0.79,202.0,0.83,433.0,5,0,1,5,1,3,0,0.7625103220478944,0.23748967795210563,1.0,0.0,0.0,1.0,0.0,1.0,0.31811023622047246,0.6818897637795276,1.0,0.0,0.4793551976450207,0.5206448023549792,0.6123481781376519,0.38765182186234814,1.2716,-0.37999999999999995,7.0,-2.0,-231.0,-0.039999999999999925,1.0,4.0,-2.0,-117.25999999999999,0.44399999999999995,-117.25999999999999,0.33737753240503243,0
2024-11-19,Omán,Irak,0-1,,,0.9098000000000003,0.9573999999999998,0.56,0.44,3.0,3.0,4.0,3.0,1.0,3.0,10.0,28.0,2.0,3.0,1305.99,1434.4,0.297,0.815,2024.0,0.8,427.0,0.76,298.0,0,1,2,-1,0,0,3,0.48725364181662395,0.512746358183376,0.5,0.5,0.5714285714285714,0.4285714285714286,0.4,0.6,0.5889655172413794,0.41103448275862065,0.0,1.0,0.47657085305376234,0.5234291469462377,0.2670863309352518,0.7329136690647482,-0.04759999999999953,0.12000000000000005,0.0,1.0,129.0,0.040000000000000036,-2.0,-18.0,-1.0,-128.41000000000008,-0.518,-128.41000000000008,0.3231818670478079,1
2024-11-19,Kirguistán,Irán,2-3,,,0.6393999999999999,1.9040000000000001,0.37,0.63,3.0,5.0,3.0,3.0,2.0,1.0,8.0,13.0,2.0,1.0,1207.08,1627.58,0.271,1.23,2024.0,0.78,299.0,0.84,529.0,2,3,2,-1,0,0,3,0.2513957694424785,0.7486042305575216,0.375,0.625,0.5,0.5,0.6666666666666666,0.33333333333333337,0.3611111111111111,0.6388888888888888,0.4,0.6,0.4258288471986058,0.5741711528013942,0.18054630246502335,0.8194536975349767,-1.2646000000000002,-0.26,-2.0,0.0,-230.0,-0.05999999999999994,1.0,-5.0,1.0,-420.5,-0.959,-420.5,0.08161582787541084,2
2024-11-19,Palestina,Corea del Sur,1-1,,,0.5424000000000002,1.5591999999999997,0.27,0.73,2.0,5.0,2.0,8.0,4.0,0.0,17.0,6.0,4.0,1.0,1218.43,1589.93,0.343,5.35,2024.0,0.63,158.0,0.91,620.0,1,1,X,0,0,1,1,0.25808907499048356,0.7419109250095164,0.2857142857142857,0.7142857142857143,0.2,0.8,0.8,0.19999999999999996,0.20308483290488433,0.7969151670951157,0.5,0.5,0.43385819481832816,0.5661418051816718,0.06024942912348499,0.939750570876515,-1.0167999999999995,-0.45999999999999996,-3.0,-6.0,-462.0,-0.28,4.0,11.0,3.0,-371.5,-5.007,-371.5,0.10540831200528564,2
2024-11-19,China,Japón,1-3,,,0.6346,1.8887999999999996,0.31,0.69,3.0,6.0,2.0,6.0,3.0,1.0,19.0,10.0,3.0,2.0,1257.29,1645.09,0.551,10.42,2024.0,0.67,216.0,0.86,576.0,1,3,2,-2,0,0,3,0.2514860901957677,0.7485139098042324,0.3333333333333333,0.6666666666666667,0.25,0.75,0.6,0.4,0.2727272727272727,0.7272727272727273,0.25,0.75,0.4331927590460243,0.5668072409539757,0.050223316014948505,0.9497766839850514,-1.2541999999999995,-0.37999999999999995,-3.0,-4.0,-360.0,-0.18999999999999995,2.0,9.0,1.0,-387.79999999999995,-9.869,-387.79999999999995,0.09688228257884422,2
2024-11-19,Corea del Norte,Uzbekistán,0-1,,,0.7206,0.9218000000000004,0.56,0.44,2.0,2.0,3.0,3.0,1.0,1.0,9.0,9.0,1.0,2.0,1175.14,1429.26,0.236,3.28,2024.0,0.75,449.0,0.7,284.0,0,1,2,-1,0,0,3,0.43874817340477346,0.5612518265952265,0.5,0.5,0.5,0.5,0.3333333333333333,0.6666666666666667,0.6125511596180082,0.3874488403819918,0.0,1.0,0.4512133312855168,0.5487866687144831,0.06712172923777018,0.9328782707622298,-0.20120000000000038,0.12000000000000005,0.0,0.0,165.0,0.050000000000000044,0.0,0.0,-1.0,-254.1199999999999,-3.0439999999999996,-254.1199999999999,0.18803451303300833,1
2024-11-19,Indonesia,Arabia Saudí,2-0,,,1.2799999999999996,1.4054000000000002,0.23,0.77,6.0,3.0,4.0,12.0,5.0,3.0,16.0,4.0,3.0,4.0,1118.87,1422.67,0.85,1.56,2024.0,0.58,108.0,0.88,523.0,2,0,1,2,1,3,0,0.4766515230505697,0.5233484769494303,0.6666666666666666,0.33333333333333337,0.25,0.75,0.42857142857142855,0.5714285714285714,0.17115689381933438,0.8288431061806656,1.0,0.0,0.44023308702597636,0.5597669129740237,0.3526970954356846,0.6473029045643154,-0.12540000000000062,-0.54,3.0,-8.0,-415.0,-0.30000000000000004,2.0,12.0,-1.0,-303.8000000000002,-0.7100000000000001,-303.8000000000002,0.1481969282438627,2
2024-11-20,Canadá,Surinam,3-0,,,1.9982,1.0866,0.53,0.47,7.0,3.0,5.0,2.0,0.0,1.0,24.0,14.0,3.0,4.0,1507.27,1105.29,7.64,1.38,2024.0,0.91,628.0,0.87,453.0,3,0,1,3,1,3,0,0.6477567427385892,0.3522432572614108,0.7,0.30000000000000004,0.7142857142857143,0.2857142857142857,0.42857142857142855,0.5714285714285714,0.5809435707678076,0.41905642923219244,1.0,0.0,0.5769322044278409,0.4230677955721591,0.8470066518847007,0.1529933481152993,0.9116,0.06000000000000005,4.0,3.0,175.0,0.040000000000000036,-1.0,10.0,-1.0,401.98,6.26,401.98,0.9100284938606196,-2
2024-11-20,México,Honduras,4-0,,,3.7121999999999993,0.6596000000000001,0.7,0.3,15.0,2.0,10.0,1.0,4.0,6.0,20.0,16.0,2.0,11.0,1640.67,1312.66,7.38,0.805,2024.0,0.89,677.0,0.71,157.0,4,0,1,4,1,3,0,0.8491239306464156,0.15087606935358444,0.8823529411764706,0.11764705882352944,0.9090909090909091,0.09090909090909094,0.15384615384615385,0.8461538461538461,0.8117505995203836,0.18824940047961636,1.0,0.0,0.5555322297203497,0.44446777027965034,0.9016493585827733,0.09835064141722671,3.052599999999999,0.39999999999999997,13.0,9.0,520.0,0.18000000000000005,-2.0,4.0,-9.0,328.01,6.575,328.01,0.8685475724234561,-2
2025-03-19,República Centroafricana,Madagascar,1-4,,,1.3716,1.7139999999999997,0.48,0.52,4.0,6.0,3.0,4.0,1.0,2.0,10.0,21.0,2.0,3.0,1102.23,1162.02,0.336,0.283,2025.0,0.8160000000000001,331.02,0.8276000000000002,361.84,1,4,2,-3,0,0,3,0.44451646357272495,0.555483536427275,0.4,0.6,0.42857142857142855,0.5714285714285714,0.4,0.6,0.4777588546026615,0.5222411453973386,0.2,0.8,0.4867969526333223,0.5132030473666778,0.5428109854604201,0.45718901453957994,-0.3423999999999998,-0.040000000000000036,-2.0,-1.0,-30.819999999999993,-0.011600000000000166,-1.0,-11.0,-1.0,-59.789999999999964,0.05300000000000005,-59.789999999999964,0.4147947291362629,0
2025-03-19,Liberia,Túnez,0-1,,,0.5725999999999999,0.5837999999999998,0.62,0.38,0.0,1.0,6.0,6.0,0.0,1.0,11.0,15.0,0.0,0.0,1063.04,1464.42,0.551,2.69,2025.0,0.8538000000000006,464.76,0.7858000000000002,276.72,0,1,2,-1,0,0,3,0.4951573849878935,0.5048426150121065,0.0,1.0,0.5,0.5,0.5,0.5,0.6268004531477586,0.37319954685224144,0.0,1.0,0.4205961716505899,0.5794038283494101,0.17000925640234496,0.829990743597655,-0.011199999999999877,0.24,-1.0,0.0,188.03999999999996,0.0680000000000004,-1.0,-4.0,0.0,-401.3800000000001,-2.139,-401.3800000000001,0.09025469878809522,2
2025-03-19,Eswatini,Camerún,0-0,,,0.5439999999999998,1.6072,0.33,0.67,3.0,4.0,1.0,4.0,0.0,1.0,8.92,10.7,4.0,3.0,1015.25,1471.49,0.045,8.28,2025.0,0.7910000000000003,253.3,0.8832,570.48,0,0,X,0,0,1,1,0.25288211230940866,0.7471178876905913,0.42857142857142855,0.5714285714285714,0.2,0.8,0.5714285714285714,0.4285714285714286,0.3074850081332395,0.6925149918667606,0.5,0.5,0.4082654398931935,0.5917345601068065,0.005405405405405406,0.9945945945945946,-1.0632000000000001,-0.34,-1.0,-3.0,-317.18,-0.09219999999999973,-1.0,-1.7799999999999994,1.0,-456.24,-8.235,-456.24,0.06746306118193326,2
2025-03-20,Libia,Angola,1-1,,,0.8220000000000001,1.7782,0.44,0.56,3.0,5.0,4.0,3.0,4.0,0.0,33.0,37.0,4.0,2.0,1158.03,1296.48,0.533,1.72,2025.0,0.8067999999999997,332.02,0.8574000000000003,461.84,1,1,X,0,0,1,1,0.3161295284978079,0.6838704715021922,0.375,0.625,0.5714285714285714,0.4285714285714286,0.6666666666666666,0.33333333333333337,0.41823495326631904,0.581765046733681,0.5,0.5,0.471796814842881,0.528203185157119,0.2365734576120728,0.7634265423879272,-0.9561999999999999,-0.12000000000000005,-2.0,1.0,-129.82,-0.05060000000000053,4.0,-4.0,2.0,-138.45000000000005,-1.1869999999999998,-138.45000000000005,0.3106714113787744,1
2025-03-20,Gambia,Kenia,3-3,,,1.3546000000000005,1.3170000000000002,0.49,0.51,5.0,4.0,3.0,4.0,3.0,2.0,14.0,14.0,1.0,2.0,1134.69,1189.65,3.43,0.135,2025.0,0.8273999999999999,358.06,0.8246000000000003,357.56,3,3,X,0,0,1,1,0.5070369815840695,0.4929630184159305,0.5555555555555556,0.4444444444444444,0.42857142857142855,0.5714285714285714,0.3333333333333333,0.6666666666666667,0.5003493474190213,0.49965065258097874,0.5,0.5,0.4881772890368879,0.5118227109631122,0.9621318373071528,0.03786816269284721,0.0376000000000003,-0.020000000000000018,1.0,-1.0,0.5,0.0027999999999995806,1.0,0.0,-1.0,-54.960000000000036,3.295,-54.960000000000036,0.421559394504066,1
2025-03-20,Gabón,Seychelles,3-0,,,1.6449999999999998,0.444,0.75,0.25,3.0,1.0,13.0,1.0,1.0,3.0,8.0,11.0,1.0,0.0,1297.87,831.19,1.01,0.045,2025.0,0.8642000000000003,521.84,0.6395999999999998,141.12,3,0,1,3,1,3,0,0.78745811393011,0.21254188606989,0.75,0.25,0.9285714285714286,0.0714285714285714,1.0,0.0,0.7871364788222517,0.21286352117774832,1.0,0.0,0.6095976628183329,0.39040233718166706,0.9573459715639812,0.04265402843601884,1.2009999999999998,0.5,2.0,12.0,380.72,0.22460000000000047,-2.0,-3.0,1.0,466.67999999999984,0.965,466.67999999999984,0.9362209074976791,-1
2025-03-20,Comores,Mali,0-3,,,0.556,1.3154,0.51,0.49,0.0,4.0,3.0,2.0,2.0,0.0,12.0,23.0,1.0,0.0,1208.99,1466.1,0.667,4.32,2025.0,0.8102000000000001,363.32,0.8149999999999997,337.9,0,3,2,-3,0,0,3,0.2971037725766806,0.7028962274233195,0.0,1.0,0.6,0.4,1.0,0.0,0.5181255526083112,0.48187444739168883,0.0,1.0,0.45194367292315396,0.548056327076846,0.13374774413475035,0.8662522558652497,-0.7593999999999999,0.020000000000000018,-4.0,1.0,25.420000000000016,-0.004799999999999582,2.0,-11.0,1.0,-257.1099999999999,-3.6530000000000005,-257.1099999999999,0.18542075333409574,1
2025-03-20,Armenia,Georgia,0-3,,,0.29,1.69,0.41,0.59,2.0,5.0,7.0,3.0,1.0,2.0,10.0,11.0,2.0,2.0,1219.15,1362.21,1.56,9.65,2025.0,0.84,341.0,0.89,524.0,0,3,2,-3,0,0,3,0.14646464646464646,0.8535353535353536,0.2857142857142857,0.7142857142857143,0.7,0.30000000000000004,0.5,0.5,0.3942196531791908,0.6057803468208092,0.0,1.0,0.4722898007251991,0.5277101992748009,0.1391614629794826,0.8608385370205174,-1.4,-0.18,-3.0,4.0,-183.0,-0.050000000000000044,-1.0,-1.0,0.0,-143.05999999999995,-8.09,-143.05999999999995,0.3050170664701541,1
2025-03-20,Ucrania,Bélgica,3-1,,,2.82,0.59,0.45,0.55,7.0,4.0,3.0,4.0,0.0,1.0,7.0,10.0,3.0,4.0,1554.94,1740.62,9.88,21.06,2025.0,0.86,345.0,0.89,444.0,3,1,1,2,1,3,0,0.8269794721407625,0.1730205278592375,0.6363636363636364,0.36363636363636365,0.42857142857142855,0.5714285714285714,0.42857142857142855,0.5714285714285714,0.4372623574144487,0.5627376425855513,0.75,0.25,0.471828763548532,0.528171236451468,0.319327731092437,0.680672268907563,2.23,-0.10000000000000003,3.0,-1.0,-99.0,-0.030000000000000027,-1.0,-3.0,-1.0,-185.67999999999984,-11.179999999999998,-185.67999999999984,0.2556199410631875,0
2025-03-20,Eslovaquia,Eslovenia,0-0,,,0.79,0.25,0.61,0.39,2.0,3.0,6.0,0.0,0.0,1.0,7.0,13.0,3.0,2.0,1486.19,1454.25,2.3,4.02,2025.0,0.89,512.0,0.8,301.0,0,0,X,0,0,1,1,0.7596153846153846,0.24038461538461542,0.4,0.6,1.0,0.0,0.6,0.4,0.6297662976629766,0.37023370233702335,0.5,0.5,0.5054311599624546,0.4945688400375454,0.3639240506329114,0.6360759493670887,0.54,0.21999999999999997,-1.0,6.0,211.0,0.08999999999999997,-1.0,-6.0,1.0,31.940000000000055,-1.7199999999999998,31.940000000000055,0.5458363028439986,0
2025-03-20,Bulgaria,Irlanda,1-2,,,0.32,1.75,0.56,0.44,3.0,3.0,2.0,3.0,4.0,4.0,21.0,10.0,1.0,2.0,1301.04,1400.22,1.2,5.44,2025.0,0.83,420.0,0.79,309.0,1,2,2,-1,0,0,3,0.15458937198067635,0.8454106280193237,0.5,0.5,0.4,0.6,0.3333333333333333,0.6666666666666667,0.5761316872427984,0.4238683127572016,0.3333333333333333,0.6666666666666667,0.48164190044645827,0.5183580995535417,0.18072289156626503,0.8192771084337349,-1.43,0.12000000000000005,0.0,-1.0,111.0,0.039999999999999925,0.0,11.0,-1.0,-99.18000000000006,-4.24,-99.18000000000006,0.3610231886930447,1
2025-03-20,Arabia Saudí,China,1-0,,,1.54,0.1,0.8,0.2,7.0,0.0,5.0,3.0,0.0,1.0,4.0,9.0,0.0,6.0,1406.56,1266.38,1.56,0.551,2025.0,0.91,674.0,0.68,125.0,1,0,1,1,1,3,0,0.9390243902439024,0.060975609756097615,1.0,0.0,0.625,0.375,0.0,1.0,0.8435544430538173,0.15644555694618267,1.0,0.0,0.5262220625977387,0.47377793740226126,0.738986262434865,0.261013737565135,1.44,0.6000000000000001,7.0,2.0,549.0,0.22999999999999998,-1.0,-5.0,-6.0,140.17999999999984,1.009,140.17999999999984,0.6914572556025743,-1
2025-03-20,Grecia,Escocia,0-1,,,2.84,1.49,0.58,0.42,1.0,2.0,8.0,3.0,1.0,1.0,9.0,10.0,1.0,1.0,1489.88,1480.24,11.02,6.55,2025.0,0.89,508.0,0.85,366.0,0,1,2,-1,0,0,3,0.6558891454965358,0.34411085450346424,0.3333333333333333,0.6666666666666667,0.7272727272727273,0.2727272727272727,0.5,0.5,0.5812356979405034,0.41876430205949655,0.0,1.0,0.5016228300540047,0.49837716994599535,0.6272054638588502,0.37279453614114977,1.3499999999999999,0.15999999999999998,-1.0,5.0,142.0,0.040000000000000036,0.0,-1.0,0.0,9.6400000000001,4.47,9.6400000000001,0.5138695162241896,0
2025-03-20,Austria,Serbia,1-1,,,2.31,0.36,0.69,0.31,4.0,1.0,3.0,2.0,1.42,1.94,11.0,9.0,0.0,3.0,1589.84,1514.28,9.43,7.76,2025.0,0.88,536.0,0.73,205.0,1,1,X,0,0,1,1,0.8651685393258427,0.1348314606741573,0.8,0.19999999999999996,0.6,0.4,0.0,1.0,0.7233468286099866,0.27665317139001344,0.5,0.5,0.5121709212272721,0.48782907877272785,0.5485747527632345,0.45142524723676547,1.9500000000000002,0.37999999999999995,3.0,1.0,331.0,0.15000000000000002,-0.52,2.0,-3.0,75.55999999999995,1.67,75.55999999999995,0.6070570467893815,0
2025-03-20,Países Bajos,España,2-2,,,0.61,1.48,0.4,0.6,4.0,6.0,2.0,4.0,2.0,2.0,14.0,7.0,4.0,2.0,1747.55,1853.27,29.01,47.03,2025.0,0.82,349.0,0.9,564.0,2,2,X,0,0,1,1,0.291866028708134,0.708133971291866,0.4,0.6,0.3333333333333333,0.6666666666666667,0.6666666666666666,0.33333333333333337,0.3822562979189485,0.6177437020810514,0.5,0.5,0.485320010442066,0.5146799895579339,0.3815097317201473,0.6184902682798528,-0.87,-0.19999999999999996,-2.0,-2.0,-215.0,-0.08000000000000007,0.0,7.0,2.0,-105.72000000000003,-18.02,-105.72000000000003,0.3523847298027125,0
2025-03-20,Kosovo,Islandia,2-1,,,1.48,1.11,0.44,0.56,6.0,7.0,5.0,2.0,2.0,2.0,10.0,10.0,6.0,4.0,1219.82,1355.1,5.46,3.71,2025.0,0.8,312.0,0.84,432.0,2,1,1,1,1,3,0,0.5714285714285715,0.4285714285714285,0.46153846153846156,0.5384615384615384,0.7142857142857143,0.2857142857142857,0.6,0.4,0.41935483870967744,0.5806451612903225,0.6666666666666666,0.33333333333333337,0.47373122271759893,0.5262687772824011,0.5954198473282443,0.40458015267175573,0.3699999999999999,-0.12000000000000005,-1.0,3.0,-120.0,-0.039999999999999925,0.0,0.0,2.0,-135.27999999999997,1.75,-135.27999999999997,0.31459274212472343,1
2025-03-20,Catar,Corea del Norte,5-1,,,2.45,0.46,0.53,0.47,9.0,6.0,4.0,7.0,1.0,3.0,10.0,19.0,5.0,4.0,1474.6,1164.41,0.766,0.236,2025.0,0.82,408.0,0.82,350.0,5,1,1,4,1,3,0,0.8419243986254296,0.15807560137457044,0.6,0.4,0.36363636363636365,0.6363636363636364,0.5555555555555556,0.4444444444444444,0.5382585751978892,0.4617414248021108,0.8333333333333334,0.16666666666666663,0.5587701448649304,0.4412298551350696,0.7644710578842315,0.23552894211576847,1.9900000000000002,0.06000000000000005,3.0,-3.0,58.0,0.0,-2.0,-9.0,1.0,310.1899999999998,0.53,310.1899999999998,0.8563866285719963,-2
2025-03-20,Uzbekistán,Kirguistán,1-0,,,3.34,0.05,0.74,0.26,9.0,0.0,12.0,0.0,4.0,1.0,13.0,10.0,0.0,8.0,1424.93,1194.19,3.28,0.271,2025.0,0.87,609.0,0.65,165.0,1,0,1,1,1,3,0,0.9852507374631269,0.014749262536873142,1.0,0.0,1.0,0.0,0.0,1.0,0.7868217054263565,0.21317829457364346,1.0,0.0,0.5440491462781393,0.4559508537218607,0.9236834694452267,0.07631653055477328,3.29,0.48,9.0,12.0,444.0,0.21999999999999997,3.0,3.0,-8.0,230.74,3.009,230.74,0.7905503895333756,-1
2025-03-20,Jordania,Palestina,3-1,,,0.96,0.86,0.49,0.51,5.0,3.0,3.0,6.0,1.0,2.0,14.0,13.0,2.0,2.0,1375.91,1215.87,0.781,0.343,2025.0,0.83,330.0,0.75,307.0,3,1,1,2,1,3,0,0.5274725274725275,0.4725274725274725,0.625,0.375,0.3333333333333333,0.6666666666666667,0.5,0.5,0.5180533751962323,0.4819466248037677,0.75,0.25,0.530874534103975,0.469125465896025,0.6948398576512456,0.30516014234875444,0.09999999999999998,-0.020000000000000018,2.0,-3.0,23.0,0.07999999999999996,-1.0,1.0,0.0,160.0400000000002,0.438,160.0400000000002,0.7152996446126181,-1
2025-03-20,Irán,Emiratos Árabes Unidos,2-0,,,1.51,0.3,0.56,0.44,8.0,1.0,4.0,1.0,1.0,1.0,12.0,8.0,1.0,6.0,1635.31,1385.57,1.23,1.21,2025.0,0.84,424.0,0.77,310.0,2,0,1,2,1,3,0,0.8342541436464088,0.16574585635359118,0.8888888888888888,0.11111111111111116,0.8,0.19999999999999996,0.14285714285714285,0.8571428571428572,0.5776566757493188,0.4223433242506812,1.0,0.0,0.541335637297741,0.45866436270225897,0.5040983606557377,0.49590163934426235,1.21,0.12000000000000005,7.0,3.0,114.0,0.06999999999999995,0.0,4.0,-5.0,249.74,0.020000000000000018,249.74,0.808085669568513,-1
2025-03-20,Cabo Verde,Mauricio,1-0,,,1.0300000000000002,0.3188,0.68,0.32,1.0,0.0,9.0,0.0,2.0,2.0,24.0,19.0,0.0,0.0,1328.51,923.46,2.1,0.035,2025.0,0.879,521.22,0.7154,184.42,1,0,1,1,1,3,0,0.7636417556346382,0.2363582443653618,1.0,0.0,1.0,0.0,0.5,0.5,0.7386486026869226,0.26135139731307744,1.0,0.0,0.5899323703246491,0.41006762967535093,0.9836065573770492,0.016393442622950838,0.7112000000000003,0.36000000000000004,1.0,9.0,336.80000000000007,0.16359999999999997,0.0,5.0,0.0,405.04999999999995,2.065,405.04999999999995,0.9114649990892943,-1
2025-03-20,Malaui,Namibia,0-1,,,0.8872,0.7861999999999999,0.4,0.6,2.0,2.0,6.0,3.0,0.0,3.0,11.56,13.18,1.0,2.0,1129.31,1179.26,0.075,0.09,2025.0,0.7246000000000001,217.52,0.8272000000000002,389.02,0,1,2,-1,0,0,3,0.5301780805545596,0.4698219194454404,0.5,0.5,0.6666666666666666,0.33333333333333337,0.3333333333333333,0.6666666666666667,0.3586243281564283,0.6413756718435717,0.0,1.0,0.4891816145925833,0.5108183854074166,0.4545454545454546,0.5454545454545454,0.10100000000000009,-0.19999999999999996,0.0,3.0,-171.49999999999997,-0.10260000000000002,-3.0,-1.6199999999999992,-1.0,-49.950000000000045,-0.015,-49.950000000000045,0.42860736991894155,1
2025-03-20,Sierra Leona,Guinea-Bisáu,3-1,,,1.2922,0.792,0.42,0.58,5.0,3.0,2.0,4.0,1.0,1.0,0.0,1.0,2.0,2.0,1132.06,1151.72,0.559,1.64,2025.0,0.7607999999999998,239.72,0.8096000000000002,360.62,3,1,1,2,1,3,0,0.6199980807983878,0.3800019192016122,0.625,0.375,0.3333333333333333,0.6666666666666667,0.5,0.5,0.3993070593330446,0.6006929406669554,0.75,0.25,0.4956957325136397,0.5043042674863603,0.25420645748067305,0.745793542519327,0.5002,-0.15999999999999998,2.0,-2.0,-120.9,-0.0488000000000004,0.0,-1.0,0.0,-19.660000000000082,-1.081,-19.660000000000082,0.4717371449185609,0
2025-03-20,Zimbabue,Benín,2-2,,,0.9812000000000002,1.5749999999999997,0.53,0.47,3.0,6.0,3.0,1.0,1.0,1.0,13.0,15.0,4.0,1.0,1151.06,1250.99,1.21,0.723,2025.0,0.8326,383.58,0.8272000000000002,335.14,2,2,X,0,0,1,1,0.38385102887098044,0.6161489711290196,0.3333333333333333,0.6666666666666667,0.75,0.25,0.8,0.19999999999999996,0.5336987978628672,0.4663012021371328,0.5,0.5,0.47919901750588034,0.5208009824941197,0.6259699948266942,0.37403000517330576,-0.5937999999999996,0.06000000000000005,-3.0,2.0,48.44,0.005399999999999849,0.0,-2.0,3.0,-99.93000000000006,0.487,-99.93000000000006,0.3600278383311348,1
2025-03-20,Mozambique,Uganda,3-1,,,1.4613999999999998,0.9802,0.53,0.47,4.0,3.0,5.0,5.0,2.0,2.0,13.0,17.0,2.0,1.0,1232.7,1270.42,0.059,0.297,2025.0,0.8198000000000003,365.54,0.8146000000000003,327.5,3,1,1,2,1,3,0,0.5985419397116645,0.4014580602883355,0.5714285714285714,0.4285714285714286,0.5,0.5,0.6666666666666666,0.33333333333333337,0.5274443033591135,0.4725556966408865,0.75,0.25,0.49246540317683535,0.5075345968231646,0.16573033707865167,0.8342696629213483,0.48119999999999985,0.06000000000000005,1.0,0.0,38.04000000000002,0.005199999999999982,0.0,-4.0,1.0,-37.72000000000003,-0.238,-37.72000000000003,0.4459288311452371,0
2025-03-20,Corea del Sur,Omán,1-1,,,0.67,0.17,0.63,0.37,3.0,2.0,3.0,4.0,0.0,2.0,9.0,10.0,1.0,2.0,1585.45,1306.67,5.35,0.297,2025.0,0.9,587.0,0.76,286.0,1,1,X,0,0,1,1,0.7976190476190476,0.20238095238095244,0.6,0.4,0.42857142857142855,0.5714285714285714,0.3333333333333333,0.6666666666666667,0.6723940435280642,0.3276059564719358,0.5,0.5,0.5481964787076609,0.45180352129233914,0.9474057021427307,0.05259429785726932,0.5,0.26,1.0,-1.0,301.0,0.14,-2.0,-1.0,-1.0,278.78,5.053,278.78,0.8326863269475482,-2
2025-03-20,Japón,Bahréin,2-0,,,1.38,0.39,0.61,0.39,4.0,2.0,8.0,1.0,1.0,1.0,18.0,5.0,2.0,2.0,1652.79,1305.52,10.42,0.256,2025.0,0.85,481.0,0.73,264.0,2,0,1,2,1,3,0,0.7796610169491525,0.22033898305084754,0.6666666666666666,0.33333333333333337,0.8888888888888888,0.11111111111111116,0.5,0.5,0.6456375838926175,0.3543624161073825,1.0,0.0,0.5586939840652264,0.4413060159347736,0.9760209816410641,0.0239790183589359,0.9899999999999999,0.21999999999999997,2.0,7.0,217.0,0.12,0.0,13.0,0.0,347.27,10.164,347.27,0.8806969631375708,-2
2025-03-20,Australia,Indonesia,5-1,,,2.2,1.78,0.4,0.6,7.0,4.0,5.0,7.0,1.9,2.28,11.0,13.0,3.0,2.0,1544.15,1133.41,2.98,0.85,2025.0,0.82,284.0,0.86,446.0,5,1,1,4,1,3,0,0.5527638190954773,0.44723618090452266,0.6363636363636364,0.36363636363636365,0.4166666666666667,0.5833333333333333,0.6,0.4,0.38904109589041097,0.6109589041095891,0.8333333333333334,0.16666666666666663,0.5767004287485621,0.4232995712514379,0.7780678851174935,0.22193211488250653,0.42000000000000015,-0.19999999999999996,3.0,-2.0,-162.0,-0.040000000000000036,-0.3799999999999999,-2.0,1.0,410.74,2.13,410.74,0.9140727772773303,-3
2025-03-20,Croacia,Francia,2-0,,,1.43,1.49,0.38,0.62,4.0,6.0,3.0,9.0,0.0,2.0,12.0,12.0,6.0,2.0,1691.59,1859.78,14.9,58.58,2025.0,0.81,298.0,0.89,529.0,2,0,1,2,1,3,0,0.4897260273972603,0.5102739726027397,0.4,0.6,0.25,0.75,0.75,0.25,0.3603385731559855,0.6396614268440145,1.0,0.0,0.4763204059278532,0.5236795940721468,0.20277626565051715,0.7972237343494828,-0.06000000000000005,-0.24,-2.0,-6.0,-231.0,-0.07999999999999996,-2.0,0.0,4.0,-168.19000000000005,-43.68,-168.19000000000005,0.2752435217370975,0
2025-03-20,Italia,Alemania,1-2,,,1.18,1.11,0.41,0.59,6.0,4.0,6.0,8.0,2.0,1.0,14.0,20.0,2.0,5.0,1731.51,1703.79,13.73,36.42,2025.0,0.84,310.0,0.88,463.0,1,2,2,-1,0,0,3,0.5152838427947598,0.4847161572052402,0.6,0.4,0.42857142857142855,0.5714285714285714,0.2857142857142857,0.7142857142857143,0.40103492884864167,0.5989650711513583,0.3333333333333333,0.6666666666666667,0.5040345821325648,0.4959654178674352,0.27377866400797607,0.726221335992024,0.06999999999999984,-0.18,2.0,-2.0,-153.0,-0.040000000000000036,1.0,-6.0,-3.0,27.720000000000027,-22.69,27.720000000000027,0.5398078558869533,0
2025-03-20,Turquía,Hungría,3-1,,,0.7,0.94,0.63,0.37,3.0,6.0,4.0,3.0,1.0,3.0,13.0,17.0,5.0,0.0,1537.24,1517.57,18.22,7.21,2025.0,0.84,455.0,0.74,238.0,3,1,1,2,1,3,0,0.4268292682926829,0.5731707317073171,0.3333333333333333,0.6666666666666667,0.5714285714285714,0.4285714285714286,1.0,0.0,0.6565656565656566,0.3434343434343434,0.75,0.25,0.5032195128338588,0.4967804871661412,0.7164766024380652,0.2835233975619348,-0.24,0.26,-3.0,1.0,217.0,0.09999999999999998,-2.0,-4.0,5.0,19.670000000000073,11.009999999999998,19.670000000000073,0.5282772002329379,0
2025-03-20,Irak,Kuwait,2-2,,,1.22,1.33,0.62,0.38,7.0,2.0,12.0,0.0,2.0,6.0,9.0,10.0,0.0,5.0,1442.86,1108.72,0.815,0.176,2025.0,0.81,359.0,0.7,203.0,2,2,X,0,0,1,1,0.47843137254901963,0.5215686274509803,0.7777777777777778,0.2222222222222222,1.0,0.0,0.0,1.0,0.6387900355871886,0.3612099644128114,0.5,0.5,0.5654770769484005,0.43452292305159945,0.8224016145307771,0.1775983854692229,-0.1100000000000001,0.24,5.0,12.0,156.0,0.1100000000000001,-4.0,-1.0,-5.0,334.1399999999999,0.639,334.1399999999999,0.8725242678491003,-2
2025-03-20,Dinamarca,Portugal,1-0,,,2.78,0.51,0.44,0.56,9.0,2.0,7.0,6.0,0.0,2.0,5.0,9.0,2.0,8.0,1611.49,1756.12,15.87,38.67,2025.0,0.89,392.0,0.89,493.0,1,0,1,1,1,3,0,0.8449848024316109,0.1550151975683891,0.8181818181818182,0.18181818181818177,0.5384615384615384,0.46153846153846156,0.2,0.8,0.4429378531073446,0.5570621468926553,1.0,0.0,0.47852631391402217,0.5214736860859779,0.290979097909791,0.709020902090209,2.2699999999999996,-0.12000000000000005,7.0,1.0,-101.0,0.0,-2.0,-4.0,-6.0,-144.62999999999988,-22.800000000000004,-144.62999999999988,0.30310463428410755,0
2025-03-21,EE. UU.,Panamá,0-1,,,0.68,0.1,0.67,0.33,5.0,1.0,9.0,3.0,2.0,1.0,11.0,5.0,0.0,5.0,1645.48,1504.39,14.83,1.33,2025.0,0.89,577.0,0.82,262.0,0,1,2,-1,0,0,3,0.8717948717948718,0.1282051282051282,0.8333333333333334,0.16666666666666663,0.75,0.25,0.0,1.0,0.6877234803337307,0.31227651966626935,0.0,1.0,0.5223961623813046,0.4776038376186954,0.9176980198019802,0.08230198019801982,0.5800000000000001,0.34,4.0,6.0,315.0,0.07000000000000006,1.0,6.0,-5.0,141.08999999999992,13.5,141.08999999999992,0.6925737111265581,-1
2025-03-21,Paraguay,Chile,1-0,,,0.76,0.81,0.36,0.64,5.0,3.0,6.0,4.0,1.86,1.28,10.0,11.0,3.0,4.0,1458.26,1469.44,5.91,2.67,2025.0,0.75,204.0,0.85,426.0,1,0,1,1,1,3,0,0.4840764331210191,0.5159235668789809,0.625,0.375,0.6,0.4,0.42857142857142855,0.5714285714285714,0.3238095238095238,0.6761904761904762,1.0,0.0,0.4980906513645524,0.5019093486354476,0.6888111888111889,0.31118881118881114,-0.050000000000000044,-0.28,2.0,2.0,-222.0,-0.09999999999999998,0.5800000000000001,-1.0,-1.0,-11.180000000000064,3.24,-11.180000000000064,0.4839162376652304,0
2025-03-21,Sudáfrica,Lesoto,0-3,,,2.2568,0.2125999999999999,0.65,0.35,7.0,1.0,4.0,1.0,1.0,0.0,3.0,1.0,1.0,5.0,1428.87,1046.76,1.89,0.025,2025.0,0.9021999999999999,569.64,0.7954000000000001,272.02,0,3,2,-3,0,0,3,0.9139062120353122,0.0860937879646878,0.875,0.125,0.8,0.19999999999999996,0.16666666666666666,0.8333333333333334,0.6768053608345412,0.32319463916545876,0.0,1.0,0.5771742950279322,0.42282570497206784,0.9869451697127938,0.01305483028720622,2.0442,0.30000000000000004,6.0,3.0,297.62,0.10679999999999978,1.0,2.0,-4.0,382.1099999999999,1.865,382.1099999999999,0.9002137623836958,-2
2025-03-21,Perú,Bolivia,3-1,,,1.55,1.31,0.51,0.49,7.0,5.0,3.0,4.0,1.36,2.48,10.0,17.0,4.0,4.0,1488.42,1308.58,1.28,0.669,2025.0,0.81,332.0,0.85,337.0,3,1,1,2,1,3,0,0.5419580419580419,0.45804195804195813,0.5833333333333334,0.41666666666666663,0.42857142857142855,0.5714285714285714,0.5,0.5,0.4962630792227205,0.5037369207772795,0.75,0.25,0.5321487307829817,0.46785126921701825,0.6567470497691124,0.34325295023088764,0.24,0.020000000000000018,2.0,-1.0,-5.0,-0.039999999999999925,-1.1199999999999999,-7.0,0.0,179.84000000000015,0.611,179.84000000000015,0.7379309538540391,-1
2025-03-21,Níger,Marruecos,1-2,,,0.35059999999999986,1.9162000000000003,0.29,0.71,1.0,4.0,0.0,7.0,3.0,2.0,12.0,14.0,2.0,0.0,1145.96,1688.18,0.428,17.22,2025.0,0.6864000000000001,172.4,0.8882000000000002,582.4,1,2,2,-1,0,0,3,0.15466737250749946,0.8453326274925006,0.2,0.8,0.0,1.0,1.0,0.0,0.228404875463699,0.771595124536301,0.3333333333333333,0.6666666666666667,0.40434135222677775,0.5956586477732222,0.024252039891205803,0.9757479601087942,-1.5656000000000005,-0.42,-3.0,-7.0,-410.0,-0.2018000000000001,1.0,-2.0,2.0,-542.22,-16.791999999999998,-542.22,0.04223839646133165,3
2025-03-21,Brasil,Colombia,2-1,,,2.44,0.63,0.51,0.49,7.0,3.0,4.0,2.0,3.0,1.0,15.0,24.0,2.0,5.0,1775.85,1694.44,35.7,11.63,2025.0,0.83,312.0,0.83,297.0,2,1,1,1,1,3,0,0.7947882736156352,0.2052117263843648,0.7,0.30000000000000004,0.6666666666666666,0.33333333333333337,0.2857142857142857,0.7142857142857143,0.5123152709359606,0.48768472906403937,0.6666666666666666,0.33333333333333337,0.5117295672695942,0.4882704327304058,0.7542784703148109,0.24572152968518912,1.81,0.020000000000000018,4.0,2.0,15.0,0.0,2.0,-9.0,-3.0,81.40999999999985,24.07,81.40999999999985,0.6150603042416971,0
2025-03-21,Guinea,Somalia,0-0,,,4.143399999999999,0.18879999999999997,0.69,0.31,15.0,0.0,12.0,0.0,0.0,2.0,10.0,12.0,0.0,15.0,1311.88,829.81,2.47,0.04,2025.0,0.9045999999999996,567.4,0.7305999999999997,198.76,0,0,X,0,0,1,1,0.9564193712201653,0.04358062877983471,1.0,0.0,1.0,0.0,0.0,1.0,0.7405763809126031,0.25942361908739686,0.5,0.5,0.6125442991282586,0.3874557008717414,0.9840637450199203,0.015936254980079667,3.954599999999999,0.37999999999999995,15.0,12.0,368.64,0.17399999999999993,-2.0,-2.0,-15.0,482.07000000000016,2.43,482.07000000000016,0.941310818838618,-1
2025-03-21,Ecuador,Venezuela,2-1,,,2.68,1.05,0.71,0.29,6.0,6.0,5.0,2.0,1.0,2.0,13.0,13.0,5.0,4.0,1560.13,1475.71,14.18,2.93,2025.0,0.9,512.0,0.72,167.0,2,1,1,1,1,3,0,0.7184986595174262,0.2815013404825738,0.5,0.5,0.7142857142857143,0.2857142857142857,0.5555555555555556,0.4444444444444444,0.7540500736377025,0.2459499263622975,0.6666666666666666,0.33333333333333337,0.5139038948034153,0.48609610519658475,0.8287551139684395,0.17124488603156052,1.6300000000000001,0.42,0.0,3.0,345.0,0.18000000000000005,-1.0,0.0,1.0,84.42000000000007,11.25,84.42000000000007,0.6191543885331028,-1
2025-03-21,Andorra,Letonia,0-1,,,0.28,0.47,0.37,0.63,2.0,2.0,3.0,1.0,0.0,2.0,14.0,12.0,1.0,2.0,971.54,1084.11,0.137,0.329,2025.0,0.63,188.0,0.79,433.0,0,1,2,-1,0,0,3,0.37333333333333335,0.6266666666666667,0.5,0.5,0.75,0.25,0.3333333333333333,0.6666666666666667,0.3027375201288245,0.6972624798711755,0.0,1.0,0.4726193661372316,0.5273806338627685,0.2939914163090129,0.7060085836909871,-0.18999999999999995,-0.26,0.0,2.0,-245.0,-0.16000000000000003,-2.0,2.0,-1.0,-112.56999999999994,-0.192,-112.56999999999994,0.34343924452426083,0
2025-03-21,Inglaterra,Albania,2-0,,,1.48,0.06,0.74,0.26,6.0,0.0,4.0,1.0,0.0,1.0,9.0,7.0,0.0,3.0,1813.81,1375.57,52.43,3.42,2025.0,0.94,811.0,0.83,249.0,2,0,1,2,1,3,0,0.961038961038961,0.038961038961038974,1.0,0.0,0.8,0.19999999999999996,0.0,1.0,0.7650943396226415,0.2349056603773585,1.0,0.0,0.5687030081081589,0.4312969918918411,0.9387645478961504,0.06123545210384962,1.42,0.48,6.0,3.0,562.0,0.10999999999999999,-1.0,2.0,-3.0,438.24,49.01,438.24,0.9257187726668339,-1
2025-03-21,Malta,Finlandia,0-1,,,1.85,1.88,0.58,0.42,6.0,5.0,6.0,3.0,0.0,1.0,9.0,12.0,4.0,6.0,983.95,1361.53,0.554,1.55,2025.0,0.89,490.0,0.83,324.0,0,1,2,-1,0,0,3,0.49597855227882043,0.5040214477211795,0.5454545454545454,0.4545454545454546,0.6666666666666666,0.33333333333333337,0.4,0.6,0.601965601965602,0.398034398034398,0.0,1.0,0.4195090130804782,0.5804909869195218,0.2633079847908745,0.7366920152091254,-0.029999999999999805,0.15999999999999998,1.0,3.0,166.0,0.06000000000000005,-1.0,-3.0,-2.0,-377.5799999999999,-0.996,-377.5799999999999,0.10215325563853388,2
2025-03-21,Polonia,Lituania,1-0,,,2.27,0.75,0.62,0.38,7.0,2.0,11.0,1.0,1.0,1.0,14.0,18.0,2.0,6.0,1510.62,1069.96,8.91,0.703,2025.0,0.81,410.0,0.72,231.0,1,0,1,1,1,3,0,0.7516556291390728,0.2483443708609272,0.7777777777777778,0.2222222222222222,0.9166666666666666,0.08333333333333337,0.25,0.75,0.6396255850234009,0.36037441497659906,1.0,0.0,0.5853800308457788,0.41461996915422117,0.9268698637262042,0.07313013627379583,1.52,0.24,5.0,10.0,179.0,0.09000000000000008,0.0,-4.0,-4.0,440.65999999999985,8.207,440.65999999999985,0.9266710297942667,-2
2025-03-21,Rumanía,Bosnia-Herzegovina,0-1,,,1.81,0.95,0.66,0.34,3.0,1.0,5.0,1.0,5.0,3.0,14.0,25.0,0.0,3.0,1494.2,1326.69,2.37,5.63,2025.0,0.85,491.0,0.7,211.0,0,1,2,-1,0,0,3,0.6557971014492754,0.3442028985507246,0.75,0.25,0.8333333333333334,0.16666666666666663,0.0,1.0,0.6994301994301995,0.30056980056980054,0.0,1.0,0.5296909840511328,0.4703090159488672,0.29625,0.70375,0.8600000000000001,0.32,2.0,4.0,280.0,0.15000000000000002,2.0,-11.0,-3.0,167.51,-3.26,167.51,0.7239749305055041,-1
2025-03-21,Etiopía,Egipto,0-2,,,0.46319999999999983,2.1936,0.47,0.53,0.0,8.0,1.0,3.0,2.12,1.12,8.0,8.0,6.0,0.0,1059.94,1513.48,0.126,4.48,2025.0,0.8220000000000002,346.78,0.8574000000000003,442.68,0,2,2,-2,0,0,3,0.17434507678410113,0.8256549232158988,0.0,1.0,0.25,0.75,1.0,0.0,0.4392622805461961,0.5607377194538039,0.0,1.0,0.4118799107802069,0.5881200892197931,0.027355623100303948,0.9726443768996961,-1.7304000000000002,-0.06000000000000005,-8.0,-2.0,-95.90000000000003,-0.0354000000000001,1.0,0.0,6.0,-453.53999999999996,-4.354,-453.53999999999996,0.06844746259777171,3
2025-03-21,Ghana,Chad,5-0,,,1.4474,0.35840000000000005,0.7,0.3,5.0,0.0,4.0,4.0,0.0,3.0,4.0,7.0,0.0,0.0,1320.52,935.41,9.01,0.356,2025.0,0.8742,554.42,0.7173999999999999,182.9,5,0,1,5,1,3,0,0.8015284084616237,0.19847159153837635,1.0,0.0,0.5,0.5,0.5,0.5,0.7519394564097001,0.24806054359029994,1.0,0.0,0.5853550420447443,0.4146449579552557,0.961990177236814,0.038009822763185985,1.089,0.39999999999999997,5.0,0.0,371.52,0.15680000000000005,-3.0,-3.0,0.0,385.11,8.654,385.11,0.9017543671997029,-1
2025-03-21,Chipre,San Marino,2-0,,,2.51,0.34,0.69,0.31,11.0,2.0,7.0,2.0,0.0,2.0,14.0,17.0,2.0,9.0,1131.32,747.42,0.737,0.044,2025.0,0.88,567.0,0.71,200.0,2,0,1,2,1,3,0,0.880701754385965,0.11929824561403501,0.8461538461538461,0.15384615384615385,0.7777777777777778,0.2222222222222222,0.18181818181818182,0.8181818181818181,0.7392438070404173,0.26075619295958274,1.0,0.0,0.6021695391592238,0.3978304608407762,0.9436619718309859,0.05633802816901412,2.17,0.37999999999999995,9.0,5.0,367.0,0.17000000000000004,-2.0,-3.0,-7.0,383.9,0.693,383.9,0.9011355564833438,0
2025-03-21,Burkina Faso,Yibuti,4-1,,,2.5345999999999993,1.3201999999999998,0.6,0.4,7.0,4.0,3.0,3.0,2.0,2.0,22.0,12.0,3.0,3.0,1373.76,877.37,4.42,0.029,2025.0,0.8950000000000001,502.14,0.8194,297.96,4,1,1,3,1,3,0,0.6575178997613365,0.34248210023866354,0.6363636363636364,0.36363636363636365,0.5,0.5,0.5,0.5,0.6275965504311961,0.3724034495688039,0.8,0.19999999999999996,0.6102535171225117,0.38974648287748825,0.9934816812766915,0.006518318723308547,1.2143999999999995,0.19999999999999996,3.0,0.0,204.18,0.07560000000000011,0.0,10.0,0.0,496.39,4.391,496.39,0.9457025351013408,-2
2025-03-21,RD Congo,Sudán del Sur,1-0,,,1.1172000000000002,0.28780000000000006,0.62,0.38,1.0,0.0,12.0,1.0,1.0,1.0,12.0,11.0,0.0,0.0,1395.77,973.55,5.53,0.064,2025.0,0.857,464.12,0.7407999999999998,231.0,1,0,1,1,1,3,0,0.7951601423487544,0.20483985765124557,1.0,0.0,0.9230769230769231,0.07692307692307687,0.5,0.5,0.6676832777074462,0.3323167222925538,1.0,0.0,0.5891015143585502,0.4108984856414498,0.9885591705398641,0.011440829460135915,0.8294000000000001,0.24,1.0,11.0,233.12,0.11620000000000019,0.0,1.0,0.0,422.22,5.466,422.22,0.9191232395408009,-2
2025-03-21,Ruanda,Nigeria,0-2,,,0.6818,1.4235999999999998,0.45,0.55,2.0,3.0,4.0,8.0,1.0,3.0,12.0,20.0,1.0,2.0,1136.06,1482.23,0.232,7.48,2025.0,0.8185999999999997,317.16,0.8532000000000002,429.08,0,2,2,-2,0,0,3,0.3238339507931985,0.6761660492068016,0.4,0.6,0.3333333333333333,0.6666666666666667,0.3333333333333333,0.6666666666666667,0.4250107204116638,0.5749892795883362,0.0,1.0,0.4338938773015976,0.5661061226984023,0.03008298755186722,0.9699170124481328,-0.7417999999999998,-0.10000000000000003,-1.0,-4.0,-111.91999999999996,-0.03460000000000052,-2.0,-8.0,-1.0,-346.1700000000001,-7.248,-346.1700000000001,0.11996995588658581,2
2025-03-21,Canadá,México,0-2,,,0.72,1.38,0.57,0.43,1.0,3.0,7.0,2.0,3.0,3.0,22.0,21.0,1.0,1.0,1515.96,1627.4,7.64,7.38,2025.0,0.79,289.0,0.72,200.0,0,2,2,-2,0,0,3,0.3428571428571429,0.657142857142857,0.25,0.75,0.7777777777777778,0.2222222222222222,0.5,0.5,0.591002044989775,0.40899795501022496,0.0,1.0,0.4822737452916624,0.5177262547083377,0.5086551264980027,0.4913448735019973,-0.6599999999999999,0.13999999999999996,-2.0,5.0,89.0,0.07000000000000006,0.0,1.0,0.0,-111.44000000000005,0.2599999999999998,-111.44000000000005,0.34490749434920265,0
2025-03-21,Botsuana,Argelia,1-3,,,0.46299999999999986,1.6176000000000004,0.47,0.53,1.0,3.0,2.0,5.0,2.0,1.0,10.0,11.0,0.0,0.0,1098.85,1495.85,0.117,9.88,2025.0,0.8319999999999996,366.56,0.8761999999999999,466.72,1,3,2,-2,0,0,3,0.22253196193405736,0.7774680380659427,0.25,0.75,0.2857142857142857,0.7142857142857143,0.5,0.5,0.43990015360983103,0.560099846390169,0.25,0.75,0.42349789956449685,0.5765021004355031,0.011703511053315994,0.988296488946684,-1.1546000000000005,-0.06000000000000005,-2.0,-3.0,-100.16000000000003,-0.04420000000000024,1.0,-1.0,0.0,-397.0,-9.763,-397.0,0.09234643180631803,2
2025-03-21,Guinea Ecuatorial,Santo Tomé y Príncipe,2-0,,,0.9760000000000002,0.2868,0.61,0.39,2.0,0.0,11.0,1.0,2.0,1.0,28.0,14.0,0.0,0.0,1256.2,878.09,0.191,0.066,2025.0,0.8790000000000002,491.06,0.7916000000000003,273.9,2,0,1,2,1,3,0,0.7728856509344315,0.2271143490655685,1.0,0.0,0.9166666666666666,0.08333333333333337,0.5,0.5,0.6419420623300565,0.35805793766994354,1.0,0.0,0.5885798087420173,0.4114201912579827,0.7431906614785992,0.25680933852140075,0.6892000000000003,0.21999999999999997,2.0,10.0,217.16000000000003,0.08739999999999992,1.0,14.0,0.0,378.11,0.125,378.11,0.8981262295696298,-1
2025-03-21,Burundi,Costa de Marfil,0-1,,,0.4312,1.8058000000000007,0.45,0.55,0.0,3.0,0.0,5.0,2.0,2.0,17.0,21.0,2.0,0.0,1087.26,1478.47,0.377,20.08,2025.0,0.8129999999999998,322.18,0.8719999999999998,437.54,0,1,2,-1,0,0,3,0.19275815824765302,0.807241841752347,0.0,1.0,0.0,1.0,1.0,0.0,0.4240772916337598,0.5759227083662402,0.0,1.0,0.4237624379806137,0.5762375620193863,0.018428899643153935,0.981571100356846,-1.3746000000000007,-0.10000000000000003,-3.0,-5.0,-115.36000000000001,-0.05899999999999994,0.0,-4.0,2.0,-391.21000000000004,-19.703,-391.21000000000004,0.09517831270271544,2
2025-03-22,Moldavia,Noruega,0-5,,,0.77,2.95,0.31,0.69,4.0,8.0,6.0,6.0,1.0,1.0,10.0,9.0,4.0,4.0,1045.59,1484.44,0.373,22.69,2025.0,0.79,212.0,0.91,565.0,0,5,2,-5,0,0,3,0.20698924731182794,0.793010752688172,0.3333333333333333,0.6666666666666667,0.5,0.5,0.5,0.5,0.2728442728442728,0.7271557271557272,0.0,1.0,0.41327177938601517,0.5867282206139848,0.01617309109829597,0.983826908901704,-2.18,-0.37999999999999995,-4.0,0.0,-353.0,-0.12,0.0,1.0,0.0,-438.85000000000014,-22.317,-438.85000000000014,0.07404012884215791,2
2025-03-22,Israel,Estonia,2-1,,,2.54,0.34,0.75,0.25,11.0,3.0,14.0,1.0,1.0,4.0,5.0,16.0,2.0,9.0,1322.25,1142.53,2.96,0.516,2025.0,0.88,554.0,0.67,136.0,2,1,1,1,1,3,0,0.8819444444444445,0.11805555555555547,0.7857142857142857,0.2142857142857143,0.9333333333333333,0.06666666666666665,0.18181818181818182,0.8181818181818181,0.8028985507246377,0.19710144927536233,0.6666666666666666,0.33333333333333337,0.536457614878407,0.46354238512159296,0.8515535097813579,0.1484464902186421,2.2,0.5,8.0,13.0,418.0,0.20999999999999996,-3.0,-11.0,-7.0,179.72000000000003,2.444,179.72000000000003,0.7377973436069045,-1
2025-03-22,República Checa,Islas Feroe,2-1,,,2.19,0.37,0.68,0.32,7.0,3.0,6.0,3.0,1.0,3.0,12.0,9.0,2.0,4.0,1484.88,1096.88,7.24,0.222,2025.0,0.83,433.0,0.62,156.0,2,1,1,1,1,3,0,0.85546875,0.14453125,0.7,0.30000000000000004,0.6666666666666666,0.33333333333333337,0.3333333333333333,0.6666666666666667,0.735144312393888,0.264855687606112,0.6666666666666666,0.33333333333333337,0.5751425384234011,0.42485746157659887,0.9702492629321897,0.029750737067810284,1.8199999999999998,0.36000000000000004,4.0,3.0,277.0,0.20999999999999996,-2.0,3.0,-2.0,388.0,7.018,388.0,0.9032184042951807,-2
2025-03-22,Sudán,Senegal,0-0,,,0.6966000000000001,1.6440000000000001,0.34,0.66,3.0,4.0,3.0,11.0,3.0,1.0,12.0,9.0,4.0,3.0,1165.41,1637.25,0.121,18.39,2025.0,0.7288000000000001,196.24,0.8796000000000003,533.12,0,0,X,0,0,1,1,0.2976159958984876,0.7023840041015124,0.42857142857142855,0.5714285714285714,0.21428571428571427,0.7857142857142857,0.5714285714285714,0.4285714285714286,0.2690578041022266,0.7309421958977733,0.5,0.5,0.41582282545867144,0.5841771745413286,0.006536653881475879,0.9934633461185242,-0.9474,-0.32,-1.0,-8.0,-336.88,-0.15080000000000016,2.0,3.0,1.0,-471.8399999999999,-18.269000000000002,-471.8399999999999,0.06202828078660957,3
2025-03-22,Montenegro,Gibraltar,3-1,,,3.23,1.28,0.66,0.34,10.0,2.0,7.0,5.0,3.0,2.0,20.0,12.0,1.0,5.0,1326.76,848.58,2.48,0.073,2025.0,0.82,335.0,0.63,132.0,3,1,1,2,1,3,0,0.7161862527716186,0.2838137472283814,0.8333333333333334,0.16666666666666663,0.5833333333333334,0.41666666666666663,0.16666666666666666,0.8333333333333334,0.7173447537473233,0.2826552462526767,0.75,0.25,0.6099092555646474,0.39009074443535263,0.9714061887974932,0.028593811202506814,1.95,0.32,8.0,2.0,203.0,0.18999999999999995,1.0,8.0,-4.0,478.17999999999995,2.407,478.17999999999995,0.9400614485739031,-1
2025-03-22,Liechtenstein,Macedonia del Norte,0-3,,,0.19,2.58,0.26,0.74,1.0,9.0,0.0,7.0,3.0,1.0,12.0,7.0,6.0,1.0,821.71,1368.96,0.026,1.38,2025.0,0.6,116.0,0.87,490.0,0,3,2,-3,0,0,3,0.06859205776173286,0.9314079422382672,0.1,0.9,0.0,1.0,0.8571428571428571,0.1428571428571429,0.19141914191419143,0.8085808580858086,0.0,1.0,0.3750952904819074,0.6249047095180926,0.01849217638691323,0.9815078236130867,-2.39,-0.48,-8.0,-7.0,-374.0,-0.27,2.0,5.0,5.0,-547.25,-1.3539999999999999,-547.25,0.04108244380919023,2
2025-03-22,Uruguay,Argentina,0-1,,,0.18,0.57,0.55,0.45,2.0,4.0,4.0,3.0,2.0,1.0,11.0,11.0,3.0,2.0,1695.91,1867.25,13.82,31.06,2025.0,0.86,446.0,0.82,354.0,0,1,2,-1,0,0,3,0.24,0.76,0.3333333333333333,0.6666666666666667,0.5714285714285714,0.4285714285714286,0.6,0.4,0.5575,0.4425,0.0,1.0,0.47595673503294833,0.5240432649670517,0.3079322638146168,0.6920677361853832,-0.38999999999999996,0.10000000000000003,-2.0,1.0,92.0,0.040000000000000036,1.0,0.0,1.0,-171.33999999999992,-17.24,-171.33999999999992,0.27164107762720363,0
2025-03-22,Gales,Kazajistán,3-1,,,1.96,1.04,0.72,0.28,7.0,2.0,4.0,4.0,0.0,2.0,5.0,7.0,1.0,4.0,1534.39,1180.18,6.69,0.652,2025.0,0.92,629.0,0.78,208.0,3,1,1,2,1,3,0,0.6533333333333333,0.3466666666666667,0.7777777777777778,0.2222222222222222,0.5,0.5,0.2,0.8,0.7514934289127837,0.2485065710872163,0.75,0.25,0.5652423772457517,0.43475762275424834,0.911195859438845,0.08880414056115504,0.9199999999999999,0.43999999999999995,5.0,0.0,421.0,0.14,-2.0,-2.0,-3.0,354.21000000000004,6.038,354.21000000000004,0.8848310624657013,-2
2025-03-22,Togo,Mauritania,2-2,,,2.3736000000000006,1.1032000000000004,0.57,0.43,9.0,4.0,5.0,1.0,2.0,4.0,13.92,16.28,2.0,7.0,1152.18,1183.16,1.11,1.01,2025.0,0.8770000000000003,489.44,0.8069999999999996,332.22,2,2,X,0,0,1,1,0.6826967326277037,0.3173032673722963,0.6923076923076923,0.3076923076923077,0.8333333333333334,0.16666666666666663,0.2222222222222222,0.7777777777777778,0.5956721758391548,0.40432782416084523,0.5,0.5,0.4933671328371886,0.5066328671628114,0.5235849056603774,0.4764150943396226,1.2704000000000002,0.13999999999999996,5.0,4.0,157.21999999999997,0.07000000000000073,-2.0,-2.360000000000001,-5.0,-30.980000000000018,0.10000000000000009,-30.980000000000018,0.45553398144779417,1
2025-03-23,Eslovenia,Eslovaquia,0-0,1-0,,1.97,2.49,0.42,0.58,7.0,6.0,6.0,7.0,5.0,3.0,18.0,14.0,6.0,6.0,1454.25,1486.19,4.02,2.3,2025.0,0.82,410.0,0.88,601.0,0,0,X,0,0,1,1,0.44170403587443946,0.5582959641255605,0.5384615384615384,0.46153846153846156,0.46153846153846156,0.5384615384615384,0.5,0.5,0.4055390702274975,0.5944609297725025,0.5,0.5,0.49456884003754537,0.5054311599624546,0.6360759493670886,0.36392405063291144,-0.5200000000000002,-0.15999999999999998,1.0,-1.0,-191.0,-0.06000000000000005,2.0,4.0,0.0,-31.940000000000055,1.7199999999999998,-31.940000000000055,0.4541636971560013,0
2025-03-23,Kenia,Gabón,1-2,,,1.1157999999999995,1.3504000000000003,0.54,0.46,5.0,5.0,6.0,1.0,2.0,2.0,17.0,7.0,3.0,4.0,1189.65,1297.87,0.135,1.01,2025.0,0.8192,359.32,0.7892000000000001,300.0,1,2,2,-1,0,0,3,0.45243694753061375,0.5475630524693862,0.5,0.5,0.8571428571428571,0.1428571428571429,0.42857142857142855,0.5714285714285714,0.5449857428866105,0.4550142571133895,0.3333333333333333,0.6666666666666667,0.47824741107609187,0.5217525889239081,0.11790393013100438,0.8820960698689956,-0.2346000000000008,0.08000000000000002,0.0,5.0,59.31999999999999,0.029999999999999916,0.0,10.0,-1.0,-108.2199999999998,-0.875,-108.2199999999998,0.349107546218738,0
2025-03-23,Eswatini,Mauricio,3-3,,,1.5814000000000004,1.2049999999999996,0.57,0.43,4.0,3.0,6.0,4.0,2.0,2.0,11.0,11.0,0.0,1.0,1015.25,923.46,0.045,0.035,2025.0,0.8958000000000003,465.0,0.8358000000000001,334.4,3,3,X,0,0,1,1,0.5675423485501007,0.43245765144989934,0.5714285714285714,0.4285714285714286,0.6,0.4,0.0,1.0,0.5816862646985239,0.4183137353014761,0.5,0.5,0.5236729577915211,0.4763270422084789,0.5625,0.4375,0.37640000000000073,0.13999999999999996,1.0,2.0,130.60000000000002,0.060000000000000164,0.0,0.0,-1.0,91.78999999999996,0.009999999999999995,91.78999999999996,0.6291065268037735,0
2025-03-23,Canadá,EE. UU.,2-1,,,0.92,0.81,0.41,0.59,4.0,2.0,3.0,3.0,2.0,2.0,13.0,18.0,1.0,2.0,1515.96,1645.48,7.64,14.83,2025.0,0.73,221.0,0.8,359.0,2,1,1,1,1,3,0,0.5317919075144509,0.46820809248554907,0.6666666666666666,0.33333333333333337,0.5,0.5,0.3333333333333333,0.6666666666666667,0.3810344827586207,0.6189655172413793,0.6666666666666666,0.33333333333333337,0.4795156637481654,0.5204843362518345,0.3400089007565643,0.6599910992434357,0.10999999999999999,-0.18,2.0,0.0,-138.0,-0.07000000000000006,0.0,-5.0,-1.0,-129.51999999999998,-7.19,-129.51999999999998,0.3217858016017698,0
2025-03-23,Serbia,Austria,2-0,,,1.44,1.15,0.35,0.65,4.0,5.0,2.0,3.0,2.0,2.0,9.0,8.0,5.0,2.0,1514.28,1589.84,7.76,9.43,2025.0,0.77,237.0,0.88,502.0,2,0,1,2,1,3,0,0.555984555984556,0.444015444015444,0.4444444444444444,0.5555555555555556,0.4,0.6,0.7142857142857143,0.2857142857142857,0.32070365358592695,0.6792963464140731,1.0,0.0,0.48782907877272785,0.5121709212272721,0.4514252472367656,0.5485747527632344,0.29000000000000004,-0.30000000000000004,-1.0,-1.0,-265.0,-0.10999999999999999,0.0,1.0,3.0,-75.55999999999995,-1.67,-75.55999999999995,0.39294295321061845,0
2025-03-23,Georgia,Armenia,6-1,,,1.91,0.48,0.65,0.35,9.0,2.0,4.0,3.0,1.0,3.0,10.0,10.0,1.0,3.0,1362.21,1219.15,9.65,1.56,2025.0,0.88,587.0,0.77,280.0,6,1,1,5,1,3,0,0.799163179916318,0.20083682008368198,0.8181818181818182,0.18181818181818177,0.5714285714285714,0.4285714285714286,0.25,0.75,0.6770472895040369,0.3229527104959631,0.8571428571428571,0.1428571428571429,0.5277101992748009,0.4722898007251991,0.8608385370205174,0.13916146297948262,1.43,0.30000000000000004,7.0,1.0,307.0,0.10999999999999999,-2.0,0.0,-2.0,143.05999999999995,8.09,143.05999999999995,0.694982933529846,-1
2025-03-23,Islandia,Kosovo,1-3,,,0.42,2.13,0.56,0.44,3.0,10.0,6.0,6.0,4.0,3.0,9.0,13.0,7.0,2.0,1355.1,1219.82,3.71,5.46,2025.0,0.82,386.0,0.81,291.0,1,3,2,-2,0,0,3,0.16470588235294117,0.8352941176470589,0.23076923076923078,0.7692307692307692,0.5,0.5,0.7777777777777778,0.2222222222222222,0.5701624815361891,0.4298375184638109,0.25,0.75,0.526268777282401,0.47373122271759904,0.40458015267175573,0.5954198473282443,-1.71,0.12000000000000005,-7.0,0.0,95.0,0.009999999999999898,1.0,-4.0,5.0,135.27999999999997,-1.75,135.27999999999997,0.6854072578752766,-1
2025-03-23,Irlanda,Bulgaria,2-1,,,1.67,0.18,0.51,0.49,5.0,2.0,5.0,5.0,3.0,3.0,12.0,12.0,1.0,3.0,1400.22,1301.04,5.44,1.2,2025.0,0.86,423.0,0.86,413.0,2,1,1,1,1,3,0,0.9027027027027027,0.0972972972972973,0.7142857142857143,0.2857142857142857,0.5,0.5,0.25,0.75,0.5059808612440191,0.4940191387559809,0.6666666666666666,0.33333333333333337,0.5183580995535416,0.4816419004464584,0.8192771084337349,0.1807228915662651,1.49,0.020000000000000018,3.0,0.0,10.0,0.0,0.0,0.0,-2.0,99.18000000000006,4.24,99.18000000000006,0.6389768113069553,-1
2025-03-23,Hungría,Turquía,0-3,,,1.38,1.62,0.55,0.45,2.0,4.0,2.0,3.0,5.0,3.0,18.0,13.0,1.0,2.0,1517.57,1537.24,7.21,18.22,2025.0,0.86,425.0,0.83,341.0,0,3,2,-3,0,0,3,0.45999999999999996,0.54,0.3333333333333333,0.6666666666666667,0.4,0.6,0.3333333333333333,0.6666666666666667,0.5548302872062664,0.44516971279373363,0.0,1.0,0.49678048716614126,0.5032195128338588,0.28352339756193473,0.7164766024380653,-0.2400000000000002,0.10000000000000003,-2.0,-1.0,84.0,0.030000000000000027,2.0,5.0,-1.0,-19.670000000000073,-11.009999999999998,-19.670000000000073,0.47172279976706216,0
2025-03-23,España,Países Bajos,2-2,2-2,4-3,3.21,2.8,0.54,0.46,9.0,9.0,4.0,2.0,2.0,1.0,14.0,11.0,6.0,6.0,1853.27,1747.55,47.03,29.01,2025.0,0.88,631.0,0.87,524.0,2,2,X,0,0,1,1,0.5341098169717138,0.4658901830282862,0.5,0.5,0.6666666666666666,0.33333333333333337,0.5,0.5,0.5463203463203463,0.4536796536796537,0.5,0.5,0.514679989557934,0.48532001044206596,0.6184902682798527,0.38150973172014735,0.41000000000000014,0.08000000000000002,0.0,2.0,107.0,0.010000000000000009,1.0,3.0,0.0,105.72000000000003,18.02,105.72000000000003,0.6476152701972875,0
2025-03-23,Francia,Croacia,2-0,2-0,3-0,2.61,0.18,0.62,0.38,8.0,0.0,16.0,0.0,2.0,6.0,14.0,24.0,0.0,6.0,1859.78,1691.59,58.58,14.9,2025.0,0.9,778.0,0.82,456.0,2,0,1,2,1,3,0,0.9354838709677419,0.06451612903225812,1.0,0.0,1.0,0.0,0.0,1.0,0.6304700162074555,0.36952998379254454,1.0,0.0,0.5236795940721468,0.4763204059278532,0.7972237343494828,0.2027762656505172,2.4299999999999997,0.24,8.0,16.0,322.0,0.08000000000000007,-4.0,-10.0,-6.0,168.19000000000005,43.68,168.19000000000005,0.7247564782629025,0
2025-03-23,Portugal,Dinamarca,3-2,5-2,,3.33,1.98,0.58,0.42,11.0,4.0,11.0,8.0,2.0,4.0,21.0,19.0,2.0,6.0,1756.12,1611.49,38.67,15.87,2025.0,0.86,573.0,0.78,365.0,3,2,1,1,1,3,0,0.6271186440677966,0.3728813559322034,0.7333333333333333,0.2666666666666667,0.5789473684210527,0.42105263157894735,0.25,0.75,0.6108742004264393,0.38912579957356075,0.6,0.4,0.5214736860859779,0.4785263139140221,0.7090209020902091,0.29097909790979093,1.35,0.15999999999999998,7.0,3.0,208.0,0.07999999999999996,-2.0,2.0,-4.0,144.62999999999988,22.800000000000004,144.62999999999988,0.6968953657158924,0
2025-03-23,Bélgica,Ucrania,3-0,,,2.43,0.64,0.7,0.3,6.0,1.0,10.0,1.0,2.0,4.0,10.0,9.0,1.0,3.0,1740.62,1554.94,21.06,9.88,2025.0,0.87,494.0,0.67,171.0,3,0,1,3,1,3,0,0.7915309446254072,0.20846905537459282,0.8571428571428571,0.1428571428571429,0.9090909090909091,0.09090909090909094,0.25,0.75,0.7428571428571429,0.2571428571428571,1.0,0.0,0.528171236451468,0.471828763548532,0.680672268907563,0.31932773109243695,1.79,0.39999999999999997,5.0,9.0,323.0,0.19999999999999996,-2.0,1.0,-2.0,185.67999999999984,11.179999999999998,185.67999999999984,0.7443800589368125,0
2025-03-23,Escocia,Grecia,0-3,,,0.84,1.38,0.58,0.42,5.0,5.0,3.0,0.0,2.0,2.0,13.0,15.0,2.0,5.0,1480.24,1489.88,6.55,11.02,2025.0,0.87,499.0,0.83,347.0,0,3,2,-3,0,0,3,0.3783783783783784,0.6216216216216216,0.5,0.5,1.0,0.0,0.2857142857142857,0.7142857142857143,0.5898345153664303,0.4101654846335697,0.0,1.0,0.49837716994599546,0.5016228300540045,0.37279453614114966,0.6272054638588503,-0.5399999999999999,0.15999999999999998,0.0,3.0,152.0,0.040000000000000036,0.0,-2.0,-3.0,-9.6400000000001,-4.47,-9.6400000000001,0.48613048377581036,0
2025-03-23,Alemania,Italia,3-3,,,3.24,1.35,0.57,0.43,8.0,3.0,6.0,4.0,3.0,4.0,15.0,13.0,0.0,5.0,1703.79,1731.51,36.42,13.73,2025.0,0.89,490.0,0.84,346.0,3,3,X,0,0,1,1,0.7058823529411765,0.2941176470588235,0.7272727272727273,0.2727272727272727,0.6,0.4,0.0,1.0,0.5861244019138756,0.4138755980861244,0.5,0.5,0.49596541786743514,0.5040345821325649,0.7262213359920239,0.2737786640079761,1.8900000000000001,0.13999999999999996,5.0,2.0,144.0,0.050000000000000044,-1.0,2.0,-5.0,-27.720000000000027,22.69,-27.720000000000027,0.4601921441130467,0
2025-03-24,Madagascar,Ghana,0-3,,,0.6561999999999999,1.5148000000000004,0.47,0.53,2.0,5.0,2.0,4.0,2.0,1.0,19.0,17.0,2.0,2.0,1162.02,1320.52,0.283,9.01,2025.0,0.8148000000000001,321.02,0.8403999999999999,395.66,0,3,2,-3,0,0,3,0.30225702441271296,0.697742975587287,0.2857142857142857,0.7142857142857143,0.3333333333333333,0.6666666666666667,0.5,0.5,0.4479265502037171,0.5520734497962829,0.0,1.0,0.4680770501180243,0.5319229498819757,0.03045302916173464,0.9695469708382654,-0.8586000000000005,-0.06000000000000005,-3.0,-2.0,-74.64000000000004,-0.025599999999999845,1.0,2.0,0.0,-158.5,-8.727,-158.5,0.28650910846390576,1
2025-03-24,Bosnia-Herzegovina,Chipre,2-1,,,1.12,1.4,0.56,0.44,6.0,4.0,7.0,7.0,2.0,4.0,14.0,16.0,3.0,4.0,1326.69,1131.32,5.63,0.737,2025.0,0.76,299.0,0.73,223.0,2,1,1,1,1,3,0,0.4444444444444445,0.5555555555555556,0.6,0.4,0.5,0.5,0.42857142857142855,0.5714285714285714,0.5727969348659003,0.42720306513409967,0.6666666666666666,0.33333333333333337,0.5397414982038315,0.46025850179616845,0.8842468980681639,0.11575310193183608,-0.2799999999999998,0.12000000000000005,2.0,0.0,76.0,0.030000000000000027,-2.0,-2.0,-1.0,195.37000000000012,4.893,195.37000000000012,0.7548483971044564,-1
2025-03-24,Inglaterra,Letonia,3-0,,,3.57,0.31,0.73,0.27,8.0,1.0,10.0,2.0,1.0,2.0,11.0,13.0,1.0,5.0,1813.81,1084.11,52.43,0.329,2025.0,0.95,660.0,0.77,197.0,3,0,1,3,1,3,0,0.9201030927835051,0.0798969072164949,0.8888888888888888,0.11111111111111116,0.8333333333333334,0.16666666666666663,0.16666666666666666,0.8333333333333334,0.7701283547257877,0.22987164527421233,1.0,0.0,0.6259006459805654,0.3740993540194346,0.9937640971208703,0.006235902879129673,3.26,0.45999999999999996,7.0,8.0,463.0,0.17999999999999994,-1.0,-2.0,-4.0,729.7,52.101,729.7,0.9852331113857099,-3
2025-03-24,Polonia,Malta,2-0,,,2.9,0.19,0.58,0.42,12.0,3.0,5.0,3.0,2.0,3.0,12.0,16.0,3.0,10.0,1510.62,983.95,8.91,0.554,2025.0,0.88,469.0,0.8,309.0,2,0,1,2,1,3,0,0.9385113268608415,0.06148867313915851,0.8,0.19999999999999996,0.625,0.375,0.23076923076923078,0.7692307692307692,0.602827763496144,0.397172236503856,1.0,0.0,0.605563283451657,0.394436716548343,0.9414623837700761,0.05853761622992393,2.71,0.15999999999999998,9.0,2.0,160.0,0.07999999999999996,-1.0,-4.0,-7.0,526.6699999999998,8.356,526.6699999999998,0.953988323355009,-2
2025-03-24,San Marino,Rumanía,1-5,,,0.65,3.96,0.25,0.75,1.0,8.0,2.0,10.0,3.0,1.0,11.0,13.0,4.0,0.0,747.42,1494.2,0.044,2.37,2025.0,0.74,177.0,0.9,649.0,1,5,2,-4,0,0,3,0.14099783080260303,0.859002169197397,0.1111111111111111,0.8888888888888888,0.16666666666666666,0.8333333333333334,1.0,0.0,0.21428571428571427,0.7857142857142857,0.16666666666666666,0.8333333333333334,0.33342850260079765,0.6665714973992023,0.018227009113504555,0.9817729908864954,-3.31,-0.5,-7.0,-8.0,-472.0,-0.16000000000000003,2.0,-2.0,4.0,-746.7800000000001,-2.326,-746.7800000000001,0.013402627717112599,2
2025-03-24,Costa de Marfil,Gambia,1-0,,,1.3479999999999999,0.6151999999999997,0.53,0.47,3.0,3.0,5.0,2.0,1.0,0.0,18.0,9.0,3.0,2.0,1478.47,1134.69,20.08,3.43,2025.0,0.8285999999999999,381.86,0.7933999999999998,308.86,1,0,1,1,1,3,0,0.6866340668296659,0.3133659331703341,0.5,0.5,0.7142857142857143,0.2857142857142857,0.6,0.4,0.5528434097753069,0.4471565902246931,1.0,0.0,0.5657785975600423,0.43422140243995766,0.8541046363249681,0.14589536367503186,0.7328000000000001,0.06000000000000005,0.0,3.0,73.0,0.03520000000000012,1.0,9.0,1.0,343.78,16.65,343.78,0.8785699079856267,-2
2025-03-24,Lituania,Finlandia,2-2,,,0.51,2.2,0.44,0.56,6.0,4.0,2.0,5.0,3.0,2.0,17.0,15.0,2.0,4.0,1069.96,1361.53,0.703,1.55,2025.0,0.84,344.0,0.87,445.0,2,2,X,0,0,1,1,0.1881918819188192,0.8118081180811808,0.6,0.4,0.2857142857142857,0.7142857142857143,0.3333333333333333,0.6666666666666667,0.43599493029150826,0.5640050697084917,0.5,0.5,0.440042936635561,0.5599570633644391,0.31202840656901903,0.6879715934309809,-1.6900000000000002,-0.12000000000000005,2.0,-3.0,-101.0,-0.030000000000000027,1.0,2.0,-2.0,-291.56999999999994,-0.8470000000000001,-291.56999999999994,0.15730588213483582,2
2025-03-24,Túnez,Malaui,2-0,,,2.6016000000000004,1.2528000000000004,0.63,0.37,10.0,4.0,8.0,0.0,2.0,5.0,10.0,11.0,4.0,8.0,1464.42,1129.31,2.69,0.075,2025.0,0.8933999999999993,529.82,0.8055999999999999,274.62,2,0,1,2,1,3,0,0.6749688667496886,0.3250311332503114,0.7142857142857143,0.2857142857142857,1.0,0.0,0.3333333333333333,0.6666666666666667,0.6586196608821043,0.34138033911789567,1.0,0.0,0.564600016192896,0.435399983807104,0.9728752260397829,0.027124773960217063,1.3488,0.26,6.0,8.0,255.20000000000005,0.08779999999999943,-3.0,-1.0,-4.0,335.1100000000001,2.6149999999999998,335.1100000000001,0.8731440354974606,-2
2025-03-24,Liberia,Santo Tomé y Príncipe,2-1,,,0.9968,0.41899999999999993,0.54,0.46,2.0,1.0,3.0,2.0,1.0,0.0,13.0,12.0,0.0,0.0,1063.04,878.09,0.551,0.066,2025.0,0.8376,412.96,0.8136000000000001,334.36,2,1,1,1,1,3,0,0.7040542449498517,0.2959457550501483,0.6666666666666666,0.33333333333333337,0.6,0.4,0.5,0.5,0.5525879141465504,0.4474120858534496,0.6666666666666666,0.33333333333333337,0.547639776831021,0.45236022316897895,0.8930307941653162,0.10696920583468383,0.5778000000000001,0.08000000000000002,1.0,1.0,78.59999999999997,0.02399999999999991,1.0,1.0,0.0,184.94999999999993,0.48500000000000004,184.94999999999993,0.7435796469180217,0
2025-03-24,República Centroafricana,Mali,0-0,,,0.1926,1.8071999999999997,0.34,0.66,0.0,5.0,0.0,8.0,3.0,0.0,13.0,10.0,5.0,0.0,1102.23,1466.1,0.336,4.32,2025.0,0.7426000000000001,213.82,0.8855999999999998,545.24,0,0,X,0,0,1,1,0.09630963096309633,0.9036903690369037,0.0,1.0,0.0,1.0,1.0,0.0,0.28169051194898953,0.7183094880510105,0.5,0.5,0.4291621403791569,0.5708378596208431,0.07216494845360824,0.9278350515463918,-1.6145999999999998,-0.32,-5.0,-8.0,-331.42,-0.14299999999999968,3.0,3.0,5.0,-363.8699999999999,-3.9840000000000004,-363.8699999999999,0.10962238191856746,2
2025-03-24,Namibia,Guinea Ecuatorial,1-1,,,0.8488000000000002,0.4427999999999999,0.52,0.48,3.0,1.0,3.0,5.0,2.0,1.0,7.0,10.0,0.0,2.0,1179.26,1256.2,0.09,0.191,2025.0,0.8270000000000001,390.72,0.8134000000000001,343.84,1,1,X,0,0,1,1,0.6571694022917313,0.34283059770826874,0.75,0.25,0.375,0.625,0.0,1.0,0.5319102592027881,0.4680897407972119,0.5,0.5,0.4842042160413228,0.5157957839586772,0.32028469750889677,0.6797153024911032,0.4060000000000003,0.040000000000000036,2.0,-2.0,46.88000000000005,0.013599999999999945,1.0,-3.0,-2.0,-76.94000000000005,-0.101,-76.94000000000005,0.39104964062587044,0
2025-03-24,Albania,Andorra,3-0,,,1.34,0.0,0.85,0.15,7.0,0.0,2.0,0.0,0.0,2.0,2.0,21.0,0.0,4.0,1375.57,971.54,3.42,0.137,2025.0,0.93,889.0,0.73,118.0,3,0,1,3,1,3,0,1.0,0.0,1.0,0.0,1.0,0.0,0.0,1.0,0.8828202581926514,0.11717974180734858,1.0,0.0,0.586069677177465,0.41393032282253495,0.9614843969637334,0.038515603036266555,1.34,0.7,7.0,2.0,771.0,0.20000000000000007,-2.0,-19.0,-4.0,404.03,3.283,404.03,0.9109900357209815,-2
2025-03-24,México,Panamá,2-1,,,1.61,1.28,0.47,0.53,5.0,4.0,3.0,3.0,0.0,1.0,10.0,11.0,3.0,3.0,1627.4,1504.39,7.38,1.33,2025.0,0.83,329.0,0.77,346.0,2,1,1,1,1,3,0,0.5570934256055363,0.4429065743944637,0.5555555555555556,0.4444444444444444,0.5,0.5,0.5,0.5,0.4874074074074074,0.5125925925925926,0.6666666666666666,0.33333333333333337,0.5196389285360768,0.48036107146392315,0.8473019517795636,0.15269804822043642,0.33000000000000007,-0.06000000000000005,1.0,0.0,-17.0,0.05999999999999994,-1.0,-1.0,0.0,123.00999999999999,6.05,123.00999999999999,0.6699817419244514,-1
2025-03-24,Guinea-Bisáu,Burkina Faso,1-2,,,0.6702000000000001,1.1618000000000002,0.51,0.49,1.0,2.0,3.0,5.0,2.0,3.0,17.0,24.0,0.0,0.0,1151.72,1373.76,1.64,4.42,2025.0,0.8146000000000002,348.3,0.8185999999999999,332.02,1,2,2,-1,0,0,3,0.3658296943231441,0.634170305676856,0.3333333333333333,0.6666666666666667,0.375,0.625,0.5,0.5,0.5119649576669804,0.48803504233301964,0.3333333333333333,0.6666666666666667,0.45604003991320463,0.5439599600867954,0.2706270627062706,0.7293729372937294,-0.49160000000000004,0.020000000000000018,-1.0,-2.0,16.28000000000003,-0.0039999999999996705,-1.0,-7.0,0.0,-222.03999999999996,-2.7800000000000002,-222.03999999999996,0.21786274559911903,2
2025-03-24,Etiopía,Yibuti,6-1,,,3.407000000000002,1.7021999999999995,0.58,0.42,9.0,7.0,3.0,9.0,1.0,2.0,15.0,11.0,6.0,3.0,1059.94,877.37,0.126,0.029,2025.0,0.9052000000000003,505.8,0.8379999999999999,339.46,6,1,1,5,1,3,0,0.6668362953104207,0.33316370468957934,0.5625,0.4375,0.25,0.75,0.6666666666666666,0.33333333333333337,0.5983957598845326,0.40160424011546736,0.8571428571428571,0.1428571428571429,0.5471194594566693,0.4528805405433307,0.8129032258064516,0.18709677419354842,1.7048000000000023,0.15999999999999998,2.0,-6.0,166.34000000000003,0.06720000000000048,-1.0,4.0,3.0,182.57000000000005,0.097,182.57000000000005,0.7409587040818242,0
2025-03-25,Irán,Uzbekistán,2-2,,,2.64,0.96,0.61,0.39,8.0,4.0,6.0,5.0,2.08,1.94,13.0,11.0,2.0,6.0,1635.31,1424.93,1.23,3.28,2025.0,0.8,370.0,0.73,214.0,2,2,X,0,0,1,1,0.7333333333333334,0.2666666666666666,0.6666666666666666,0.33333333333333337,0.5454545454545454,0.4545454545454546,0.25,0.75,0.6335616438356164,0.3664383561643836,0.5,0.5,0.5343731210624003,0.4656268789375997,0.27272727272727276,0.7272727272727273,1.6800000000000002,0.21999999999999997,4.0,1.0,156.0,0.07000000000000006,0.14000000000000012,2.0,-4.0,210.37999999999988,-2.05,210.37999999999988,0.7704837320363517,-1
2025-03-25,Corea del Sur,Jordania,1-1,,,1.76,0.28,0.75,0.25,3.0,3.0,10.0,3.0,0.0,2.0,12.0,9.0,2.0,2.0,1585.45,1375.91,5.35,0.781,2025.0,0.86,534.0,0.63,132.0,1,1,X,0,0,1,1,0.8627450980392157,0.13725490196078427,0.5,0.5,0.7692307692307693,0.23076923076923073,0.5,0.5,0.8018018018018018,0.19819819819819817,0.5,0.5,0.5353790150471405,0.46462098495285953,0.8726145816343175,0.1273854183656825,1.48,0.5,0.0,7.0,402.0,0.22999999999999998,-2.0,3.0,0.0,209.53999999999996,4.569,209.53999999999996,0.7696275236630816,-1
2025-03-25,Marruecos,Tanzania,2-0,,,1.4538,0.5226000000000001,0.7,0.3,3.0,2.0,8.0,0.0,0.0,1.0,6.0,21.0,2.0,1.0,1688.18,1199.33,17.22,0.361,2025.0,0.8781999999999998,552.02,0.7136,189.22,2,0,1,2,1,3,0,0.7355798421372192,0.26442015786278084,0.6,0.4,1.0,0.0,0.6666666666666666,0.33333333333333337,0.7447250553127192,0.25527494468728085,1.0,0.0,0.5846490574924416,0.41535094250755844,0.9794664694841021,0.020533530515897902,0.9311999999999999,0.39999999999999997,1.0,8.0,362.79999999999995,0.16459999999999975,-1.0,-15.0,1.0,488.85000000000014,16.858999999999998,488.85000000000014,0.9434301839075305,-2
2025-03-25,Argelia,Mozambique,5-1,,,3.589,0.41320000000000007,0.64,0.36,13.0,1.0,9.0,4.0,1.0,2.0,26.0,7.0,0.0,8.0,1495.85,1232.7,9.88,0.059,2025.0,0.8956000000000001,531.8,0.7816000000000003,250.28,5,1,1,4,1,3,0,0.8967567837689271,0.10324321623107291,0.9285714285714286,0.0714285714285714,0.6923076923076923,0.3076923076923077,0.0,1.0,0.6799815875613748,0.32001841243862517,0.8333333333333334,0.16666666666666663,0.5482215828920122,0.45177841710798783,0.9940637891135929,0.005936210886407056,3.1757999999999997,0.28,12.0,5.0,281.52,0.11399999999999977,-1.0,19.0,-8.0,263.14999999999986,9.821000000000002,263.14999999999986,0.8197734229729821,-1
2025-03-25,Comores,Chad,1-0,,,1.4793999999999996,0.3681999999999999,0.62,0.38,5.0,1.0,6.0,1.0,1.0,0.0,24.0,7.0,1.0,4.0,1208.99,935.41,0.667,0.356,2025.0,0.868,493.12,0.7775999999999997,259.84,1,0,1,1,1,3,0,0.8007144403550552,0.19928555964494477,0.8333333333333334,0.16666666666666663,0.8571428571428571,0.1428571428571429,0.2,0.8,0.6549086272843179,0.34509137271568213,1.0,0.0,0.5637894049617609,0.4362105950382391,0.6520039100684262,0.3479960899315738,1.1111999999999997,0.24,4.0,5.0,233.28000000000003,0.09040000000000026,1.0,17.0,-3.0,273.58000000000004,0.31100000000000005,273.58000000000004,0.8284743522219794,-1
2025-03-25,Mauritania,RD Congo,0-2,,,0.9442,0.9802000000000001,0.66,0.34,2.0,2.0,4.0,3.0,2.0,0.0,7.0,11.0,0.0,2.0,1183.16,1395.77,1.01,5.53,2025.0,0.8492000000000001,478.26,0.7013999999999999,198.88,0,2,2,-2,0,0,3,0.49064643525254625,0.5093535647474537,0.5,0.5,0.5714285714285714,0.4285714285714286,0.0,1.0,0.70629411938447,0.29370588061553005,0.0,1.0,0.4587794162695381,0.5412205837304619,0.154434250764526,0.845565749235474,-0.03600000000000003,0.32,0.0,1.0,279.38,0.14780000000000015,2.0,-4.0,-2.0,-212.6099999999999,-4.5200000000000005,-212.6099999999999,0.2272540928033701,1
2025-03-25,Senegal,Togo,2-0,,,1.304,1.1086,0.57,0.43,4.0,6.0,4.0,2.0,0.0,2.0,11.56,11.4,6.0,2.0,1637.25,1152.18,18.39,1.11,2025.0,0.8660000000000001,477.5,0.8044,303.18,2,0,1,2,1,3,0,0.540495730746912,0.45950426925308796,0.4,0.6,0.6666666666666666,0.33333333333333337,0.75,0.25,0.6116462571091869,0.38835374289081315,1.0,0.0,0.5869478710704337,0.41305212892956633,0.9430769230769231,0.056923076923076854,0.19540000000000002,0.13999999999999996,-2.0,2.0,174.32,0.0616000000000001,-2.0,0.16000000000000014,4.0,485.06999999999994,17.28,485.06999999999994,0.9422576227829966,-3
2025-03-25,Gibraltar,República Checa,0-4,,,0.01,4.47,0.2,0.8,0.0,12.0,0.0,12.0,3.0,1.0,10.0,10.0,7.0,0.0,848.58,1484.88,0.073,7.24,2025.0,0.55,83.0,0.87,529.0,0,4,2,-4,0,0,3,0.0022321428571428575,0.9977678571428571,0.0,1.0,0.0,1.0,1.0,0.0,0.13562091503267973,0.8643790849673203,0.0,1.0,0.3636574014553496,0.6363425985446505,0.009982223437713659,0.9900177765622863,-4.46,-0.6000000000000001,-12.0,-12.0,-446.0,-0.31999999999999995,2.0,0.0,7.0,-636.3000000000001,-7.167,-636.3000000000001,0.02501766355748868,2
2025-03-25,Israel,Noruega,2-4,,,0.61,3.96,0.44,0.56,6.0,12.0,2.0,7.0,1.0,2.0,7.0,9.0,8.0,4.0,1322.25,1484.44,2.96,22.69,2025.0,0.89,416.0,0.93,526.0,2,4,2,-2,0,0,3,0.1334792122538293,0.8665207877461707,0.3333333333333333,0.6666666666666667,0.2222222222222222,0.7777777777777778,0.6666666666666666,0.33333333333333337,0.4416135881104034,0.5583864118895966,0.3333333333333333,0.6666666666666667,0.4711065347437729,0.5288934652562272,0.11539961013645222,0.8846003898635477,-3.35,-0.12000000000000005,-6.0,-5.0,-110.0,-0.040000000000000036,-1.0,-2.0,4.0,-162.19000000000005,-19.73,-162.19000000000005,0.28218668140227327,1
2025-03-25,Liechtenstein,Kazajistán,0-2,,,0.07,1.47,0.3,0.7,2.0,4.0,1.0,6.0,1.0,1.0,6.0,10.0,2.0,2.0,821.71,1180.18,0.026,0.652,2025.0,0.66,174.0,0.85,506.0,0,2,2,-2,0,0,3,0.045454545454545456,0.9545454545454546,0.3333333333333333,0.6666666666666667,0.14285714285714285,0.8571428571428572,0.5,0.5,0.25588235294117645,0.7441176470588236,0.0,1.0,0.41046710858238966,0.5895328914176103,0.0383480825958702,0.9616519174041298,-1.4,-0.39999999999999997,-2.0,-5.0,-332.0,-0.18999999999999995,0.0,-4.0,0.0,-358.47,-0.626,-358.47,0.11269345295864229,1
2025-03-25,Macedonia del Norte,Gales,1-1,,,0.96,0.84,0.32,0.68,2.0,6.0,5.0,5.0,3.0,2.0,10.0,16.0,4.0,1.0,1368.96,1534.39,1.38,6.69,2025.0,0.67,164.0,0.87,468.0,1,1,X,0,0,1,1,0.5333333333333333,0.4666666666666667,0.25,0.75,0.5,0.5,0.8,0.19999999999999996,0.25949367088607594,0.740506329113924,0.5,0.5,0.47151049649542764,0.5284895035045724,0.17100371747211893,0.828996282527881,0.12,-0.36000000000000004,-4.0,0.0,-304.0,-0.19999999999999996,1.0,-6.0,3.0,-165.43000000000006,-5.3100000000000005,-165.43000000000006,0.27842419031558246,1
2025-03-25,Montenegro,Islas Feroe,1-0,,,1.67,0.28,0.66,0.34,5.0,1.0,7.0,3.0,1.0,1.0,9.0,10.0,1.0,4.0,1326.76,1096.88,2.48,0.222,2025.0,0.86,446.0,0.72,194.0,1,0,1,1,1,3,0,0.8564102564102564,0.14358974358974363,0.8333333333333334,0.16666666666666663,0.7,0.30000000000000004,0.2,0.8,0.696875,0.303125,1.0,0.0,0.5474245349969467,0.45257546500305335,0.9178386380458919,0.08216136195410806,1.39,0.32,4.0,4.0,252.0,0.14,0.0,-1.0,-3.0,229.87999999999988,2.258,229.87999999999988,0.7897294947281116,-1
2025-03-25,Botsuana,Somalia,2-0,,,2.0988000000000007,0.8318000000000001,0.48,0.52,8.0,3.0,8.0,3.0,0.0,2.0,10.0,4.0,3.0,6.0,1098.85,829.81,0.117,0.04,2025.0,0.8220000000000002,329.36,0.8162000000000004,364.9,2,0,1,2,1,3,0,0.7161673377465365,0.2838326622534635,0.7272727272727273,0.2727272727272727,0.7272727272727273,0.2727272727272727,0.3333333333333333,0.6666666666666667,0.4744044018091205,0.5255955981908795,1.0,0.0,0.5697479078738606,0.43025209212613935,0.7452229299363058,0.2547770700636942,1.2670000000000006,-0.040000000000000036,5.0,5.0,-35.539999999999964,0.005799999999999805,-2.0,6.0,-3.0,269.03999999999996,0.07700000000000001,269.03999999999996,0.8247286001101228,0
2025-03-25,Japón,Arabia Saudí,0-0,,,1.04,0.02,0.78,0.22,2.0,0.0,9.0,0.0,1.12,1.6,10.0,3.0,0.0,2.0,1652.79,1406.56,10.42,1.56,2025.0,0.9,644.0,0.52,111.0,0,0,X,0,0,1,1,0.9811320754716981,0.018867924528301883,1.0,0.0,1.0,0.0,0.0,1.0,0.8529801324503311,0.1470198675496689,0.5,0.5,0.5402422083122231,0.45975779168777686,0.8697829716193656,0.13021702838063443,1.02,0.56,2.0,9.0,533.0,0.38,-0.48,7.0,-2.0,246.23000000000002,8.86,246.23000000000002,0.8049326645781877,-1
2025-03-25,Burundi,Seychelles,5-0,,,4.320800000000001,0.35200000000000004,0.7,0.3,16.0,1.0,6.0,0.0,1.0,3.0,17.0,16.0,1.0,11.0,1087.26,831.19,0.377,0.045,2025.0,0.9052,537.74,0.7516000000000004,185.72,5,0,1,5,1,3,0,0.9246704331450094,0.07532956685499059,0.9411764705882353,0.05882352941176472,1.0,0.0,0.08333333333333333,0.9166666666666666,0.7432891935974345,0.2567108064025655,1.0,0.0,0.5667387734890146,0.4332612265109854,0.8933649289099527,0.10663507109004733,3.968800000000001,0.39999999999999997,15.0,6.0,352.02,0.15359999999999963,-2.0,1.0,-10.0,256.06999999999994,0.332,256.06999999999994,0.8136733094586113,0
2025-03-25,Sudán,Sudán del Sur,1-1,,,0.772,0.37079999999999996,0.61,0.39,1.0,1.0,5.0,5.0,1.0,2.0,16.0,21.0,0.0,0.0,1165.41,973.55,0.121,0.064,2025.0,0.8900000000000002,519.16,0.7904000000000003,276.02,1,1,X,0,0,1,1,0.6755337766888344,0.3244662233111656,0.5,0.5,0.5,0.5,0.5,0.5,0.6528836238335974,0.34711637616640256,0.5,0.5,0.5448488985301269,0.45515110146987314,0.654054054054054,0.34594594594594597,0.40120000000000006,0.21999999999999997,0.0,0.0,243.14,0.09959999999999991,-1.0,-5.0,0.0,191.86000000000013,0.056999999999999995,191.86000000000013,0.7510901571163204,0
2025-03-25,Corea del Norte,Emiratos Árabes Unidos,1-2,,,0.51,1.55,0.31,0.69,2.0,7.0,4.0,4.0,3.0,2.0,14.0,11.0,5.0,1.0,1164.41,1385.57,0.236,1.21,2025.0,0.69,209.0,0.85,577.0,1,2,2,-1,0,0,3,0.24757281553398058,0.7524271844660194,0.2222222222222222,0.7777777777777778,0.5,0.5,0.8333333333333334,0.16666666666666663,0.26590330788804073,0.7340966921119593,0.3333333333333333,0.6666666666666667,0.4566349539996392,0.5433650460003607,0.1632088520055325,0.8367911479944675,-1.04,-0.37999999999999995,-5.0,0.0,-368.0,-0.16000000000000003,1.0,3.0,4.0,-221.15999999999985,-0.974,-221.15999999999985,0.21872716504949227,2
2025-03-25,Kuwait,Omán,0-1,,,0.77,0.76,0.48,0.52,1.0,3.0,5.0,4.0,1.0,1.0,10.0,9.0,2.0,1.0,1108.72,1306.67,0.176,0.297,2025.0,0.83,369.0,0.86,430.0,0,1,2,-1,0,0,3,0.5032679738562091,0.49673202614379086,0.25,0.75,0.5555555555555556,0.4444444444444444,0.6666666666666666,0.33333333333333337,0.4618272841051314,0.5381727158948686,0.0,1.0,0.45902318052157204,0.5409768194784279,0.37209302325581395,0.627906976744186,0.010000000000000009,-0.040000000000000036,-2.0,1.0,-61.0,-0.030000000000000027,0.0,1.0,1.0,-197.95000000000005,-0.121,-197.95000000000005,0.2424136797327796,1
2025-03-25,Palestina,Irak,2-1,,,1.72,0.69,0.54,0.46,5.0,3.0,11.0,9.0,2.0,3.0,5.0,13.0,2.0,3.0,1215.87,1442.86,0.343,0.815,2025.0,0.82,328.0,0.75,265.0,2,1,1,1,1,3,0,0.7136929460580912,0.2863070539419088,0.625,0.375,0.55,0.44999999999999996,0.4,0.6,0.5531197301854974,0.4468802698145026,0.6666666666666666,0.33333333333333337,0.4573123258096911,0.5426876741903088,0.2962003454231434,0.7037996545768566,1.03,0.08000000000000002,2.0,2.0,63.0,0.06999999999999995,-1.0,-8.0,-1.0,-226.99,-0.4719999999999999,-226.99,0.2130463715992436,1
2025-03-25,Moldavia,Estonia,2-3,,,0.66,1.53,0.5,0.5,6.0,7.0,5.0,3.0,3.0,5.0,14.0,15.0,4.0,4.0,1045.59,1142.53,0.373,0.516,2025.0,0.75,262.0,0.81,296.0,2,3,2,-1,0,0,3,0.30136986301369867,0.6986301369863013,0.46153846153846156,0.5384615384615384,0.625,0.375,0.5,0.5,0.46953405017921146,0.5304659498207885,0.4,0.6,0.4778485640641281,0.5221514359358719,0.4195725534308211,0.5804274465691789,-0.87,0.0,-1.0,2.0,-34.0,-0.06000000000000005,-2.0,-1.0,0.0,-96.94000000000005,-0.14300000000000002,-96.94000000000005,0.3640030554916457,0
2025-03-25,Angola,Cabo Verde,1-2,,,0.9436000000000003,1.0238,0.54,0.46,2.0,2.0,4.0,4.0,0.0,1.0,11.0,13.0,0.0,1.0,1296.48,1328.51,1.72,2.1,2025.0,0.8188000000000001,370.82,0.7903999999999998,307.82,1,2,2,-1,0,0,3,0.4796177696452171,0.5203822303547829,0.5,0.5,0.5,0.5,0.0,1.0,0.5464163621360367,0.4535836378639633,0.3333333333333333,0.6666666666666667,0.49389902437723576,0.5061009756227642,0.450261780104712,0.549738219895288,-0.08019999999999972,0.08000000000000002,0.0,0.0,63.0,0.028400000000000314,-1.0,-2.0,-1.0,-32.02999999999997,-0.3800000000000001,-32.02999999999997,0.4540352682694515,0
2025-03-25,Benín,Sudáfrica,0-2,,,0.4135999999999998,1.7124000000000001,0.42,0.58,1.0,5.0,0.0,6.0,2.0,0.0,9.0,12.0,3.0,1.0,1250.99,1428.87,0.723,1.89,2025.0,0.7554000000000002,261.98,0.8382,423.84,0,2,2,-2,0,0,3,0.19454374412041384,0.8054562558795861,0.16666666666666666,0.8333333333333334,0.0,1.0,0.75,0.25,0.38199527572832526,0.6180047242716747,0.0,1.0,0.46681169911861076,0.5331883008813892,0.2766934557979334,0.7233065442020665,-1.2988000000000004,-0.15999999999999998,-4.0,-6.0,-161.85999999999996,-0.08279999999999976,2.0,-3.0,2.0,-177.87999999999988,-1.1669999999999998,-177.87999999999988,0.2642568381695818,1
2025-03-25,China,Australia,0-2,,,0.89,1.02,0.49,0.51,1.0,2.0,6.0,6.0,1.0,0.0,10.0,3.0,0.0,1.0,1266.38,1544.15,0.551,2.98,2025.0,0.87,392.0,0.85,407.0,0,2,2,-2,0,0,3,0.46596858638743455,0.5340314136125655,0.3333333333333333,0.6666666666666667,0.5,0.5,0.0,1.0,0.490613266583229,0.509386733416771,0.0,1.0,0.4505840535415029,0.5494159464584971,0.15604644576607193,0.843953554233928,-0.13,-0.020000000000000018,-1.0,0.0,-15.0,0.020000000000000018,1.0,7.0,-1.0,-277.77,-2.429,-277.77,0.16812524973107532,2
2025-03-25,Egipto,Sierra Leona,1-0,,,1.2614000000000003,0.37459999999999993,0.53,0.47,3.0,1.0,8.0,4.0,1.0,1.0,12.0,11.0,1.0,2.0,1513.48,1132.06,4.48,0.559,2025.0,0.8177999999999999,368.12,0.7981999999999997,314.2,1,0,1,1,1,3,0,0.7710268948655258,0.22897310513447422,0.75,0.25,0.6666666666666666,0.33333333333333337,0.3333333333333333,0.6666666666666667,0.539512252315629,0.46048774768437095,1.0,0.0,0.5720873621264468,0.42791263787355316,0.8890652907322881,0.11093470926771187,0.8868000000000004,0.06000000000000005,2.0,4.0,53.920000000000016,0.019600000000000173,0.0,1.0,-1.0,381.4200000000001,3.9210000000000003,381.4200000000001,0.8998563978653723,-3
2025-03-25,Nigeria,Zimbabue,1-1,,,1.2968000000000002,0.7092000000000002,0.42,0.58,3.0,3.0,6.0,1.0,0.0,2.0,10.0,5.0,2.0,2.0,1482.23,1151.06,7.48,1.21,2025.0,0.7828,237.38,0.8172000000000001,350.78,1,1,X,0,0,1,1,0.6464606181455633,0.3535393818544367,0.5,0.5,0.8571428571428571,0.1428571428571429,0.5,0.5,0.4035976605005441,0.596402339499456,0.5,0.5,0.5628814145042893,0.4371185854957107,0.860759493670886,0.139240506329114,0.5876,-0.15999999999999998,0.0,5.0,-113.39999999999998,-0.0344000000000001,-2.0,5.0,0.0,331.1700000000001,6.2700000000000005,331.1700000000001,0.8706105347471205,-2
2025-03-25,Ruanda,Lesoto,1-1,,,2.1986000000000008,0.6707999999999998,0.54,0.46,8.0,2.0,4.0,2.0,1.0,1.0,10.0,10.0,1.0,7.0,1136.06,1046.76,0.232,0.025,2025.0,0.8406,417.4,0.8142000000000003,334.5,1,1,X,0,0,1,1,0.7662229037429429,0.23377709625705712,0.8,0.19999999999999996,0.6666666666666666,0.33333333333333337,0.125,0.875,0.5551270115706876,0.44487298842931244,0.5,0.5,0.5204551909914698,0.47954480900853025,0.9027237354085603,0.09727626459143968,1.527800000000001,0.08000000000000002,6.0,2.0,82.89999999999998,0.026399999999999757,0.0,0.0,-6.0,89.29999999999995,0.20700000000000002,89.29999999999995,0.6257559050046182,0
2025-03-25,Uganda,Guinea,1-0,,,0.8519999999999998,0.8263999999999999,0.46,0.54,3.0,2.0,8.0,4.0,1.0,1.0,14.0,11.0,2.0,2.0,1270.42,1311.88,0.297,2.47,2025.0,0.8003999999999998,319.1,0.8306,395.28,1,0,1,1,1,3,0,0.5076263107721639,0.4923736892278361,0.6,0.4,0.6666666666666666,0.33333333333333337,0.5,0.5,0.44668103810297044,0.5533189618970296,1.0,0.0,0.49197227278007977,0.5080277272199203,0.107336465486086,0.892663534513914,0.025599999999999845,-0.08000000000000002,1.0,4.0,-76.17999999999995,-0.030200000000000227,0.0,3.0,0.0,-41.460000000000036,-2.173,-41.460000000000036,0.440615873206698,0
2025-03-25,Indonesia,Bahréin,1-0,,,1.19,0.26,0.42,0.58,3.0,1.0,4.0,3.0,3.0,2.0,14.0,8.0,1.0,2.0,1133.41,1305.52,0.85,0.256,2025.0,0.8,260.0,0.84,374.0,1,0,1,1,1,3,0,0.8206896551724138,0.17931034482758623,0.75,0.25,0.5714285714285714,0.4285714285714286,0.3333333333333333,0.6666666666666667,0.41009463722397477,0.5899053627760252,1.0,0.0,0.4647160845124706,0.5352839154875294,0.7685352622061483,0.23146473779385168,0.9299999999999999,-0.15999999999999998,2.0,1.0,-114.0,-0.039999999999999925,1.0,6.0,-1.0,-172.1099999999999,0.594,-172.1099999999999,0.2707649906332884,1
2025-03-25,Kirguistán,Catar,3-1,,,0.41,0.63,0.46,0.54,5.0,4.0,5.0,6.0,2.0,1.0,12.0,7.0,3.0,2.0,1194.19,1474.6,0.271,0.766,2025.0,0.83,326.0,0.84,400.0,3,1,1,2,1,3,0,0.3942307692307692,0.6057692307692308,0.5555555555555556,0.4444444444444444,0.45454545454545453,0.5454545454545454,0.6,0.4,0.4490358126721763,0.5509641873278237,0.75,0.25,0.44746495602876213,0.5525350439712379,0.2613307618129219,0.7386692381870781,-0.22000000000000003,-0.08000000000000002,1.0,-1.0,-74.0,-0.010000000000000009,1.0,5.0,1.0,-280.40999999999985,-0.495,-280.40999999999985,0.16601050805329154,1
2025-06-04,Alemania,Portugal,1-2,,,1.11,2.56,0.55,0.45,5.0,6.0,3.0,4.0,3.0,3.0,9.0,10.0,4.0,4.0,1716.98,1750.08,36.42,38.67,2025.0,0.89,477.0,0.86,376.0,1,2,2,-1,0,0,3,0.3024523160762943,0.6975476839237057,0.45454545454545453,0.5454545454545454,0.42857142857142855,0.5714285714285714,0.5,0.5,0.5592028135990621,0.4407971864009379,0.3333333333333333,0.6666666666666667,0.49522650314675837,0.5047734968532416,0.48501797842588895,0.514982021574111,-1.45,0.10000000000000003,-1.0,-1.0,101.0,0.030000000000000027,0.0,-1.0,0.0,-33.09999999999991,-2.25,-33.09999999999991,0.45250886480804536,0
2025-06-05,Catar,Irán,1-0,,,0.49,0.27,0.52,0.48,3.0,3.0,3.0,3.0,3.0,4.0,15.0,19.0,3.0,2.0,1456.58,1637.39,0.766,1.23,2025.0,0.88,443.0,0.87,403.0,1,0,1,1,1,3,0,0.6447368421052632,0.35526315789473684,0.5,0.5,0.5,0.5,0.6,0.4,0.5236406619385343,0.4763593380614657,1.0,0.0,0.47078025966638326,0.5292197403336167,0.3837675350701403,0.6162324649298597,0.21999999999999997,0.040000000000000036,0.0,0.0,40.0,0.010000000000000009,-1.0,-4.0,1.0,-180.81000000000017,-0.46399999999999997,-180.81000000000017,0.26099064296279095,1
2025-06-05,Corea del Norte,Kirguistán,2-2,,,0.93,0.82,0.47,0.53,5.0,3.0,3.0,2.0,2.0,1.0,15.0,6.0,1.0,3.0,1153.38,1205.68,0.236,0.271,2025.0,0.8,292.0,0.81,344.0,2,2,X,0,0,1,1,0.5314285714285715,0.4685714285714285,0.625,0.375,0.6,0.4,0.25,0.75,0.4591194968553459,0.5408805031446541,0.5,0.5,0.48891507634396747,0.5110849236560325,0.46548323471400394,0.5345167652859961,0.1100000000000001,-0.06000000000000005,2.0,1.0,-52.0,-0.010000000000000009,1.0,9.0,-2.0,-52.299999999999955,-0.03500000000000003,-52.299999999999955,0.42529764436696166,1
2025-06-05,Irak,Corea del Sur,0-2,,,0.28,2.08,0.24,0.76,2.0,7.0,1.0,10.0,1.0,4.0,8.0,12.0,5.0,2.0,1413.4,1574.93,0.815,5.35,2025.0,0.64,143.0,0.88,612.0,0,2,2,-2,0,0,3,0.11864406779661016,0.8813559322033898,0.2222222222222222,0.7777777777777778,0.09090909090909091,0.9090909090909091,0.7142857142857143,0.2857142857142857,0.18940397350993377,0.8105960264900662,0.0,1.0,0.4729731990777458,0.5270268009222542,0.13219789132197893,0.8678021086780211,-1.8,-0.52,-5.0,-9.0,-469.0,-0.24,-3.0,-4.0,3.0,-161.52999999999997,-4.535,-161.52999999999997,0.28295688700790816,1
2025-06-05,Bahréin,Arabia Saudí,0-2,,,1.35,1.44,0.54,0.46,2.0,3.0,6.0,2.0,2.0,2.0,4.0,10.0,1.0,2.0,1290.0,1418.96,0.256,1.56,2025.0,0.78,323.0,0.72,265.0,0,2,2,-2,0,0,3,0.4838709677419355,0.5161290322580645,0.4,0.6,0.75,0.25,0.3333333333333333,0.6666666666666667,0.5493197278911565,0.45068027210884354,0.0,1.0,0.4761975075305652,0.5238024924694348,0.1409691629955947,0.8590308370044053,-0.08999999999999986,0.08000000000000002,-1.0,4.0,58.0,0.06000000000000005,0.0,-6.0,-1.0,-128.96000000000004,-1.304,-128.96000000000004,0.32248972706387435,1
2025-06-05,Emiratos Árabes Unidos,Uzbekistán,0-0,,,0.79,0.47,0.61,0.39,6.0,0.0,2.0,3.0,1.0,1.0,12.0,13.0,0.0,6.0,1382.7,1437.02,1.21,3.28,2025.0,0.89,526.0,0.81,294.0,0,0,X,0,0,1,1,0.626984126984127,0.373015873015873,1.0,0.0,0.4,0.6,0.0,1.0,0.6414634146341464,0.35853658536585364,0.5,0.5,0.49036783794135586,0.5096321620586441,0.26948775055679286,0.7305122494432071,0.32000000000000006,0.21999999999999997,6.0,-1.0,232.0,0.07999999999999996,0.0,-1.0,-6.0,-54.319999999999936,-2.07,-54.319999999999936,0.42245801898799246,0
2025-06-05,Omán,Jordania,0-3,,,0.44,2.05,0.59,0.41,2.0,4.0,3.0,3.0,2.0,1.0,10.0,13.0,1.0,2.0,1323.91,1389.15,0.297,0.781,2025.0,0.9,446.0,0.86,294.0,0,3,2,-3,0,0,3,0.17670682730923695,0.8232931726907631,0.3333333333333333,0.6666666666666667,0.5,0.5,0.3333333333333333,0.6666666666666667,0.6027027027027027,0.39729729729729735,0.0,1.0,0.4879766757830641,0.5120233242169359,0.2755102040816326,0.7244897959183674,-1.6099999999999999,0.18,-2.0,0.0,152.0,0.040000000000000036,1.0,-3.0,-1.0,-65.24000000000001,-0.48400000000000004,-65.24000000000001,0.4072002365793034,1
2025-06-05,Kuwait,Palestina,0-2,,,0.51,2.72,0.66,0.34,2.0,6.0,10.0,5.0,3.0,2.0,8.0,12.0,4.0,2.0,1112.12,1224.65,0.176,0.343,2025.0,0.81,372.0,0.72,170.0,0,2,2,-2,0,0,3,0.15789473684210525,0.8421052631578947,0.25,0.75,0.6666666666666666,0.33333333333333337,0.6666666666666666,0.33333333333333337,0.6863468634686347,0.3136531365313653,0.0,1.0,0.47592189218451103,0.524078107815489,0.33911368015414256,0.6608863198458574,-2.21,0.32,-4.0,5.0,202.0,0.09000000000000008,1.0,-4.0,2.0,-112.5300000000002,-0.16700000000000004,-112.5300000000002,0.34349116709460886,1
2025-06-05,Australia,Japón,1-0,,,0.33,0.47,0.31,0.69,3.0,1.0,1.0,8.0,1.58,2.1,8.0,13.0,1.0,2.0,1554.55,1652.64,2.98,10.42,2025.0,0.72,215.0,0.89,570.0,1,0,1,1,1,3,0,0.4125,0.5875,0.75,0.25,0.1111111111111111,0.8888888888888888,0.3333333333333333,0.6666666666666667,0.27388535031847133,0.7261146496815287,1.0,0.0,0.4847077971682376,0.5152922028317624,0.22238805970149253,0.7776119402985074,-0.13999999999999996,-0.37999999999999995,2.0,-7.0,-355.0,-0.17000000000000004,-0.52,-5.0,-1.0,-98.09000000000015,-7.4399999999999995,-98.09000000000015,0.3624718933018166,0
2025-06-05,España,Francia,5-4,,,2.91,2.78,0.43,0.57,8.0,9.0,4.0,6.0,2.0,4.0,17.0,14.0,5.0,3.0,1854.64,1852.71,47.03,58.58,2025.0,0.82,324.0,0.9,452.0,5,4,1,1,1,3,0,0.5114235500878735,0.48857644991212645,0.47058823529411764,0.5294117647058824,0.4,0.6,0.625,0.375,0.4175257731958763,0.5824742268041236,0.5555555555555556,0.4444444444444444,0.5002602937408122,0.49973970625918784,0.4453176782501657,0.5546823217498342,0.13000000000000034,-0.13999999999999996,-1.0,-2.0,-128.0,-0.08000000000000007,-2.0,3.0,2.0,1.9300000000000637,-11.549999999999997,1.9300000000000637,0.5027774646995964,0
2025-06-05,Indonesia,China,1-0,,,1.35,0.45,0.48,0.52,3.0,1.0,3.0,5.0,2.0,3.0,12.0,16.0,1.0,2.0,1142.92,1250.95,0.85,0.551,2025.0,0.8,282.0,0.84,315.0,1,0,1,1,1,3,0,0.75,0.25,0.75,0.25,0.375,0.625,0.3333333333333333,0.6666666666666667,0.4723618090452261,0.5276381909547738,1.0,0.0,0.477436118084942,0.522563881915058,0.6067094932191291,0.39329050678087085,0.9000000000000001,-0.040000000000000036,2.0,-2.0,-33.0,-0.039999999999999925,-1.0,-4.0,-1.0,-108.02999999999997,0.29899999999999993,-108.02999999999997,0.3493561166168472,1
2025-06-06,Colombia,Perú,0-0,,,0.7,0.4,0.7,0.3,0.0,1.0,2.0,4.0,1.0,1.0,10.0,5.0,1.0,0.0,1679.04,1483.48,11.63,1.28,2025.0,0.88,532.0,0.69,177.0,0,0,X,0,0,1,1,0.6363636363636362,0.36363636363636376,0.0,1.0,0.3333333333333333,0.6666666666666667,1.0,0.0,0.7503526093088858,0.2496473906911142,0.5,0.5,0.5309183815438321,0.4690816184561679,0.900852052672347,0.09914794732765297,0.29999999999999993,0.39999999999999997,-1.0,-2.0,355.0,0.19000000000000006,0.0,5.0,1.0,195.55999999999995,10.350000000000001,195.55999999999995,0.7550507375459559,-1
2025-06-06,Estonia,Israel,1-3,,,1.23,2.09,0.53,0.47,2.0,7.0,5.0,5.0,1.0,0.0,13.0,7.0,4.0,0.0,1144.48,1321.78,0.516,2.96,2025.0,0.85,380.0,0.82,339.0,1,3,2,-2,0,0,3,0.3704819277108434,0.6295180722891567,0.2222222222222222,0.7777777777777778,0.5,0.5,1.0,0.0,0.5285118219749653,0.47148817802503473,0.25,0.75,0.4640548847242383,0.5359451152757617,0.14844649021864212,0.8515535097813579,-0.8599999999999999,0.06000000000000005,-5.0,0.0,41.0,0.030000000000000027,1.0,6.0,4.0,-177.29999999999995,-2.444,-177.29999999999995,0.264906485589637,1
2025-06-06,Gales,Liechtenstein,3-0,,,2.61,0.0,0.79,0.21,11.0,0.0,12.0,0.0,1.0,2.0,9.0,8.0,0.0,8.0,1535.57,813.86,6.69,0.026,2025.0,0.91,640.0,0.57,110.0,3,0,1,3,1,3,0,1.0,0.0,1.0,0.0,1.0,0.0,0.0,1.0,0.8533333333333334,0.1466666666666666,1.0,0.0,0.653592573517832,0.34640742648216805,0.9961286480047647,0.0038713519952352504,2.61,0.5800000000000001,11.0,12.0,530.0,0.3400000000000001,-1.0,1.0,-8.0,721.7099999999999,6.664000000000001,721.7099999999999,0.984548798839789,-3
2025-06-06,Gibraltar,Croacia,0-7,,,0.25,5.8,0.32,0.68,0.0,13.0,1.0,12.0,0.0,1.0,9.0,10.0,5.0,0.0,843.19,1698.66,0.073,14.9,2025.0,0.68,161.0,0.89,432.0,0,7,2,-7,0,0,3,0.04132231404958678,0.9586776859504132,0.0,1.0,0.07692307692307693,0.9230769230769231,1.0,0.0,0.2715008431703204,0.7284991568296796,0.0,1.0,0.33172295768829785,0.6682770423117022,0.004875442463100246,0.9951245575368998,-5.55,-0.36000000000000004,-13.0,-11.0,-271.0,-0.20999999999999996,-1.0,-1.0,5.0,-855.47,-14.827,-855.47,0.007214074312998374,3
2025-06-06,Noruega,Italia,3-0,,,1.53,0.38,0.38,0.62,4.0,1.0,6.0,2.0,2.0,0.0,11.0,10.0,1.0,1.0,1497.18,1718.31,22.69,13.73,2025.0,0.86,305.0,0.9,526.0,3,0,1,3,1,3,0,0.8010471204188481,0.19895287958115193,0.8,0.19999999999999996,0.75,0.25,0.5,0.5,0.36702767749699156,0.6329723225030084,1.0,0.0,0.46561488295718545,0.5343851170428146,0.6230093355299287,0.37699066447007135,1.15,-0.24,3.0,4.0,-221.0,-0.040000000000000036,2.0,1.0,0.0,-221.12999999999988,8.96,-221.12999999999988,0.21875667737926477,1
2025-06-06,República Checa,Montenegro,2-0,,,1.35,0.68,0.57,0.43,7.0,3.0,8.0,4.0,1.0,3.0,23.0,10.0,2.0,4.0,1491.43,1337.36,7.24,2.48,2025.0,0.82,363.0,0.75,251.0,2,0,1,2,1,3,0,0.6650246305418719,0.3349753694581281,0.7,0.30000000000000004,0.6666666666666666,0.33333333333333337,0.3333333333333333,0.6666666666666667,0.5912052117263844,0.4087947882736156,1.0,0.0,0.5272324916306973,0.4727675083693027,0.7448559670781892,0.25514403292181076,0.67,0.13999999999999996,4.0,4.0,112.0,0.06999999999999995,-2.0,13.0,-2.0,154.07000000000016,4.76,154.07000000000016,0.708249658158341,-1
2025-06-06,Chile,Argentina,0-1,,,0.46,1.23,0.34,0.66,3.0,4.0,1.0,4.0,4.0,2.0,9.0,9.0,3.0,3.0,1461.91,1886.16,2.67,31.06,2025.0,0.81,294.0,0.91,675.0,0,1,2,-1,0,0,3,0.27218934911242604,0.7278106508875739,0.42857142857142855,0.5714285714285714,0.2,0.8,0.5,0.5,0.30340557275541796,0.6965944272445821,0.0,1.0,0.4366426030519075,0.5633573969480925,0.0791580195671509,0.9208419804328491,-0.77,-0.32,-1.0,-3.0,-381.0,-0.09999999999999998,2.0,0.0,0.0,-424.25,-28.39,-424.25,0.08001234514347062,1
2025-06-06,Ecuador,Brasil,0-0,,,0.45,0.38,0.52,0.48,3.0,2.0,4.0,3.0,2.2,1.32,14.0,9.0,2.0,3.0,1567.95,1776.03,14.18,35.7,2025.0,0.88,425.0,0.84,376.0,0,0,X,0,0,1,1,0.5421686746987951,0.45783132530120485,0.6,0.4,0.5714285714285714,0.4285714285714286,0.4,0.6,0.5305867665418227,0.4694132334581773,0.5,0.5,0.4688873737283118,0.5311126262716882,0.28428227746591817,0.7157177225340818,0.07,0.040000000000000036,1.0,1.0,49.0,0.040000000000000036,0.8800000000000001,5.0,-1.0,-208.07999999999993,-21.520000000000003,-208.07999999999993,0.23186596671712087,0
2025-06-06,Paraguay,Uruguay,2-0,,,1.46,0.25,0.29,0.71,5.0,1.0,5.0,7.0,2.0,0.0,18.0,10.0,1.0,3.0,1475.93,1679.49,5.91,13.82,2025.0,0.52,87.0,0.82,338.0,2,0,1,2,1,3,0,0.8538011695906432,0.14619883040935677,0.8333333333333334,0.16666666666666663,0.4166666666666667,0.5833333333333333,0.25,0.75,0.20470588235294118,0.7952941176470588,1.0,0.0,0.4677443890195283,0.5322556109804717,0.2995438418651799,0.7004561581348201,1.21,-0.42,4.0,-2.0,-251.0,-0.29999999999999993,2.0,8.0,-2.0,-203.55999999999995,-7.91,-203.55999999999995,0.2365323886863243,1
2025-06-06,Macedonia del Norte,Bélgica,1-1,,,1.29,2.11,0.32,0.68,2.0,4.0,1.0,10.0,6.0,1.0,13.0,11.0,2.0,1.0,1375.58,1735.75,1.38,21.06,2025.0,0.77,200.0,0.88,479.0,1,1,X,0,0,1,1,0.3794117647058824,0.6205882352941177,0.3333333333333333,0.6666666666666667,0.09090909090909091,0.9090909090909091,0.6666666666666666,0.33333333333333337,0.29455081001472755,0.7054491899852724,0.5,0.5,0.44211960801329336,0.5578803919867066,0.06149732620320856,0.9385026737967914,-0.8199999999999998,-0.36000000000000004,-2.0,-9.0,-279.0,-0.10999999999999999,5.0,2.0,1.0,-360.1700000000001,-19.68,-360.1700000000001,0.11171861911862538,1
2025-06-07,Andorra,Inglaterra,0-1,,,0.3,4.0,0.17,0.83,0.0,10.0,0.0,12.0,2.66,0.66,13.0,8.0,9.0,0.0,957.41,1819.2,0.137,52.43,2025.0,0.58,88.0,0.91,683.0,0,1,2,-1,0,0,3,0.06976744186046512,0.9302325581395349,0.0,1.0,0.0,1.0,1.0,0.0,0.11413748378728923,0.8858625162127107,0.0,1.0,0.3448125591998876,0.6551874408001124,0.002606197804706375,0.9973938021952936,-3.7,-0.6599999999999999,-10.0,-12.0,-595.0,-0.33000000000000007,2.0,5.0,9.0,-861.7900000000001,-52.293,-861.7900000000001,0.006958130345479013,3
2025-06-07,Bosnia-Herzegovina,San Marino,1-0,,,2.93,0.18,0.67,0.33,6.0,0.0,5.0,2.0,1.0,2.0,21.0,12.0,0.0,4.0,1350.85,741.36,5.63,0.044,2025.0,0.84,447.0,0.69,176.0,1,0,1,1,1,3,0,0.9421221864951768,0.05787781350482324,1.0,0.0,0.7142857142857143,0.2857142857142857,0.0,1.0,0.7174959871589085,0.2825040128410915,1.0,0.0,0.645656984719507,0.35434301528049295,0.9922453295734932,0.007754670426506793,2.75,0.34,6.0,3.0,271.0,0.15000000000000002,-1.0,9.0,-4.0,609.4899999999999,5.586,609.4899999999999,0.970928837401649,-1
2025-06-07,Malta,Lituania,0-0,,,0.14,0.37,0.49,0.51,1.0,2.0,2.0,2.0,3.0,2.0,23.0,19.0,2.0,1.0,976.35,1072.56,0.554,0.703,2025.0,0.78,309.0,0.79,316.0,0,0,X,0,0,1,1,0.27450980392156865,0.7254901960784313,0.3333333333333333,0.6666666666666667,0.5,0.5,0.6666666666666666,0.33333333333333337,0.4944,0.5056,0.5,0.5,0.47652166273774843,0.5234783372622516,0.4407319013524264,0.5592680986475735,-0.22999999999999998,-0.020000000000000018,-1.0,0.0,-7.0,-0.010000000000000009,1.0,4.0,1.0,-96.20999999999992,-0.1489999999999999,-96.20999999999992,0.3649764440606446,0
2025-06-07,Finlandia,Países Bajos,0-2,,,0.2,2.15,0.4,0.6,2.0,6.0,1.0,6.0,1.0,2.0,9.0,9.0,4.0,2.0,1359.79,1752.44,1.55,29.01,2025.0,0.86,392.0,0.92,624.0,0,2,2,-2,0,0,3,0.0851063829787234,0.9148936170212766,0.25,0.75,0.14285714285714285,0.8571428571428572,0.6666666666666666,0.33333333333333337,0.3858267716535433,0.6141732283464567,0.0,1.0,0.4369182226249345,0.5630817773750655,0.05071989528795811,0.9492801047120419,-1.95,-0.19999999999999996,-4.0,-5.0,-232.0,-0.06000000000000005,-1.0,0.0,2.0,-392.6500000000001,-27.46,-392.6500000000001,0.09446683417838701,1
2025-06-07,Austria,Rumanía,2-1,,,1.29,0.71,0.6,0.4,9.0,3.0,5.0,4.0,1.0,1.0,11.0,10.0,2.0,7.0,1580.22,1479.22,9.43,2.37,2025.0,0.88,443.0,0.79,266.0,2,1,1,1,1,3,0,0.645,0.355,0.75,0.25,0.5555555555555556,0.4444444444444444,0.2222222222222222,0.7777777777777778,0.6248236953455572,0.37517630465444285,0.6666666666666666,0.33333333333333337,0.5165062887325785,0.48349371126742147,0.7991525423728812,0.20084745762711875,0.5800000000000001,0.19999999999999996,6.0,1.0,177.0,0.08999999999999997,0.0,1.0,-5.0,101.0,7.06,101.0,0.641390111955618,-1
2025-06-07,Venezuela,Bolivia,2-0,,,1.04,0.6,0.41,0.59,5.0,2.0,5.0,2.0,1.0,2.0,12.0,18.0,2.0,4.0,1476.84,1308.12,2.93,0.669,2025.0,0.8,233.0,0.85,361.0,2,0,1,2,1,3,0,0.6341463414634146,0.36585365853658536,0.7142857142857143,0.2857142857142857,0.7142857142857143,0.2857142857142857,0.3333333333333333,0.6666666666666667,0.39225589225589225,0.6077441077441077,1.0,0.0,0.5302912788693553,0.46970872113064466,0.8141150319533204,0.18588496804667964,0.44000000000000006,-0.18,3.0,3.0,-128.0,-0.04999999999999993,-1.0,-6.0,-2.0,168.72000000000003,2.261,168.72000000000003,0.7253646731180853,-1
2025-06-07,Albania,Serbia,0-0,,,1.08,0.54,0.44,0.56,4.0,2.0,4.0,4.0,1.0,2.0,9.0,13.0,2.0,4.0,1375.95,1523.91,3.42,7.76,2025.0,0.83,303.0,0.89,419.0,0,0,X,0,0,1,1,0.6666666666666666,0.33333333333333337,0.6666666666666666,0.33333333333333337,0.5,0.5,0.3333333333333333,0.6666666666666667,0.4196675900277008,0.5803324099722992,0.5,0.5,0.47448842357906934,0.5255115764209306,0.30590339892665475,0.6940966010733453,0.54,-0.12000000000000005,2.0,0.0,-116.0,-0.06000000000000005,-1.0,-4.0,-2.0,-147.96000000000004,-4.34,-147.96000000000004,0.29907086766853186,1
2025-06-08,Alemania,Francia,0-2,,,2.55,2.35,0.56,0.44,6.0,9.0,9.0,6.0,3.0,2.0,11.0,7.0,7.0,6.0,1716.98,1852.71,36.42,58.58,2025.0,0.9,436.0,0.85,332.0,0,2,2,-2,0,0,3,0.520408163265306,0.47959183673469397,0.4,0.6,0.6,0.4,0.5384615384615384,0.46153846153846156,0.5677083333333334,0.43229166666666663,0.0,1.0,0.48098854522381496,0.519011454776185,0.3833684210526316,0.6166315789473684,0.19999999999999973,0.12000000000000005,-3.0,3.0,104.0,0.050000000000000044,1.0,4.0,1.0,-135.73000000000002,-22.159999999999997,-135.73000000000002,0.314034456001472,0
2025-06-08,Portugal,España,2-2,2-2,3-2,1.02,2.06,0.39,0.61,2.0,6.0,3.0,4.0,4.0,4.0,14.0,19.0,4.0,0.0,1750.08,1854.64,38.67,47.03,2025.0,0.87,441.0,0.93,754.0,2,2,X,0,0,1,1,0.33116883116883117,0.6688311688311688,0.25,0.75,0.42857142857142855,0.5714285714285714,1.0,0.0,0.36903765690376567,0.6309623430962343,0.5,0.5,0.4854967930934996,0.5145032069065004,0.4512252042007001,0.5487747957992999,-1.04,-0.21999999999999997,-4.0,-1.0,-313.0,-0.06000000000000005,0.0,-5.0,4.0,-104.56000000000017,-8.36,-104.56000000000017,0.35391009743873336,0
2025-06-09,Bélgica,Gales,4-3,,,2.89,2.25,0.46,0.54,4.0,8.0,7.0,5.0,3.0,3.0,13.0,9.0,5.0,0.0,1735.75,1535.57,21.06,6.69,2025.0,0.88,352.0,0.9,423.0,4,3,1,1,1,3,0,0.5622568093385214,0.4377431906614786,0.3333333333333333,0.6666666666666667,0.5833333333333334,0.41666666666666663,1.0,0.0,0.4541935483870968,0.5458064516129032,0.5714285714285714,0.4285714285714286,0.530596211926684,0.46940378807331595,0.7589189189189188,0.24108108108108117,0.6400000000000001,-0.08000000000000002,-4.0,2.0,-71.0,-0.020000000000000018,0.0,4.0,5.0,200.18000000000006,14.369999999999997,200.18000000000006,0.7599360082168197,0
2025-06-09,Croacia,República Checa,5-1,,,3.63,1.39,0.61,0.39,11.0,5.0,0.0,6.0,0.0,2.0,3.0,11.0,3.0,4.0,1698.66,1491.43,14.9,7.24,2025.0,0.87,465.0,0.75,244.0,5,1,1,4,1,3,0,0.7231075697211156,0.27689243027888444,0.6875,0.3125,0.0,1.0,0.42857142857142855,0.5714285714285714,0.6558533145275035,0.3441466854724965,0.8333333333333334,0.16666666666666663,0.5324802748511798,0.46751972514882023,0.6729900632339657,0.3270099367660343,2.24,0.21999999999999997,6.0,-6.0,221.0,0.12,-2.0,-8.0,-1.0,207.23000000000002,7.66,207.23000000000002,0.7672614278159158,-1
2025-06-09,Estonia,Noruega,0-1,,,0.23,2.98,0.38,0.62,2.0,3.0,2.0,2.0,1.0,1.0,7.0,9.0,2.0,2.0,1144.48,1497.18,0.516,22.69,2025.0,0.82,292.0,0.87,512.0,0,1,2,-1,0,0,3,0.07165109034267914,0.9283489096573209,0.4,0.6,0.5,0.5,0.5,0.5,0.36318407960199006,0.6368159203980099,0.0,1.0,0.4332427337356057,0.5667572662643943,0.022235628716711194,0.9777643712832889,-2.75,-0.24,-1.0,0.0,-220.0,-0.050000000000000044,0.0,-2.0,0.0,-352.70000000000005,-22.174,-352.70000000000005,0.1160576899500821,2
2025-06-09,Islas Feroe,Gibraltar,2-1,,,2.1,0.19,0.73,0.27,5.0,1.0,11.0,3.0,1.0,1.0,12.0,7.0,0.0,3.0,1085.12,843.19,0.222,0.073,2025.0,0.88,522.0,0.66,150.0,2,1,1,1,1,3,0,0.9170305676855895,0.08296943231441045,0.8333333333333334,0.16666666666666663,0.7857142857142857,0.2142857142857143,0.0,1.0,0.7767857142857143,0.2232142857142857,0.6666666666666666,0.33333333333333337,0.5627310961411806,0.43726890385881945,0.752542372881356,0.24745762711864405,1.9100000000000001,0.45999999999999996,4.0,8.0,372.0,0.21999999999999997,0.0,5.0,-3.0,241.92999999999984,0.14900000000000002,241.92999999999984,0.8010167214673518,0
2025-06-09,Italia,Moldavia,2-0,,,2.67,1.05,0.65,0.35,7.0,7.0,7.0,6.0,1.0,2.0,8.0,12.0,6.0,5.0,1718.31,1031.37,13.73,0.373,2025.0,0.9,554.0,0.81,263.0,2,0,1,2,1,3,0,0.717741935483871,0.282258064516129,0.5,0.5,0.5384615384615384,0.46153846153846156,0.5454545454545454,0.4545454545454546,0.6780905752753978,0.32190942472460216,1.0,0.0,0.6249127171161736,0.3750872828838264,0.9735517265829966,0.0264482734170034,1.6199999999999999,0.30000000000000004,0.0,1.0,291.0,0.08999999999999997,-1.0,-4.0,1.0,686.94,13.357000000000001,686.94,0.9811893915275406,-3
2025-06-09,Kazajistán,Macedonia del Norte,0-1,,,0.58,0.31,0.53,0.47,3.0,5.0,6.0,0.0,2.0,2.0,21.0,11.0,4.0,3.0,1177.66,1375.58,0.652,1.38,2025.0,0.81,323.0,0.78,287.0,0,1,2,-1,0,0,3,0.651685393258427,0.348314606741573,0.375,0.625,1.0,0.0,0.5714285714285714,0.4285714285714286,0.5295081967213114,0.47049180327868856,0.0,1.0,0.4612414030800082,0.5387585969199917,0.32086614173228345,0.6791338582677166,0.26999999999999996,0.06000000000000005,-2.0,6.0,36.0,0.030000000000000027,0.0,10.0,1.0,-197.91999999999985,-0.7279999999999999,-197.91999999999985,0.2424453962519648,1
2025-06-10,Bolivia,Chile,2-0,,,2.29,0.3,0.47,0.53,7.0,2.0,6.0,6.0,1.0,3.0,7.0,13.0,2.0,5.0,1308.12,1461.91,0.669,2.67,2025.0,0.87,287.0,0.86,323.0,2,0,1,2,1,3,0,0.8841698841698842,0.11583011583011582,0.7777777777777778,0.2222222222222222,0.5,0.5,0.2857142857142857,0.7142857142857143,0.4704918032786885,0.5295081967213116,1.0,0.0,0.4722403728479475,0.5277596271520525,0.20035938903863434,0.7996406109613656,1.99,-0.06000000000000005,5.0,0.0,-36.0,0.010000000000000009,-2.0,-6.0,-3.0,-153.7900000000002,-2.001,-153.7900000000002,0.29208350516152953,1
2025-06-10,Finlandia,Polonia,2-1,,,2.47,1.51,0.47,0.53,4.0,9.0,4.0,4.0,1.0,2.0,10.0,10.0,7.0,1.0,1359.79,1517.35,1.55,8.91,2025.0,0.81,318.0,0.82,349.0,2,1,1,1,1,3,0,0.6206030150753769,0.37939698492462315,0.3076923076923077,0.6923076923076923,0.5,0.5,0.875,0.125,0.4767616191904048,0.5232383808095953,0.6666666666666666,0.33333333333333337,0.4726186421237757,0.5273813578762243,0.14818355640535372,0.8518164435946463,0.9600000000000002,-0.06000000000000005,-5.0,0.0,-31.0,-0.009999999999999898,-1.0,0.0,6.0,-157.55999999999995,-7.36,-157.55999999999995,0.2876165258823598,1
2025-06-10,Letonia,Albania,1-1,,,1.1,0.72,0.34,0.66,4.0,3.0,6.0,9.0,3.0,0.0,14.0,10.0,3.0,3.0,1092.49,1375.95,0.329,3.42,2025.0,0.82,257.0,0.92,577.0,1,1,X,0,0,1,1,0.6043956043956045,0.39560439560439553,0.5714285714285714,0.4285714285714286,0.4,0.6,0.5,0.5,0.30815347721822545,0.6918465227817745,0.5,0.5,0.4425831699372883,0.5574168300627117,0.08775673512936784,0.9122432648706321,0.3800000000000001,-0.32,1.0,-3.0,-320.0,-0.10000000000000009,3.0,4.0,0.0,-283.46000000000004,-3.0909999999999997,-283.46000000000004,0.16359392697333167,2
2025-06-10,Países Bajos,Malta,8-0,,,4.52,0.16,0.65,0.35,9.0,2.0,6.0,2.0,1.0,2.0,12.0,15.0,2.0,1.0,1752.44,976.35,29.01,0.554,2025.0,0.92,562.0,0.81,274.0,8,0,1,8,1,3,0,0.9658119658119658,0.03418803418803418,0.8181818181818182,0.18181818181818177,0.75,0.25,0.6666666666666666,0.33333333333333337,0.6722488038277512,0.3277511961722488,1.0,0.0,0.6422040538113963,0.35779594618860366,0.9812609930997159,0.018739006900284072,4.359999999999999,0.30000000000000004,7.0,4.0,288.0,0.10999999999999999,-1.0,-3.0,1.0,776.09,28.456000000000003,776.09,0.9886546057039287,-3
2025-06-10,Rumanía,Chipre,2-0,,,1.14,0.57,0.6,0.4,6.0,1.0,10.0,3.0,1.0,2.0,12.0,9.0,1.0,4.0,1479.22,1128.2,2.37,0.737,2025.0,0.87,469.0,0.83,298.0,2,0,1,2,1,3,0,0.6666666666666666,0.33333333333333337,0.8571428571428571,0.1428571428571429,0.7692307692307693,0.23076923076923073,0.2,0.8,0.6114732724902217,0.38852672750977835,1.0,0.0,0.567311748778486,0.432688251221514,0.7627936916639846,0.23720630833601541,0.57,0.19999999999999996,5.0,7.0,171.0,0.040000000000000036,-1.0,3.0,-3.0,351.02,1.633,351.02,0.8829465034861943,-2
2025-06-10,San Marino,Austria,0-4,,,0.53,4.26,0.33,0.67,2.0,13.0,5.0,6.0,1.0,2.0,16.0,15.0,7.0,2.0,741.36,1580.22,0.044,9.43,2025.0,0.71,186.0,0.85,473.0,0,4,2,-4,0,0,3,0.11064718162839249,0.8893528183716075,0.13333333333333333,0.8666666666666667,0.45454545454545453,0.5454545454545454,0.7777777777777778,0.2222222222222222,0.2822458270106222,0.7177541729893778,0.0,1.0,0.31933424650453573,0.6806657534954643,0.004644289634789951,0.9953557103652101,-3.7299999999999995,-0.34,-11.0,-1.0,-287.0,-0.14,-1.0,1.0,5.0,-838.86,-9.386,-838.86,0.007932158287333861,3
2025-06-10,Arabia Saudí,Australia,1-2,,,2.64,1.04,0.7,0.3,6.0,3.0,3.0,2.0,1.0,1.0,13.0,10.0,1.0,5.0,1418.96,1554.55,1.56,2.98,2025.0,0.88,503.0,0.75,181.0,1,2,2,-1,0,0,3,0.717391304347826,0.28260869565217395,0.6666666666666666,0.33333333333333337,0.6,0.4,0.16666666666666666,0.8333333333333334,0.7353801169590644,0.26461988304093564,0.3333333333333333,0.6666666666666667,0.47720034571936865,0.5227996542806314,0.3436123348017621,0.6563876651982379,1.6,0.39999999999999997,3.0,1.0,322.0,0.13,0.0,3.0,-4.0,-135.58999999999992,-1.42,-135.58999999999992,0.31420808745692586,1
2025-06-10,Jordania,Irak,0-1,,,0.61,0.5,0.41,0.59,0.0,4.0,4.0,3.0,2.0,1.0,13.0,10.0,3.0,0.0,1389.15,1413.4,0.781,0.815,2025.0,0.78,228.0,0.82,361.0,0,1,2,-1,0,0,3,0.5495495495495496,0.4504504504504504,0.0,1.0,0.5714285714285714,0.4285714285714286,1.0,0.0,0.3870967741935484,0.6129032258064516,0.0,1.0,0.4956735829869226,0.5043264170130775,0.4893483709273183,0.5106516290726817,0.10999999999999999,-0.18,-4.0,1.0,-133.0,-0.039999999999999925,1.0,3.0,3.0,-24.25,-0.03399999999999992,-24.25,0.46515800549644,0
2025-06-10,Palestina,Omán,1-1,,,0.56,1.38,0.4,0.6,2.0,1.0,7.0,7.0,4.0,2.0,12.0,4.0,0.0,1.0,1224.65,1323.91,0.343,0.297,2025.0,0.72,225.0,0.83,382.0,1,1,X,0,0,1,1,0.288659793814433,0.7113402061855669,0.6666666666666666,0.33333333333333337,0.5,0.5,0.0,1.0,0.37067545304777594,0.6293245469522241,0.5,0.5,0.4805262579652823,0.5194737420347177,0.5359375000000001,0.46406249999999993,-0.8199999999999998,-0.19999999999999996,1.0,0.0,-157.0,-0.10999999999999999,2.0,8.0,-1.0,-99.25999999999999,0.04600000000000004,-99.25999999999999,0.360916960919837,0
2025-06-10,Irán,Corea del Norte,3-0,,,4.37,0.34,0.69,0.31,8.0,1.0,2.0,6.0,1.0,2.0,8.0,14.0,1.0,5.0,1637.39,1153.38,1.23,0.236,2025.0,0.85,437.0,0.62,144.0,3,0,1,3,1,3,0,0.9278131634819533,0.0721868365180467,0.8888888888888888,0.11111111111111116,0.25,0.75,0.16666666666666666,0.8333333333333334,0.7521514629948365,0.24784853700516352,1.0,0.0,0.5867162109381998,0.4132837890618002,0.8390177353342428,0.16098226466575716,4.03,0.37999999999999995,7.0,-4.0,293.0,0.22999999999999998,-1.0,-6.0,-4.0,484.01,0.994,484.01,0.9419247348155252,-3
2025-06-10,Kirguistán,Emiratos Árabes Unidos,1-1,,,0.69,0.95,0.55,0.45,4.0,2.0,4.0,2.0,2.0,1.0,13.0,8.0,1.0,3.0,1205.68,1382.7,0.271,1.21,2025.0,0.8,352.0,0.78,295.0,1,1,X,0,0,1,1,0.42073170731707316,0.5792682926829269,0.6666666666666666,0.33333333333333337,0.6666666666666666,0.33333333333333337,0.25,0.75,0.5440494590417311,0.4559505409582689,0.5,0.5,0.46580486636428964,0.5341951336357104,0.18298446995273468,0.8170155300472653,-0.26,0.10000000000000003,2.0,2.0,57.0,0.020000000000000018,1.0,5.0,-2.0,-177.01999999999998,-0.939,-177.01999999999998,0.2652204738520273,1
2025-06-10,Uzbekistán,Catar,3-0,,,2.3,0.32,0.61,0.39,8.0,0.0,6.0,1.0,2.0,4.0,11.0,12.0,0.0,5.0,1437.02,1456.58,3.28,0.766,2025.0,0.87,446.0,0.82,278.0,3,0,1,3,1,3,0,0.8778625954198473,0.12213740458015265,1.0,0.0,0.8571428571428571,0.1428571428571429,0.0,1.0,0.6160220994475138,0.38397790055248615,1.0,0.0,0.4966201271772187,0.5033798728227813,0.8106772120612952,0.18932278793870483,1.9799999999999998,0.21999999999999997,8.0,5.0,168.0,0.050000000000000044,-2.0,-1.0,-5.0,-19.559999999999945,2.514,-19.559999999999945,0.47188059899692675,0
2025-06-10,China,Bahréin,1-0,,,1.64,0.53,0.39,0.61,4.0,2.0,5.0,3.0,1.0,0.0,6.0,6.0,2.0,3.0,1250.95,1290.0,0.551,0.256,2025.0,0.73,224.0,0.82,414.0,1,0,1,1,1,3,0,0.7557603686635944,0.24423963133640558,0.6666666666666666,0.33333333333333337,0.625,0.375,0.4,0.6,0.3510971786833856,0.6489028213166144,1.0,0.0,0.492315866113068,0.507684133886932,0.6827757125154895,0.3172242874845105,1.1099999999999999,-0.21999999999999997,2.0,2.0,-190.0,-0.08999999999999997,1.0,0.0,-1.0,-39.049999999999955,0.29500000000000004,-39.049999999999955,0.44403798334431166,0
2025-06-10,Corea del Sur,Kuwait,4-0,,,2.59,0.33,0.74,0.26,8.0,0.0,14.0,2.0,1.0,2.0,12.0,5.0,0.0,4.0,1574.93,1112.12,5.35,0.176,2025.0,0.92,627.0,0.79,198.0,4,0,1,4,1,3,0,0.886986301369863,0.113013698630137,1.0,0.0,0.875,0.125,0.0,1.0,0.76,0.24,1.0,0.0,0.5861186059061052,0.4138813940938948,0.9681505609844372,0.03184943901556281,2.26,0.48,8.0,12.0,429.0,0.13,-1.0,7.0,-4.0,462.8100000000002,5.1739999999999995,462.8100000000002,0.9348776902046726,-3
2025-06-10,Japón,Indonesia,6-0,,,3.99,0.0,0.71,0.29,10.0,0.0,8.0,0.0,0.5,1.58,6.0,6.0,0.0,4.0,1652.64,1142.92,10.42,0.85,2025.0,0.9,583.0,0.76,202.0,6,0,1,6,1,3,0,1.0,0.0,1.0,0.0,1.0,0.0,0.0,1.0,0.7426751592356687,0.25732484076433126,1.0,0.0,0.5911659917869765,0.4088340082130235,0.9245785270629991,0.07542147293700086,3.99,0.42,10.0,8.0,381.0,0.14,-1.08,0.0,-4.0,509.72,9.57,509.72,0.949510643304422,-3
2025-06-10,Serbia,Andorra,3-0,,,2.79,0.31,0.7,0.3,7.0,0.0,10.0,1.0,1.0,2.0,11.0,12.0,0.0,4.0,1523.91,957.41,7.76,0.137,2025.0,0.9,591.0,0.78,215.0,3,0,1,3,1,3,0,0.9,0.09999999999999998,1.0,0.0,0.9090909090909091,0.09090909090909094,0.0,1.0,0.7332506203473945,0.2667493796526055,1.0,0.0,0.6141529508487418,0.3858470491512582,0.9826516398632391,0.017348360136760888,2.48,0.39999999999999997,7.0,9.0,376.0,0.12,-1.0,-1.0,-4.0,566.5000000000001,7.622999999999999,566.5000000000001,0.9630676620983155,-3
2025-06-11,Argentina,Colombia,1-1,,,1.08,1.29,0.64,0.36,3.0,5.0,4.0,6.0,2.0,4.0,16.0,12.0,4.0,2.0,1886.16,1679.04,31.06,11.63,2025.0,0.91,553.0,0.84,291.0,1,1,X,0,0,1,1,0.45569620253164556,0.5443037974683544,0.375,0.625,0.4,0.6,0.6666666666666666,0.33333333333333337,0.6552132701421801,0.3447867298578199,0.5,0.5,0.5290474587680916,0.47095254123190844,0.7275708596861091,0.27242914031389087,-0.20999999999999996,0.28,-2.0,-2.0,262.0,0.07000000000000006,-2.0,4.0,2.0,207.12000000000012,19.43,207.12000000000012,0.767148335368557,0
2025-06-11,Brasil,Paraguay,1-0,,,2.2,0.22,0.73,0.27,4.0,1.0,11.0,3.0,2.0,1.0,11.0,16.0,1.0,3.0,1776.03,1475.93,35.7,5.91,2025.0,0.86,496.0,0.59,126.0,1,0,1,1,1,3,0,0.9090909090909091,0.09090909090909094,0.8,0.19999999999999996,0.7857142857142857,0.2142857142857143,0.25,0.75,0.797427652733119,0.202572347266881,1.0,0.0,0.5461414039533081,0.4538585960466919,0.8579668348954579,0.14203316510454211,1.9800000000000002,0.45999999999999996,3.0,8.0,370.0,0.27,1.0,-5.0,-2.0,300.0999999999999,29.790000000000003,300.0999999999999,0.8490942170268949,-1
2025-06-11,Perú,Ecuador,0-0,,,0.7,0.8,0.53,0.47,5.0,3.0,2.0,0.0,4.0,2.0,11.0,13.0,3.0,5.0,1483.48,1567.95,1.28,14.18,2025.0,0.78,318.0,0.83,304.0,0,0,X,0,0,1,1,0.4666666666666666,0.5333333333333334,0.625,0.375,1.0,0.0,0.375,0.625,0.5112540192926045,0.4887459807073955,0.5,0.5,0.48615894842745855,0.5138410515725415,0.08279430789133248,0.9172056921086675,-0.10000000000000009,0.06000000000000005,2.0,2.0,14.0,-0.04999999999999993,2.0,-2.0,-2.0,-84.47000000000003,-12.9,-84.47000000000003,0.38077774445694246,1
2025-06-11,Uruguay,Venezuela,2-0,,,1.16,0.49,0.59,0.41,5.0,1.0,10.0,1.0,2.0,3.0,15.0,10.0,1.0,3.0,1679.49,1476.84,13.82,2.93,2025.0,0.83,401.0,0.79,270.0,2,0,1,2,1,3,0,0.703030303030303,0.296969696969697,0.8333333333333334,0.16666666666666663,0.9090909090909091,0.09090909090909094,0.25,0.75,0.5976154992548435,0.4023845007451565,1.0,0.0,0.5321021566186045,0.4678978433813955,0.8250746268656717,0.17492537313432832,0.6699999999999999,0.18,4.0,9.0,131.0,0.039999999999999925,-1.0,5.0,-2.0,202.6500000000001,10.89,202.6500000000001,0.7625203340069518,-1
2025-06-15,México,República Dominicana,3-2,,,1.28,0.78,0.62,0.38,9.0,5.0,5.0,2.0,2.0,3.0,9.0,12.0,3.0,6.0,1646.94,1087.21,7.38,0.513,2025.0,0.86,497.0,0.83,283.0,3,2,1,1,1,3,0,0.6213592233009708,0.3786407766990292,0.6428571428571429,0.3571428571428571,0.7142857142857143,0.2857142857142857,0.3333333333333333,0.6666666666666667,0.6371794871794871,0.36282051282051286,0.6,0.4,0.6023590512590751,0.3976409487409249,0.935005701254276,0.06499429874572404,0.5,0.24,4.0,3.0,214.0,0.030000000000000027,-1.0,-3.0,-3.0,559.73,6.867,559.73,0.961656226726864,-3
2025-06-16,Costa Rica,Surinam,4-3,,,2.9,2.62,0.53,0.47,9.0,6.0,9.0,2.0,1.0,2.0,17.0,17.0,3.0,5.0,1459.13,1096.6,1.34,1.38,2025.0,0.81,286.0,0.8,266.0,4,3,1,1,1,3,0,0.5253623188405797,0.4746376811594203,0.6,0.4,0.8181818181818182,0.18181818181818177,0.375,0.625,0.5181159420289855,0.4818840579710145,0.5714285714285714,0.4285714285714286,0.5709249412105348,0.42907505878946517,0.4926470588235295,0.5073529411764706,0.2799999999999998,0.06000000000000005,3.0,7.0,20.0,0.010000000000000009,-1.0,0.0,-2.0,362.5300000000002,-0.039999999999999813,362.5300000000002,0.88962245362178,-2
2025-06-16,Haití,Arabia Saudí,0-1,,,0.63,1.27,0.57,0.43,5.0,4.0,11.0,1.0,4.0,1.0,15.0,13.0,3.0,5.0,1291.53,1418.96,2.15,1.56,2025.0,0.74,248.0,0.67,180.0,0,1,2,-1,0,0,3,0.3315789473684211,0.6684210526315789,0.5555555555555556,0.4444444444444444,0.9166666666666666,0.08333333333333337,0.375,0.625,0.5794392523364486,0.42056074766355145,0.0,1.0,0.47649318019989007,0.5235068198001099,0.5795148247978437,0.42048517520215634,-0.64,0.13999999999999996,1.0,10.0,68.0,0.06999999999999995,3.0,2.0,-2.0,-127.43000000000006,0.5899999999999999,-127.43000000000006,0.3244170549002862,1
2025-06-16,EE. UU.,Trinidad y Tobago,5-0,,,3.61,0.23,0.7,0.3,11.0,2.0,9.0,4.0,0.0,1.0,10.0,9.0,2.0,6.0,1648.81,1229.52,14.83,0.1,2025.0,0.91,537.0,0.8,196.0,5,0,1,5,1,3,0,0.9401041666666666,0.05989583333333337,0.8461538461538461,0.15384615384615385,0.6923076923076923,0.3076923076923077,0.25,0.75,0.732605729877217,0.26739427012278305,1.0,0.0,0.5728356373313692,0.4271643626686308,0.9933020763563296,0.006697923643670389,3.38,0.39999999999999997,9.0,5.0,341.0,0.10999999999999999,-1.0,1.0,-4.0,419.28999999999996,14.73,419.28999999999996,0.9178605650001879,-2
2025-06-17,Jamaica,Guatemala,0-1,,,0.76,1.03,0.54,0.46,2.0,4.0,2.0,3.0,1.0,0.0,11.0,15.0,3.0,2.0,1386.65,1197.12,0.377,0.338,2025.0,0.83,368.0,0.83,311.0,0,1,2,-1,0,0,3,0.4245810055865922,0.5754189944134078,0.3333333333333333,0.6666666666666667,0.4,0.6,0.6,0.4,0.5419734904270986,0.45802650957290136,0.0,1.0,0.536677026205893,0.46332297379410703,0.5272727272727272,0.4727272727272728,-0.27,0.08000000000000002,-2.0,-1.0,57.0,0.0,1.0,-4.0,1.0,189.5300000000002,0.03899999999999998,189.5300000000002,0.7485741938518602,-1
2025-06-17,Panamá,Guadalupe,5-2,,,4.53,1.78,0.63,0.37,8.0,6.0,6.0,2.0,1.0,0.0,9.0,8.0,4.0,3.0,1517.66,1190.6798000000001,1.33,0.548,2025.0,0.9,570.0,0.87,314.0,5,2,1,3,1,3,0,0.7179080824088748,0.2820919175911252,0.5714285714285714,0.4285714285714286,0.75,0.25,0.5714285714285714,0.4285714285714286,0.6447963800904978,0.3552036199095022,0.7142857142857143,0.2857142857142857,0.5603654312505395,0.4396345687494605,0.7082002129925452,0.2917997870074548,2.75,0.26,2.0,4.0,256.0,0.030000000000000027,1.0,1.0,1.0,326.98019999999997,0.782,326.98019999999997,0.8678692762054762,-2
2025-06-18,Curazao,El Salvador,0-0,,,0.77,0.27,0.6,0.4,3.0,1.0,4.0,3.0,2.0,2.0,19.0,17.0,1.0,3.0,1264.78,1300.81,0.991,0.285,2025.0,0.83,384.0,0.69,208.0,0,0,X,0,0,1,1,0.7403846153846154,0.2596153846153846,0.75,0.25,0.5714285714285714,0.4285714285714286,0.25,0.75,0.6486486486486487,0.3513513513513513,0.5,0.5,0.4929782233326447,0.5070217766673553,0.7766457680250783,0.22335423197492166,0.5,0.19999999999999996,2.0,1.0,176.0,0.14,0.0,2.0,-2.0,-36.02999999999997,0.706,-36.02999999999997,0.4483337398270188,0
2025-06-18,Canadá,Honduras,6-0,,,4.61,0.76,0.54,0.46,8.0,4.0,3.0,3.0,1.34,2.48,12.0,12.0,4.0,2.0,1531.58,1333.51,7.64,0.805,2025.0,0.8,331.0,0.79,285.0,6,0,1,6,1,3,0,0.8584729981378026,0.14152700186219735,0.6666666666666666,0.33333333333333337,0.5,0.5,0.6666666666666666,0.33333333333333337,0.5373376623376623,0.46266233766233766,1.0,0.0,0.5345661043806651,0.4654338956193349,0.9046773238602723,0.09532267613972767,3.8500000000000005,0.08000000000000002,4.0,0.0,46.0,0.010000000000000009,-1.14,0.0,2.0,198.06999999999994,6.835,198.06999999999994,0.7577131581269653,-2
2025-06-19,Surinam,México,0-2,,,0.16,1.29,0.39,0.61,2.0,6.0,3.0,5.0,0.0,1.0,13.0,18.0,4.0,2.0,1096.6,1646.94,1.38,7.38,2025.0,0.83,305.0,0.88,495.0,0,2,2,-2,0,0,3,0.11034482758620691,0.8896551724137931,0.25,0.75,0.375,0.625,0.6666666666666666,0.33333333333333337,0.38125,0.61875,0.0,1.0,0.3997025740466696,0.6002974259533305,0.15753424657534246,0.8424657534246576,-1.1300000000000001,-0.21999999999999997,-4.0,-2.0,-190.0,-0.050000000000000044,-1.0,-5.0,2.0,-550.3400000000001,-6.0,-550.3400000000001,0.04038740410896088,3
2025-06-19,Costa Rica,República Dominicana,2-1,,,1.84,1.32,0.51,0.49,6.0,5.0,5.0,6.0,4.0,4.0,8.0,17.0,4.0,4.0,1459.13,1087.21,1.34,0.513,2025.0,0.82,302.0,0.76,269.0,2,1,1,1,1,3,0,0.5822784810126582,0.4177215189873418,0.5454545454545454,0.4545454545454546,0.45454545454545453,0.5454545454545454,0.5,0.5,0.5288966725043783,0.47110332749562167,0.6666666666666666,0.33333333333333337,0.5730303101706764,0.4269696898293236,0.7231516459794927,0.27684835402050734,0.52,0.020000000000000018,1.0,-1.0,33.0,0.05999999999999994,0.0,-9.0,0.0,371.9200000000001,0.8270000000000001,371.9200000000001,0.8948194547683486,-2
2025-06-20,Trinidad y Tobago,Haití,1-1,,,0.84,1.78,0.53,0.47,2.0,3.0,3.0,4.0,1.0,2.0,14.0,11.0,2.0,1.0,1229.52,1291.53,0.1,2.15,2025.0,0.77,257.0,0.74,220.0,1,1,X,0,0,1,1,0.32061068702290074,0.6793893129770993,0.4,0.6,0.42857142857142855,0.5714285714285714,0.6666666666666666,0.33333333333333337,0.5387840670859538,0.46121593291404617,0.5,0.5,0.4877015529243767,0.5122984470756233,0.044444444444444446,0.9555555555555556,-0.9400000000000001,0.06000000000000005,-1.0,-1.0,37.0,0.030000000000000027,-1.0,3.0,1.0,-62.00999999999999,-2.05,-62.00999999999999,0.411696085773998,0
2025-06-20,Arabia Saudí,EE. UU.,0-1,,,0.27,0.72,0.33,0.67,1.0,3.0,2.0,4.0,1.0,2.0,7.0,10.0,2.0,1.0,1418.96,1648.81,1.56,14.83,2025.0,0.78,202.0,0.88,469.0,0,1,2,-1,0,0,3,0.27272727272727276,0.7272727272727273,0.25,0.75,0.3333333333333333,0.6666666666666667,0.6666666666666666,0.33333333333333337,0.30104321907600595,0.698956780923994,0.0,1.0,0.4625379347213122,0.5374620652786878,0.09517998779743746,0.9048200122025626,-0.44999999999999996,-0.34,-2.0,-2.0,-267.0,-0.09999999999999998,-1.0,-3.0,1.0,-229.8499999999999,-13.27,-229.8499999999999,0.2102991837035826,1
2025-06-21,Jamaica,Guadalupe,2-1,,,0.79,2.13,0.48,0.52,4.0,5.0,4.0,6.0,4.0,3.0,14.0,11.0,4.0,2.0,1386.65,1195.3422,0.377,0.548,2025.0,0.79,288.0,0.79,304.0,2,1,1,1,1,3,0,0.2705479452054795,0.7294520547945205,0.4444444444444444,0.5555555555555556,0.4,0.6,0.6666666666666666,0.33333333333333337,0.4864864864864865,0.5135135135135135,0.6666666666666666,0.33333333333333337,0.5370465487850815,0.4629534512149185,0.40756756756756757,0.5924324324324324,-1.3399999999999999,-0.040000000000000036,-1.0,-2.0,-16.0,0.0,1.0,3.0,2.0,191.30780000000004,-0.17100000000000004,191.30780000000004,0.750495409591334,-1
2025-06-21,Guatemala,Panamá,0-1,,,0.15,1.69,0.32,0.68,1.0,8.0,2.0,7.0,4.0,0.0,10.0,8.0,7.0,1.0,1197.12,1517.66,0.338,1.33,2025.0,0.8,265.0,0.92,647.0,0,1,2,-1,0,0,3,0.08152173913043478,0.9184782608695652,0.1111111111111111,0.8888888888888888,0.2222222222222222,0.7777777777777778,0.875,0.125,0.2905701754385965,0.7094298245614035,0.0,1.0,0.4409639086776829,0.5590360913223171,0.2026378896882494,0.7973621103117506,-1.54,-0.36000000000000004,-7.0,-5.0,-382.0,-0.12,4.0,2.0,6.0,-320.5400000000002,-0.992,-320.5400000000002,0.1364402189182035,2
2025-06-22,Curazao,Canadá,1-1,,,0.93,0.68,0.48,0.52,2.0,3.0,2.0,3.0,3.0,1.0,13.0,15.0,2.0,1.0,1264.78,1531.58,0.991,7.64,2025.0,0.73,219.0,0.75,239.0,1,1,X,0,0,1,1,0.577639751552795,0.422360248447205,0.4,0.6,0.4,0.6,0.6666666666666666,0.33333333333333337,0.4781659388646288,0.5218340611353711,0.5,0.5,0.452295126521621,0.5477048734783789,0.11481867686247248,0.8851813231375275,0.25,-0.040000000000000036,-1.0,-1.0,-20.0,-0.020000000000000018,2.0,-2.0,1.0,-266.79999999999995,-6.649,-266.79999999999995,0.17714312506520127,2
2025-06-22,Honduras,El Salvador,2-0,,,1.34,0.46,0.38,0.62,3.0,1.0,1.0,6.0,1.0,1.0,14.0,17.0,1.0,1.0,1333.51,1300.81,0.805,0.285,2025.0,0.81,250.0,0.88,436.0,2,0,1,2,1,3,0,0.7444444444444445,0.25555555555555554,0.75,0.25,0.14285714285714285,0.8571428571428572,0.5,0.5,0.36443148688046645,0.6355685131195336,1.0,0.0,0.5062065352728599,0.49379346472714014,0.7385321100917431,0.26146788990825687,0.8800000000000001,-0.24,2.0,-5.0,-186.0,-0.06999999999999995,0.0,-3.0,0.0,32.700000000000045,0.52,32.700000000000045,0.5469206200522451,0
2025-06-23,EE. UU.,Haití,2-1,,,2.6,0.48,0.66,0.34,7.0,3.0,6.0,5.0,1.0,0.0,8.0,11.0,2.0,5.0,1648.81,1291.53,14.83,2.15,2025.0,0.89,542.0,0.78,242.0,2,1,1,1,1,3,0,0.8441558441558442,0.15584415584415579,0.7,0.30000000000000004,0.5454545454545454,0.4545454545454546,0.2857142857142857,0.7142857142857143,0.6913265306122449,0.3086734693877551,0.6666666666666666,0.33333333333333337,0.5607548786874986,0.4392451213125014,0.8733804475853946,0.12661955241460543,2.12,0.32,4.0,1.0,300.0,0.10999999999999999,1.0,-3.0,-3.0,357.28,12.68,357.28,0.8866197520865609,-2
2025-06-23,Arabia Saudí,Trinidad y Tobago,1-1,,,2.3,0.46,0.66,0.34,4.0,3.0,3.0,4.0,1.0,1.0,13.0,12.0,2.0,3.0,1418.96,1229.52,1.56,0.1,2025.0,0.81,428.0,0.68,182.0,1,1,X,0,0,1,1,0.8333333333333334,0.16666666666666663,0.5714285714285714,0.4285714285714286,0.42857142857142855,0.5714285714285714,0.4,0.6,0.7016393442622951,0.29836065573770487,0.5,0.5,0.5357639098652812,0.4642360901347188,0.9397590361445782,0.06024096385542177,1.8399999999999999,0.32,1.0,-1.0,246.0,0.13,0.0,1.0,-1.0,189.44000000000005,1.46,189.44000000000005,0.74847667269771,-1
2025-06-23,República Dominicana,Surinam,0-0,,,1.25,0.99,0.32,0.68,3.0,5.0,7.0,8.0,2.0,4.0,10.0,12.0,5.0,3.0,1087.21,1096.6,0.513,1.38,2025.0,0.73,183.0,0.89,502.0,0,0,X,0,0,1,1,0.5580357142857142,0.4419642857142858,0.375,0.625,0.4666666666666667,0.5333333333333333,0.625,0.375,0.2671532846715328,0.7328467153284672,0.5,0.5,0.497850087690779,0.502149912309221,0.27099841521394613,0.7290015847860538,0.26,-0.36000000000000004,-2.0,-1.0,-319.0,-0.16000000000000003,-2.0,-2.0,2.0,-9.389999999999873,-0.8669999999999999,-9.389999999999873,0.4864899929769883,0
2025-06-23,México,Costa Rica,0-0,,,1.16,0.35,0.7,0.3,4.0,0.0,3.0,3.0,2.0,5.0,14.0,7.0,0.0,4.0,1646.94,1459.13,7.38,1.34,2025.0,0.87,499.0,0.75,186.0,0,0,X,0,0,1,1,0.7682119205298014,0.23178807947019864,1.0,0.0,0.5,0.5,0.0,1.0,0.7284671532846715,0.2715328467153285,0.5,0.5,0.5302327378326953,0.4697672621673047,0.8463302752293578,0.15366972477064222,0.8099999999999999,0.39999999999999997,4.0,0.0,313.0,0.12,-3.0,7.0,-4.0,187.80999999999995,6.04,187.80999999999995,0.7467061138264476,-1
2025-06-25,Canadá,El Salvador,2-0,,,2.23,0.28,0.8,0.2,4.0,0.0,12.0,1.0,2.0,4.0,11.0,19.0,0.0,2.0,1531.58,1300.81,7.64,0.285,2025.0,0.9,428.0,0.6,73.0,2,0,1,2,1,3,0,0.8884462151394423,0.11155378486055767,1.0,0.0,0.9230769230769231,0.07692307692307687,0.0,1.0,0.8542914171656687,0.1457085828343313,1.0,0.0,0.5407376808984639,0.45926231910153614,0.9640378548895899,0.03596214511041007,1.95,0.6000000000000001,4.0,11.0,355.0,0.30000000000000004,-2.0,-8.0,-2.0,230.76999999999998,7.3549999999999995,230.76999999999998,0.79057898283294,-2
2025-06-25,Honduras,Curazao,2-1,,,0.68,0.48,0.46,0.54,3.0,3.0,4.0,4.0,1.0,4.0,10.0,16.0,2.0,1.0,1333.51,1264.78,0.805,0.991,2025.0,0.79,319.0,0.81,381.0,2,1,1,1,1,3,0,0.5862068965517241,0.4137931034482759,0.5,0.5,0.5,0.5,0.6666666666666666,0.33333333333333337,0.45571428571428574,0.5442857142857143,0.6666666666666666,0.33333333333333337,0.5132260063349356,0.48677399366506435,0.4482182628062361,0.5517817371937639,0.20000000000000007,-0.08000000000000002,0.0,0.0,-62.0,-0.020000000000000018,-3.0,-6.0,1.0,68.73000000000002,-0.18599999999999994,68.73000000000002,0.5976400788458033,0
2025-06-25,Panamá,Jamaica,4-1,,,2.34,2.28,0.66,0.34,4.0,5.0,2.0,4.0,2.0,2.0,11.0,15.0,4.0,0.0,1517.66,1386.65,1.33,0.377,2025.0,0.88,510.0,0.83,241.0,4,1,1,3,1,3,0,0.5064935064935066,0.49350649350649345,0.4444444444444444,0.5555555555555556,0.3333333333333333,0.6666666666666667,1.0,0.0,0.6790945406125166,0.3209054593874834,0.8,0.19999999999999996,0.5225544105140291,0.47744558948597093,0.7791446983011131,0.2208553016988869,0.06000000000000005,0.32,-1.0,-2.0,269.0,0.050000000000000044,0.0,-4.0,4.0,131.01,0.9530000000000001,131.01,0.6800832002053794,-1
2025-06-25,Guadalupe,Guatemala,2-3,,,1.33,2.58,0.54,0.46,3.0,5.0,8.0,5.0,2.0,2.0,10.0,12.0,2.0,1.0,1199.9676000000004,1197.12,0.548,0.338,2025.0,0.87,311.0,0.84,265.0,2,3,2,-1,0,0,3,0.340153452685422,0.659846547314578,0.375,0.625,0.6153846153846154,0.3846153846153846,0.6666666666666666,0.33333333333333337,0.5399305555555556,0.4600694444444444,0.4,0.6,0.500593970783546,0.49940602921645405,0.618510158013544,0.38148984198645597,-1.25,0.08000000000000002,-2.0,3.0,46.0,0.030000000000000027,0.0,-2.0,1.0,2.8476000000005115,0.21000000000000002,2.8476000000005115,0.5040979340597358,0
2025-06-29,Panamá,Honduras,1-1,1-1,1-2,1.74,1.12,0.68,0.32,6.0,2.0,13.0,5.0,2.0,2.0,12.0,13.0,1.0,5.0,1517.66,1333.51,1.33,0.805,2025.0,0.9,515.0,0.76,202.0,1,1,X,0,0,1,1,0.6083916083916083,0.39160839160839167,0.75,0.25,0.7222222222222222,0.2777777777777778,0.16666666666666666,0.8333333333333334,0.7182705718270572,0.2817294281729428,0.5,0.5,0.5322937601055006,0.46770623989449944,0.6229508196721311,0.37704918032786894,0.6199999999999999,0.36000000000000004,4.0,8.0,313.0,0.14,0.0,-1.0,-4.0,184.1500000000001,0.525,184.1500000000001,0.7427005994316237,-2
2025-06-29,México,Arabia Saudí,2-0,,,1.11,0.02,0.6,0.4,5.0,0.0,7.0,2.0,1.0,2.0,18.0,11.0,0.0,3.0,1646.94,1418.96,7.38,1.56,2025.0,0.88,476.0,0.8,288.0,2,0,1,2,1,3,0,0.9823008849557522,0.017699115044247815,1.0,0.0,0.7777777777777778,0.2222222222222222,0.0,1.0,0.6230366492146597,0.37696335078534027,1.0,0.0,0.5371799471607033,0.4628200528392967,0.825503355704698,0.17449664429530198,1.09,0.19999999999999996,5.0,5.0,188.0,0.07999999999999996,-1.0,7.0,-3.0,227.98000000000002,5.82,227.98000000000002,0.7879075295512075,-1
2025-06-29,Canadá,Guatemala,1-1,1-1,1-2,1.24,0.84,0.42,0.58,2.0,3.0,9.0,4.0,2.0,1.0,10.0,14.0,2.0,1.0,1531.58,1197.12,7.64,0.338,2025.0,0.76,207.0,0.82,317.0,1,1,X,0,0,1,1,0.5961538461538461,0.40384615384615385,0.4,0.6,0.6923076923076923,0.3076923076923077,0.6666666666666666,0.33333333333333337,0.3950381679389313,0.6049618320610687,0.5,0.5,0.5612855938725401,0.43871440612745993,0.957633492103284,0.04236650789671603,0.4,-0.15999999999999998,-1.0,5.0,-110.0,-0.05999999999999994,1.0,-4.0,1.0,334.46000000000004,7.302,334.46000000000004,0.872729012547818,-2
2025-06-30,EE. UU.,Costa Rica,2-2,2-2,3-2,1.92,1.39,0.64,0.36,4.0,3.0,9.0,2.0,1.0,3.0,14.0,14.0,1.0,2.0,1648.81,1459.13,14.83,1.34,2025.0,0.86,413.0,0.79,216.0,2,2,X,0,0,1,1,0.5800604229607251,0.41993957703927487,0.5714285714285714,0.4285714285714286,0.8181818181818182,0.18181818181818177,0.3333333333333333,0.6666666666666667,0.6565977742448331,0.3434022257551669,0.5,0.5,0.5305153896149861,0.4694846103850139,0.9171304885590599,0.08286951144094012,0.53,0.28,1.0,7.0,197.0,0.06999999999999995,-2.0,0.0,-1.0,189.67999999999984,13.49,189.67999999999984,0.7487366732967727,-1
2025-07-03,EE. UU.,Guatemala,2-1,,,1.76,1.32,0.49,0.51,7.0,5.0,2.0,6.0,4.0,2.0,15.0,15.0,4.0,5.0,1648.81,1197.12,14.83,0.338,2025.0,0.82,315.0,0.84,325.0,2,1,1,1,1,3,0,0.5714285714285714,0.4285714285714286,0.5833333333333334,0.41666666666666663,0.25,0.75,0.4444444444444444,0.5555555555555556,0.4921875,0.5078125,0.6666666666666666,0.33333333333333337,0.5793571872814862,0.4206428127185138,0.9777162447257385,0.02228375527426152,0.43999999999999995,-0.020000000000000018,2.0,-4.0,-10.0,-0.020000000000000018,2.0,0.0,-1.0,451.69000000000005,14.492,451.69000000000005,0.9308703738057436,-2
2025-07-03,México,Honduras,1-0,,,1.26,0.1,0.56,0.44,4.0,1.0,2.0,5.0,5.0,4.0,11.0,12.0,1.0,3.0,1646.94,1333.51,7.38,0.805,2025.0,0.84,374.0,0.74,252.0,1,0,1,1,1,3,0,0.926470588235294,0.07352941176470595,0.8,0.19999999999999996,0.2857142857142857,0.7142857142857143,0.25,0.75,0.597444089456869,0.402555910543131,1.0,0.0,0.5525809860927041,0.4474190139072959,0.9016493585827733,0.09835064141722671,1.16,0.12000000000000005,3.0,-3.0,122.0,0.09999999999999998,1.0,-1.0,-2.0,313.43000000000006,6.575,313.43000000000006,0.8586652688872919,-2
2025-07-07,EE. UU.,México,1-2,,,0.64,1.26,0.4,0.6,3.0,8.0,0.0,12.0,1.0,2.0,12.0,11.0,6.0,2.0,1648.81,1646.94,14.83,7.38,2025.0,0.8,282.0,0.85,441.0,1,2,2,-1,0,0,3,0.33684210526315794,0.6631578947368421,0.2727272727272727,0.7272727272727273,0.0,1.0,0.75,0.25,0.3900414937759336,0.6099585062240664,0.3333333333333333,0.6666666666666667,0.5002836987028749,0.4997163012971251,0.6677172444844665,0.33228275551553355,-0.62,-0.19999999999999996,-5.0,-12.0,-159.0,-0.04999999999999993,-1.0,1.0,4.0,1.8699999999998909,7.45,1.8699999999998909,0.5026911203410652,0
2025-09-04,Kazajistán,Gales,0-1,,,0.81,1.33,0.32,0.68,3.0,5.0,6.0,6.0,1.0,1.0,12.0,13.0,4.0,3.0,1165.49,1528.93,0.652,6.69,2025.0,0.77,201.0,0.9,516.0,0,1,2,-1,0,0,3,0.37850467289719625,0.6214953271028038,0.375,0.625,0.5,0.5,0.5714285714285714,0.4285714285714286,0.2803347280334728,0.7196652719665272,0.0,1.0,0.4325569139183943,0.5674430860816058,0.088804140561155,0.911195859438845,-0.52,-0.36000000000000004,-2.0,0.0,-315.0,-0.13,0.0,-1.0,1.0,-363.44000000000005,-6.038,-363.44000000000005,0.10986421586247133,3
2025-09-04,Camerún,Eswatini,3-0,,,1.6491999999999998,1.2272,0.67,0.33,5.0,4.0,6.0,1.0,0.0,2.0,3.0,3.0,4.0,2.0,1466.97,1022.87,8.28,0.045,2025.0,0.9009999999999995,577.16,0.8196000000000001,257.06,3,0,1,3,1,3,0,0.573355583368099,0.426644416631901,0.5555555555555556,0.4444444444444444,0.8571428571428571,0.1428571428571429,0.6666666666666666,0.33333333333333337,0.6918558653592577,0.3081441346407423,1.0,0.0,0.589182437425698,0.410817562574302,0.9945945945945946,0.00540540540540535,0.4219999999999997,0.34,1.0,5.0,320.09999999999997,0.08139999999999936,-2.0,0.0,2.0,444.1,8.235,444.1,0.9280053107376279,-2
2025-09-04,Mali,Comores,3-0,,,1.980800000000001,0.4902000000000002,0.57,0.43,7.0,2.0,2.0,1.0,1.0,2.0,18.0,17.0,2.0,4.0,1454.72,1198.51,4.32,0.667,2025.0,0.8737999999999999,478.14,0.8064,321.38,3,0,1,3,1,3,0,0.8016187778227439,0.19838122217725607,0.7777777777777778,0.2222222222222222,0.6666666666666666,0.33333333333333337,0.3333333333333333,0.6666666666666667,0.5980338202921753,0.40196617970782467,1.0,0.0,0.5482826592492924,0.4517173407507076,0.8662522558652497,0.13374774413475032,1.4906000000000008,0.13999999999999996,5.0,1.0,156.76,0.0673999999999999,-1.0,1.0,-2.0,256.21000000000004,3.6530000000000005,256.21000000000004,0.8137954610356511,-1
2025-09-04,Túnez,Liberia,3-0,,,2.0138000000000007,0.5428000000000001,0.54,0.46,8.0,3.0,5.0,1.0,1.0,2.0,19.0,14.0,3.0,5.0,1471.1,1068.31,2.69,0.551,2025.0,0.8196000000000001,344.96,0.7831999999999999,284.44,3,0,1,3,1,3,0,0.7876867714933896,0.21231322850661039,0.7272727272727273,0.2727272727272727,0.8333333333333334,0.16666666666666663,0.375,0.625,0.548077534159517,0.451922465840483,1.0,0.0,0.5793077919674255,0.42069220803257446,0.829990743597655,0.170009256402345,1.4710000000000005,0.08000000000000002,5.0,4.0,60.51999999999998,0.03640000000000021,-1.0,5.0,-2.0,402.78999999999996,2.139,402.78999999999996,0.9104095337104416,-2
2025-09-04,Bulgaria,España,0-3,,,0.1,3.51,0.22,0.78,0.0,12.0,1.0,6.0,0.0,1.0,6.0,17.0,8.0,0.0,1284.42,1867.09,1.2,47.03,2025.0,0.7,159.0,0.92,753.0,0,3,2,-3,0,0,3,0.02770083102493075,0.9722991689750693,0.0,1.0,0.14285714285714285,0.8571428571428572,1.0,0.0,0.17434210526315788,0.8256578947368421,0.0,1.0,0.40755701235280867,0.5924429876471913,0.02488077959776073,0.9751192204022393,-3.4099999999999997,-0.56,-12.0,-5.0,-594.0,-0.22000000000000008,-1.0,-11.0,8.0,-582.6699999999998,-45.83,-582.6699999999998,0.03376056891814072,2
2025-09-04,Eslovaquia,Alemania,2-0,,,1.28,1.74,0.3,0.7,5.0,4.0,5.0,8.0,1.0,2.0,12.0,18.0,5.0,3.0,1466.56,1716.98,2.3,36.42,2025.0,0.81,213.0,0.89,547.0,2,0,1,2,1,3,0,0.423841059602649,0.576158940397351,0.5555555555555556,0.4444444444444444,0.38461538461538464,0.6153846153846154,0.625,0.375,0.2802631578947368,0.7197368421052632,1.0,0.0,0.46066956909603773,0.5393304309039623,0.05940082644628099,0.940599173553719,-0.45999999999999996,-0.39999999999999997,1.0,-3.0,-334.0,-0.07999999999999996,-1.0,-6.0,2.0,-250.42000000000007,-34.120000000000005,-250.42000000000007,0.1913080054859785,1
2025-09-04,Liechtenstein,Bélgica,0-6,,,0.0,3.13,0.18,0.82,0.0,9.0,0.0,10.0,2.0,0.0,11.0,12.0,3.0,0.0,811.66,1736.38,0.026,21.06,2025.0,0.54,86.0,0.89,628.0,0,6,2,-6,0,0,3,0.0,1.0,0.0,1.0,0.0,1.0,1.0,0.0,0.12044817927170869,0.8795518207282913,0.0,1.0,0.31854288001758213,0.6814571199824179,0.0012330456226880395,0.998766954377312,-3.13,-0.6399999999999999,-9.0,-10.0,-542.0,-0.35,2.0,-1.0,3.0,-924.7200000000001,-21.034,-924.7200000000001,0.004853855739992994,3
2025-09-04,Luxemburgo,Irlanda del Norte,1-3,,,0.54,1.41,0.49,0.51,3.0,6.0,2.0,5.0,4.0,1.0,12.0,9.0,3.0,2.0,1260.17,1351.01,0.639,3.47,2025.0,0.86,337.0,0.85,354.0,1,3,2,-2,0,0,3,0.27692307692307694,0.7230769230769231,0.3333333333333333,0.6666666666666667,0.2857142857142857,0.7142857142857143,0.6,0.4,0.487698986975398,0.512301013024602,0.25,0.75,0.4826055652999793,0.5173944347000208,0.1555122900949136,0.8444877099050864,-0.8699999999999999,-0.020000000000000018,-3.0,-3.0,-17.0,0.010000000000000009,3.0,3.0,1.0,-90.83999999999992,-2.8310000000000004,-90.83999999999992,0.3721703774614718,0
2025-09-04,Países Bajos,Polonia,1-1,,,1.24,0.3,0.74,0.26,5.0,2.0,7.0,4.0,1.3,1.76,11.0,11.0,1.0,4.0,1758.18,1502.4,29.01,8.91,2025.0,0.94,670.0,0.76,187.0,1,1,X,0,0,1,1,0.8051948051948051,0.19480519480519487,0.7142857142857143,0.2857142857142857,0.6363636363636364,0.36363636363636365,0.2,0.8,0.7817969661610268,0.21820303383897321,0.5,0.5,0.5392230830097713,0.4607769169902287,0.7650316455696202,0.23496835443037978,0.94,0.48,3.0,3.0,483.0,0.17999999999999994,-0.45999999999999996,0.0,-3.0,255.77999999999997,20.1,255.77999999999997,0.8134200846756247,-1
2025-09-04,Georgia,Turquía,2-3,,,1.14,0.73,0.54,0.46,4.0,3.0,6.0,2.0,4.0,3.0,13.0,14.0,0.0,2.0,1375.23,1553.19,9.65,18.22,2025.0,0.86,351.0,0.83,298.0,2,3,2,-1,0,0,3,0.6096256684491979,0.39037433155080214,0.5714285714285714,0.4285714285714286,0.75,0.25,0.0,1.0,0.5408320493066255,0.45916795069337446,0.4,0.6,0.4696150142397607,0.5303849857602393,0.3462504485109437,0.6537495514890563,0.4099999999999999,0.08000000000000002,1.0,4.0,53.0,0.030000000000000027,1.0,-1.0,-2.0,-177.96000000000004,-8.569999999999999,-177.96000000000004,0.26416731179469793,1
2025-09-04,Lituania,Malta,1-1,,,1.65,1.92,0.55,0.45,4.0,3.0,4.0,2.0,5.0,6.0,17.0,18.0,2.0,3.0,1069.2,977.43,0.703,0.554,2025.0,0.73,225.0,0.75,191.0,1,1,X,0,0,1,1,0.46218487394957986,0.5378151260504201,0.5714285714285714,0.4285714285714286,0.6666666666666666,0.33333333333333337,0.4,0.6,0.5408653846153846,0.4591346153846154,0.5,0.5,0.5224197827648378,0.4775802172351622,0.5592680986475735,0.44073190135242646,-0.27,0.10000000000000003,1.0,2.0,34.0,-0.020000000000000018,-1.0,-1.0,-1.0,91.7700000000001,0.1489999999999999,91.7700000000001,0.6290796631222766,0
2025-09-04,Angola,Libia,0-1,,,0.7719999999999998,0.40240000000000004,0.56,0.44,1.0,1.0,9.0,1.0,1.0,2.0,17.0,14.0,0.0,1.0,1279.55,1155.19,1.72,0.533,2025.0,0.8414000000000001,425.96,0.7989999999999999,318.74,0,1,2,-1,0,0,3,0.6573569482288827,0.3426430517711173,0.5,0.5,0.9,0.09999999999999998,0.0,1.0,0.5719887202900497,0.42801127970995034,0.0,1.0,0.5255386612122855,0.47446133878771446,0.7634265423879272,0.23657345761207282,0.36959999999999976,0.12000000000000005,0.0,8.0,107.21999999999997,0.042400000000000215,-1.0,3.0,-1.0,124.3599999999999,1.1869999999999998,124.3599999999999,0.6716977325405712,-1
2025-09-04,Guinea-Bisáu,Sierra Leona,1-1,,,1.6642000000000003,0.5338,0.51,0.49,7.0,2.0,4.0,3.0,1.0,3.0,14.0,14.0,1.0,6.0,1119.54,1140.06,1.64,0.559,2025.0,0.8176000000000001,333.88,0.7971999999999997,307.98,1,1,X,0,0,1,1,0.7571428571428571,0.24285714285714288,0.7777777777777778,0.2222222222222222,0.5714285714285714,0.4285714285714286,0.14285714285714285,0.8571428571428572,0.520175739257782,0.47982426074221796,0.5,0.5,0.49545937334041423,0.5045406266595858,0.745793542519327,0.25420645748067305,1.1304000000000003,0.020000000000000018,5.0,1.0,25.899999999999977,0.020400000000000418,-2.0,0.0,-5.0,-20.519999999999982,1.081,-20.519999999999982,0.47050363499032644,0
2025-09-04,Madagascar,República Centroafricana,2-0,,,0.9717999999999998,0.38480000000000003,0.48,0.52,3.0,0.0,5.0,3.0,1.0,1.0,13.16,12.56,0.0,1.0,1162.86,1107.54,0.283,0.336,2025.0,0.8208000000000003,339.18,0.8173999999999999,363.24,2,0,1,2,1,3,0,0.7163496977738463,0.2836503022261537,1.0,0.0,0.625,0.375,0.0,1.0,0.48287349449047573,0.5171265055095242,1.0,0.0,0.5121828752642706,0.48781712473572936,0.45718901453957994,0.5428109854604201,0.5869999999999997,-0.040000000000000036,3.0,2.0,-24.060000000000002,0.0034000000000004027,0.0,0.5999999999999996,-1.0,55.319999999999936,-0.05300000000000005,55.319999999999936,0.5789458539531178,0
2025-09-04,Argelia,Botsuana,3-1,,,2.819200000000001,1.4656000000000002,0.61,0.39,11.0,5.0,6.0,2.0,4.0,2.0,9.0,10.0,4.0,8.0,1503.8,1101.2,9.88,0.117,2025.0,0.887,521.4,0.8299999999999997,293.56,3,1,1,2,1,3,0,0.6579536967886483,0.34204630321135165,0.6875,0.3125,0.75,0.25,0.3333333333333333,0.6666666666666667,0.6397860017669579,0.3602139982330421,0.75,0.25,0.5772744721689059,0.4227255278310941,0.9882964889466839,0.011703511053316129,1.3536000000000006,0.21999999999999997,6.0,4.0,227.83999999999997,0.05700000000000027,2.0,-1.0,-4.0,402.5999999999999,9.763,402.5999999999999,0.9103202848176087,-2
2025-09-04,Santo Tomé y Príncipe,Guinea Ecuatorial,2-3,,,0.8558,2.3245999999999993,0.32,0.68,3.0,8.0,0.0,12.0,2.0,1.0,14.0,8.0,5.0,1.0,865.08,1251.59,0.066,0.191,2025.0,0.7276,180.38,0.8564000000000004,443.52,2,3,2,-1,0,0,3,0.2690856496038235,0.7309143503961766,0.2727272727272727,0.7272727272727273,0.0,1.0,0.8333333333333334,0.16666666666666663,0.28911684564834106,0.7108831543516589,0.4,0.6,0.40869856897863155,0.5913014310213685,0.2568093385214008,0.7431906614785992,-1.4687999999999994,-0.36000000000000004,-5.0,-12.0,-263.14,-0.12880000000000036,1.0,6.0,4.0,-386.5099999999999,-0.125,-386.5099999999999,0.09753396219227987,1
2025-09-04,Chad,Ghana,1-1,,,0.4282000000000001,1.2058,0.35,0.65,2.0,2.0,0.0,7.0,1.0,1.0,8.0,16.0,1.0,1.0,924.6,1333.33,0.356,9.01,2025.0,0.7342000000000002,202.04,0.8710000000000002,482.7,1,1,X,0,0,1,1,0.26205630354957166,0.7379436964504283,0.5,0.5,0.0,1.0,0.5,0.5,0.29506089902736804,0.704939100972632,0.5,0.5,0.40949010819644543,0.5905098918035545,0.03800982276318599,0.961990177236814,-0.7775999999999998,-0.30000000000000004,0.0,-7.0,-280.65999999999997,-0.13680000000000003,0.0,-8.0,0.0,-408.7299999999999,-8.654,-408.7299999999999,0.08684037698910264,1
2025-09-04,Surinam,Panamá,0-0,,,0.72,1.08,0.43,0.57,3.0,4.0,3.0,11.0,2.0,1.0,7.0,10.0,3.0,2.0,1099.98,1545.08,1.38,1.33,2025.0,0.76,269.0,0.83,371.0,0,0,X,0,0,1,1,0.39999999999999997,0.6000000000000001,0.42857142857142855,0.5714285714285714,0.21428571428571427,0.7857142857142857,0.6,0.4,0.4203125,0.5796875,0.5,0.5,0.4158620220335267,0.5841379779664733,0.5092250922509225,0.4907749077490775,-0.3600000000000001,-0.13999999999999996,-1.0,-8.0,-102.0,-0.06999999999999995,1.0,-3.0,1.0,-445.0999999999999,0.04999999999999982,-445.0999999999999,0.07161103791573847,3
2025-09-04,Mauricio,Cabo Verde,0-2,,,0.8593999999999998,1.1842,0.37,0.63,2.0,3.0,4.0,5.0,0.92,1.14,4.0,10.0,1.0,2.0,921.61,1343.68,0.035,2.1,2025.0,0.7186000000000001,213.88,0.8540000000000002,431.92,0,2,2,-2,0,0,3,0.42053239381483654,0.5794676061851635,0.4,0.6,0.4444444444444444,0.5555555555555556,0.3333333333333333,0.6666666666666667,0.33118612573552186,0.6688138742644781,0.0,1.0,0.40683974237294124,0.5931602576270587,0.01639344262295082,0.9836065573770492,-0.3248000000000001,-0.26,-1.0,-1.0,-218.04000000000002,-0.13540000000000008,-0.21999999999999986,-6.0,-1.0,-422.07000000000005,-2.065,-422.07000000000005,0.08094097030447131,1
2025-09-05,Dinamarca,Escocia,0-0,,,1.19,0.62,0.74,0.26,2.0,1.0,13.0,4.0,3.0,5.0,12.0,15.0,1.0,2.0,1621.24,1474.68,15.87,6.55,2025.0,0.9,543.0,0.69,145.0,0,0,X,0,0,1,1,0.6574585635359116,0.3425414364640884,0.6666666666666666,0.33333333333333337,0.7647058823529411,0.23529411764705888,0.3333333333333333,0.6666666666666667,0.7892441860465116,0.2107558139534884,0.5,0.5,0.5236698622703428,0.47633013772965715,0.707850133809099,0.292149866190901,0.57,0.48,1.0,9.0,398.0,0.21000000000000008,-2.0,-3.0,-1.0,146.55999999999995,9.32,146.55999999999995,0.6992370035125927,-1
2025-09-05,Eslovenia,Suecia,2-2,,,0.75,1.31,0.4,0.6,4.0,2.0,1.0,4.0,2.0,2.0,19.0,21.0,1.0,2.0,1469.76,1545.43,4.02,15.62,2025.0,0.71,226.0,0.78,367.0,2,2,X,0,0,1,1,0.3640776699029126,0.6359223300970873,0.6666666666666666,0.33333333333333337,0.2,0.8,0.3333333333333333,0.6666666666666667,0.3811129848229342,0.6188870151770658,0.5,0.5,0.4874518687047914,0.5125481312952086,0.2046843177189409,0.7953156822810591,-0.56,-0.19999999999999996,2.0,-3.0,-141.0,-0.07000000000000006,0.0,-2.0,-1.0,-75.67000000000007,-11.6,-75.67000000000007,0.3927919180930533,1
2025-09-05,Costa de Marfil,Burundi,1-0,,,1.7513999999999996,0.29480000000000006,0.61,0.39,5.0,0.0,4.0,1.0,2.0,1.0,18.0,14.0,0.0,4.0,1483.45,1092.51,20.08,0.377,2025.0,0.8787999999999999,511.26,0.7966,282.78,1,0,1,1,1,3,0,0.8559280617730426,0.1440719382269574,1.0,0.0,0.8,0.19999999999999996,0.0,1.0,0.6438718452470908,0.35612815475290915,1.0,0.0,0.5758823894780974,0.42411761052190255,0.9815711003568461,0.018428899643153862,1.4565999999999995,0.21999999999999997,5.0,3.0,228.48000000000002,0.08219999999999994,1.0,4.0,-4.0,390.94000000000005,19.703,390.94000000000005,0.9046877524096633,-2
2025-09-05,Egipto,Etiopía,2-0,,,2.5176000000000003,0.508,0.63,0.37,10.0,2.0,7.0,2.0,2.0,2.0,11.0,5.0,2.0,8.0,1518.79,1060.62,4.48,0.126,2025.0,0.885,517.08,0.7718,254.06,2,0,1,2,1,3,0,0.8320994182971972,0.16790058170280275,0.8333333333333334,0.16666666666666663,0.7777777777777778,0.2222222222222222,0.2,0.8,0.6705397204139326,0.3294602795860674,1.0,0.0,0.588812945596086,0.411187054403914,0.972644376899696,0.02735562310030404,2.0096000000000003,0.26,8.0,5.0,263.02000000000004,0.11319999999999997,0.0,6.0,-6.0,458.1700000000001,4.354,458.1700000000001,0.9332325373484859,-3
2025-09-05,Marruecos,Níger,5-0,,,4.1712,0.2286,0.74,0.26,13.0,1.0,12.0,3.0,0.0,4.0,14.0,12.0,1.0,8.0,1698.72,1148.22,17.22,0.428,2025.0,0.8999999999999996,587.22,0.7478,181.12,5,0,1,5,1,3,0,0.9480430928678576,0.051956907132142405,0.9285714285714286,0.0714285714285714,0.8,0.19999999999999996,0.1111111111111111,0.8888888888888888,0.7642710258479319,0.23572897415206806,1.0,0.0,0.5966827541149444,0.4033172458850556,0.9757479601087942,0.024252039891205834,3.9425999999999997,0.48,12.0,9.0,406.1,0.15219999999999956,-4.0,2.0,-7.0,550.5,16.791999999999998,550.5,0.9596482766203703,-3
2025-09-05,Mauritania,Togo,2-0,,,1.3052,0.6412,0.53,0.47,6.0,3.0,4.0,4.0,2.0,1.0,20.0,15.0,3.0,4.0,1173.04,1149.49,1.01,1.11,2025.0,0.8176000000000002,357.36,0.7992000000000001,316.14,2,0,1,2,1,3,0,0.6705713111385121,0.3294286888614879,0.6666666666666666,0.33333333333333337,0.5,0.5,0.42857142857142855,0.5714285714285714,0.5306013363028953,0.4693986636971047,1.0,0.0,0.5050699022187012,0.4949300977812988,0.47641509433962265,0.5235849056603774,0.6639999999999999,0.06000000000000005,3.0,0.0,41.22000000000003,0.018400000000000083,1.0,5.0,-1.0,23.549999999999955,-0.10000000000000009,23.549999999999955,0.5338393658156193,-1
2025-09-05,Senegal,Sudán,2-0,,,1.6233999999999995,0.4216000000000001,0.56,0.44,5.0,1.0,4.0,5.0,1.0,1.0,18.0,13.0,1.0,3.0,1635.1,1173.59,18.39,0.121,2025.0,0.8674000000000005,469.64,0.8024,306.48,2,0,1,2,1,3,0,0.7938386308068459,0.2061613691931541,0.8333333333333334,0.16666666666666663,0.4444444444444444,0.5555555555555556,0.25,0.75,0.6051126114518374,0.39488738854816263,1.0,0.0,0.5821575182736436,0.4178424817263564,0.9934633461185242,0.00653665388147584,1.2017999999999995,0.12000000000000005,4.0,-1.0,163.15999999999997,0.0650000000000005,0.0,5.0,-2.0,461.51,18.269000000000002,461.51,0.9344206048930581,-2
2025-09-05,Uruguay,Perú,3-0,,,2.49,0.45,0.63,0.37,7.0,3.0,6.0,1.0,2.0,3.0,8.0,14.0,3.0,4.0,1670.76,1489.97,13.82,1.28,2025.0,0.88,547.0,0.81,301.0,3,0,1,3,1,3,0,0.846938775510204,0.15306122448979598,0.7,0.30000000000000004,0.8571428571428571,0.1428571428571429,0.42857142857142855,0.5714285714285714,0.6450471698113207,0.3549528301886793,1.0,0.0,0.5285994058334625,0.47140059416653746,0.9152317880794703,0.08476821192052975,2.04,0.26,4.0,5.0,246.0,0.06999999999999995,-1.0,-6.0,-1.0,180.78999999999996,12.540000000000001,180.78999999999996,0.7389871509256254,-1
2025-09-05,Paraguay,Ecuador,0-0,,,0.63,0.24,0.38,0.62,3.0,1.0,6.0,1.0,3.0,1.0,15.0,8.0,1.0,3.0,1486.69,1570.68,5.91,14.18,2025.0,0.7,176.0,0.85,372.0,0,0,X,0,0,1,1,0.7241379310344828,0.27586206896551724,0.75,0.25,0.8571428571428571,0.1428571428571429,0.25,0.75,0.32116788321167883,0.6788321167883211,0.5,0.5,0.48626433830383636,0.5137356616961637,0.29417620706819314,0.7058237929318069,0.39,-0.24,2.0,5.0,-196.0,-0.15000000000000002,2.0,7.0,-2.0,-83.99000000000001,-8.27,-83.99000000000001,0.38142945967555153,1
2025-09-05,Colombia,Bolivia,3-0,,,1.45,0.43,0.64,0.36,8.0,3.0,4.0,2.0,1.0,1.0,10.0,7.0,3.0,5.0,1679.46,1315.71,11.63,0.669,2025.0,0.89,437.0,0.83,228.0,3,0,1,3,1,3,0,0.7712765957446809,0.22872340425531912,0.7272727272727273,0.2727272727272727,0.6666666666666666,0.33333333333333337,0.375,0.625,0.6571428571428571,0.34285714285714286,1.0,0.0,0.5607227636494757,0.4392772363505243,0.9456053337669729,0.054394666233027134,1.02,0.28,5.0,2.0,209.0,0.06000000000000005,0.0,3.0,-2.0,363.75,10.961,363.75,0.890310176534401,-2
2025-09-05,Argentina,Venezuela,3-0,,,1.97,0.32,0.76,0.24,9.0,0.0,4.0,0.0,1.0,2.0,9.0,13.0,0.0,6.0,1885.36,1477.02,31.06,2.93,2025.0,0.94,781.0,0.74,190.0,3,0,1,3,1,3,0,0.8602620087336245,0.13973799126637554,1.0,0.0,1.0,0.0,0.0,1.0,0.8043254376930999,0.19567456230690006,1.0,0.0,0.560721869628061,0.43927813037193897,0.9137981759340982,0.08620182406590182,1.65,0.52,9.0,4.0,591.0,0.19999999999999996,-1.0,-4.0,-6.0,408.3399999999999,28.13,408.3399999999999,0.9129814296415727,-1
2025-09-05,Brasil,Chile,3-0,,,4.14,0.07,0.64,0.36,7.0,0.0,4.0,3.0,1.0,1.0,14.0,11.0,0.0,3.0,1777.69,1441.62,35.7,2.67,2025.0,0.9,527.0,0.8,268.0,3,0,1,3,1,3,0,0.9833729216152018,0.016627078384798155,1.0,0.0,0.5714285714285714,0.4285714285714286,0.0,1.0,0.6628930817610063,0.33710691823899375,1.0,0.0,0.5521959674588655,0.44780403254113454,0.9304143862392493,0.06958561376075068,4.069999999999999,0.28,7.0,1.0,259.0,0.09999999999999998,0.0,3.0,-3.0,336.07000000000016,33.03,336.07000000000016,0.8737548762269728,-1
2025-09-05,Guatemala,El Salvador,0-1,,,1.06,0.58,0.72,0.28,5.0,1.0,10.0,1.0,2.0,3.0,10.0,12.0,0.0,5.0,1235.63,1272.7,0.338,0.285,2025.0,0.83,470.0,0.62,143.0,0,1,2,-1,0,0,3,0.6463414634146342,0.35365853658536583,0.8333333333333334,0.16666666666666663,0.9090909090909091,0.09090909090909094,0.0,1.0,0.766721044045677,0.23327895595432302,0.0,1.0,0.4926106214094637,0.5073893785905363,0.5425361155698235,0.4574638844301765,0.4800000000000001,0.43999999999999995,4.0,9.0,327.0,0.20999999999999996,-1.0,-2.0,-5.0,-37.069999999999936,0.05300000000000005,-37.069999999999936,0.44685350276028274,0
2025-09-05,Sudán del Sur,RD Congo,1-4,,,1.3453999999999997,2.6411999999999995,0.26,0.74,5.0,8.0,5.0,3.0,1.0,0.0,5.0,11.0,4.0,4.0,975.6,1412.1,0.064,5.53,2025.0,0.6919999999999998,166.38,0.8949999999999999,631.46,1,4,2,-3,0,0,3,0.3374805598755832,0.6625194401244168,0.38461538461538464,0.6153846153846154,0.625,0.375,0.5,0.5,0.20853805274240447,0.7914619472575956,0.2,0.8,0.40859404447794956,0.5914059555220504,0.01144082946013586,0.9885591705398642,-1.2957999999999998,-0.48,-3.0,2.0,-465.08000000000004,-0.20300000000000007,1.0,-6.0,0.0,-436.4999999999999,-5.466,-436.4999999999999,0.07497292335389276,2
2025-09-05,Namibia,Malaui,1-2,,,0.9738000000000002,1.8407999999999995,0.59,0.41,3.0,5.0,6.0,8.0,3.0,3.0,13.0,15.0,3.0,2.0,1192.29,1121.1,0.09,0.075,2025.0,0.8766000000000003,480.84,0.7964000000000001,293.76,1,2,2,-1,0,0,3,0.3459816670219571,0.6540183329780429,0.375,0.625,0.42857142857142855,0.5714285714285714,0.6,0.4,0.6207591014717274,0.3792408985282726,0.3333333333333333,0.6666666666666667,0.5153865107050692,0.48461348929493075,0.5454545454545455,0.4545454545454545,-0.8669999999999993,0.18,-2.0,-2.0,187.07999999999998,0.08020000000000016,0.0,-2.0,1.0,71.19000000000005,0.015,71.19000000000005,0.601040540752995,-1
2025-09-05,Somalia,Guinea,0-3,,,0.38480000000000003,2.2085999999999997,0.31,0.69,2.0,6.0,2.0,9.0,1.0,1.0,12.0,10.0,3.0,2.0,832.13,1292.63,0.04,2.47,2025.0,0.7284000000000003,194.02,0.8748,527.88,0,3,2,-3,0,0,3,0.14837664841520784,0.8516233515847922,0.25,0.75,0.18181818181818182,0.8181818181818181,0.6,0.4,0.26876298656323594,0.7312370134367641,0.0,1.0,0.39163481993260413,0.6083651800673959,0.01593625498007968,0.9840637450199203,-1.8237999999999996,-0.37999999999999995,-4.0,-7.0,-333.86,-0.14639999999999975,0.0,2.0,1.0,-460.5000000000001,-2.43,-460.5000000000001,0.06593657249518771,1
2025-09-05,Yibuti,Burkina Faso,0-6,,,0.23779999999999993,2.9499999999999993,0.22,0.78,1.0,7.0,2.0,5.0,0.0,1.0,7.38,11.56,1.0,1.0,865.75,1388.03,0.029,4.42,2025.0,0.6784,154.6,0.9056000000000003,673.68,0,6,2,-6,0,0,3,0.0745969006838572,0.9254030993161428,0.125,0.875,0.2857142857142857,0.7142857142857143,0.5,0.5,0.18665185685999902,0.8133481431400009,0.0,1.0,0.3841324352864965,0.6158675647135035,0.0065183187233086096,0.9934816812766913,-2.7121999999999993,-0.56,-6.0,-3.0,-519.0799999999999,-0.2272000000000003,-1.0,-4.180000000000001,0.0,-522.28,-4.391,-522.28,0.04713374491066553,2
2025-09-05,Grecia,Bielorrusia,5-1,,,4.1,1.0,0.64,0.36,14.0,4.0,11.0,7.0,1.0,2.0,7.0,12.0,3.0,8.0,1497.82,1237.24,11.02,0.641,2025.0,0.87,439.0,0.78,226.0,5,1,1,4,1,3,0,0.803921568627451,0.196078431372549,0.7777777777777778,0.2222222222222222,0.6111111111111112,0.38888888888888884,0.2727272727272727,0.7272727272727273,0.6601503759398496,0.3398496240601504,0.8333333333333334,0.16666666666666663,0.5476369805415603,0.4523630194584397,0.9450304433582025,0.05496955664179748,3.0999999999999996,0.28,10.0,4.0,213.0,0.08999999999999997,-1.0,-5.0,-5.0,260.5799999999999,10.379,260.5799999999999,0.8175773187334587,-1
2025-09-05,Islandia,Azerbaiyán,5-0,,,3.15,0.48,0.71,0.29,7.0,0.0,3.0,2.0,1.0,2.0,12.0,12.0,0.0,4.0,1337.92,1148.0,3.71,0.706,2025.0,0.89,608.0,0.7,197.0,5,0,1,5,1,3,0,0.8677685950413223,0.1322314049586777,1.0,0.0,0.6,0.4,0.0,1.0,0.7552795031055901,0.2447204968944099,1.0,0.0,0.5381991375426401,0.46180086245735985,0.8401268115942028,0.15987318840579723,2.67,0.42,7.0,1.0,411.0,0.19000000000000006,-1.0,0.0,-4.0,189.92000000000007,3.004,189.92000000000007,0.7489964952627836,-1
2025-09-05,Islas Feroe,Croacia,0-1,,,1.05,2.65,0.26,0.74,3.0,8.0,3.0,17.0,2.0,1.0,12.0,8.0,8.0,3.0,1089.74,1707.51,0.222,14.9,2025.0,0.67,146.0,0.9,549.0,0,1,2,-1,0,0,3,0.28378378378378377,0.7162162162162162,0.2727272727272727,0.7272727272727273,0.15,0.85,0.7272727272727273,0.2727272727272727,0.21007194244604316,0.7899280575539569,0.0,1.0,0.38957547591384395,0.6104245240861561,0.014680597804523212,0.9853194021954768,-1.5999999999999999,-0.48,-5.0,-14.0,-403.0,-0.22999999999999998,1.0,4.0,5.0,-617.77,-14.678,-617.77,0.027755589456914524,3
2025-09-05,Italia,Estonia,5-0,,,4.73,0.41,0.7,0.3,13.0,2.0,12.0,3.0,1.0,3.0,9.0,14.0,2.0,8.0,1702.58,1131.33,13.73,0.516,2025.0,0.9,569.0,0.76,210.0,5,0,1,5,1,3,0,0.9202334630350194,0.0797665369649806,0.8666666666666667,0.1333333333333333,0.8,0.19999999999999996,0.2,0.8,0.730423620025674,0.26957637997432604,1.0,0.0,0.6007883101439354,0.3992116898560646,0.9637793064719922,0.03622069352800783,4.32,0.39999999999999997,11.0,9.0,359.0,0.14,-2.0,-5.0,-6.0,571.25,13.214,571.25,0.9640279949422981,-3
2025-09-05,Kenia,Gambia,1-3,,,2.3088000000000006,2.0634000000000006,0.63,0.37,9.0,8.0,12.0,3.0,4.0,3.0,15.0,9.0,5.0,8.0,1179.06,1141.36,0.135,3.43,2025.0,0.8912000000000002,525.7,0.8146000000000001,274.18,1,3,2,-2,0,0,3,0.5280636750377384,0.47193632496226157,0.5294117647058824,0.47058823529411764,0.8,0.19999999999999996,0.38461538461538464,0.6153846153846154,0.6572235835375306,0.34277641646246937,0.25,0.75,0.5081235293610639,0.49187647063893614,0.037868162692847124,0.9621318373071529,0.24540000000000006,0.26,1.0,9.0,251.52000000000004,0.07660000000000011,1.0,6.0,-3.0,37.700000000000045,-3.295,37.700000000000045,0.5540427229664516,-1
2025-09-05,Montenegro,República Checa,0-2,,,1.24,3.25,0.51,0.49,5.0,10.0,6.0,6.0,4.0,1.0,13.0,16.0,8.0,5.0,1327.28,1492.4,2.48,7.24,2025.0,0.8,295.0,0.78,280.0,0,2,2,-2,0,0,3,0.27616926503340755,0.7238307349665924,0.3333333333333333,0.6666666666666667,0.5,0.5,0.6153846153846154,0.3846153846153846,0.5130434782608696,0.4869565217391304,0.0,1.0,0.47072008171139984,0.5292799182886001,0.2551440329218107,0.7448559670781894,-2.01,0.020000000000000018,-5.0,0.0,15.0,0.020000000000000018,3.0,-3.0,3.0,-165.12000000000012,-4.76,-165.12000000000012,0.2787828462010004,1
2025-09-05,Moldavia,Israel,0-4,,,1.09,3.49,0.44,0.56,3.0,9.0,3.0,5.0,0.0,2.0,5.0,10.0,5.0,3.0,1028.26,1336.52,0.373,2.96,2025.0,0.79,276.0,0.86,399.0,0,4,2,-4,0,0,3,0.23799126637554588,0.7620087336244541,0.25,0.75,0.375,0.625,0.625,0.375,0.4088888888888889,0.5911111111111111,0.0,1.0,0.43482268963709103,0.565177310362909,0.11191119111911191,0.888088808880888,-2.4000000000000004,-0.12000000000000005,-6.0,-2.0,-123.0,-0.06999999999999995,-2.0,-5.0,2.0,-308.26,-2.5869999999999997,-308.26,0.14498518866554735,1
2025-09-05,Ucrania,Francia,0-2,,,1.34,2.42,0.44,0.56,3.0,6.0,4.0,4.0,1.96,1.9,10.0,8.0,4.0,2.0,1557.21,1862.03,9.88,58.58,2025.0,0.86,353.0,0.89,477.0,0,2,2,-2,0,0,3,0.3563829787234043,0.6436170212765957,0.3333333333333333,0.6666666666666667,0.5,0.5,0.6666666666666666,0.33333333333333337,0.42530120481927713,0.5746987951807229,0.0,1.0,0.4554257671295376,0.5445742328704624,0.14431784983932225,0.8556821501606777,-1.0799999999999998,-0.12000000000000005,-3.0,0.0,-124.0,-0.030000000000000027,0.06000000000000005,2.0,2.0,-304.81999999999994,-48.699999999999996,-304.81999999999994,0.14745726020158484,0
2025-09-05,Benín,Zimbabue,1-0,,,0.8389999999999997,0.7008,0.5,0.5,2.0,2.0,2.0,5.0,2.0,3.0,15.76,15.22,2.0,1.0,1238.97,1157.45,0.723,1.21,2025.0,0.8156,346.26,0.8136,334.94,1,0,1,1,1,3,0,0.5448759579166125,0.4551240420833875,0.5,0.5,0.2857142857142857,0.7142857142857143,0.6666666666666666,0.33333333333333337,0.5083088667058132,0.4916911332941868,1.0,0.0,0.5170087046511046,0.4829912953488954,0.37403000517330576,0.6259699948266942,0.13819999999999977,0.0,0.0,-3.0,11.319999999999993,0.0020000000000000018,-1.0,0.5399999999999991,1.0,81.51999999999998,-0.487,81.51999999999998,0.6152102130407779,-1
2025-09-05,Congo,Tanzania,1-1,,,0.7136000000000001,1.1549999999999998,0.49,0.51,2.0,2.0,2.0,7.0,2.0,0.0,6.0,2.0,1.0,1.0,1116.26,1209.23,0.111,0.361,2025.0,0.8096,354.94,0.8293999999999998,374.02,1,1,X,0,0,1,1,0.38189018516536455,0.6181098148346355,0.5,0.5,0.2222222222222222,0.7777777777777778,0.5,0.5,0.48691286215978924,0.5130871378402108,0.5,0.5,0.4800106644191117,0.5199893355808882,0.23516949152542374,0.7648305084745762,-0.4413999999999997,-0.020000000000000018,0.0,-5.0,-19.079999999999984,-0.019799999999999818,2.0,4.0,0.0,-92.97000000000003,-0.25,-92.97000000000003,0.36930993435331355,1
2025-09-05,Lesoto,Sudáfrica,0-3,,,0.36899999999999994,4.061600000000002,0.29,0.71,2.0,10.0,0.0,5.0,2.0,1.0,15.0,9.0,7.0,2.0,1046.35,1443.31,0.025,1.89,2025.0,0.7006000000000001,161.46,1.0328,595.84,0,3,2,-3,0,0,3,0.08328443100257296,0.916715568997427,0.16666666666666666,0.8333333333333334,0.0,1.0,0.7777777777777778,0.2222222222222222,0.21320480654958404,0.7867951934504159,0.0,1.0,0.4202782709285605,0.5797217290714395,0.013054830287206269,0.9869451697127938,-3.6926000000000023,-0.42,-8.0,-5.0,-434.38,-0.33219999999999983,1.0,6.0,5.0,-396.96000000000004,-1.865,-396.96000000000004,0.09236573355660245,2
2025-09-05,Uganda,Mozambique,4-0,,,2.3832000000000004,0.6318,0.54,0.46,9.0,2.0,11.0,0.0,2.0,0.0,16.0,3.0,2.0,5.0,1269.37,1236.18,0.297,0.059,2025.0,0.8172,332.52,0.7508000000000001,262.52,4,0,1,4,1,3,0,0.7904477611940298,0.20955223880597018,0.8181818181818182,0.18181818181818177,1.0,0.0,0.2857142857142857,0.7142857142857143,0.5588195751546114,0.44118042484538855,1.0,0.0,0.5066232962822533,0.49337670371774667,0.8342696629213483,0.1657303370786517,1.7514000000000003,0.08000000000000002,7.0,11.0,70.0,0.0663999999999999,2.0,13.0,-3.0,33.18999999999983,0.238,33.18999999999983,0.5476194839571865,0
2025-09-05,Suiza,Kosovo,4-0,,,1.58,0.52,0.62,0.38,5.0,1.0,3.0,4.0,2.0,0.0,11.0,10.0,1.0,1.0,1635.08,1247.71,12.79,5.46,2025.0,0.88,552.0,0.81,293.0,4,0,1,4,1,3,0,0.7523809523809524,0.24761904761904763,0.8333333333333334,0.16666666666666663,0.42857142857142855,0.5714285714285714,0.5,0.5,0.6532544378698225,0.3467455621301775,1.0,0.0,0.567186649044849,0.43281335095515105,0.7008219178082191,0.2991780821917809,1.06,0.24,4.0,-1.0,259.0,0.06999999999999995,2.0,1.0,0.0,387.3699999999999,7.329999999999999,387.3699999999999,0.9029009239377346,-2
2025-09-06,Armenia,Portugal,0-5,,,0.19,6.34,0.29,0.71,3.0,9.0,2.0,4.0,1.0,0.0,10.0,7.0,4.0,3.0,1204.78,1770.53,1.56,38.67,2025.0,0.84,221.0,0.93,590.0,0,5,2,-5,0,0,3,0.02909647779479326,0.9709035222052067,0.25,0.75,0.3333333333333333,0.6666666666666667,0.5714285714285714,0.4285714285714286,0.2725030826140567,0.7274969173859434,0.0,1.0,0.4049258732703483,0.5950741267296518,0.03877703206562267,0.9612229679343773,-6.1499999999999995,-0.42,-6.0,-2.0,-369.0,-0.09000000000000008,1.0,3.0,1.0,-565.75,-37.11,-565.75,0.037086206148871106,2
2025-09-06,Austria,Chipre,1-0,,,2.14,1.25,0.71,0.29,3.0,5.0,7.0,3.0,1.0,4.0,14.0,6.0,4.0,2.0,1591.24,1124.36,9.43,0.737,2025.0,0.84,431.0,0.63,134.0,1,0,1,1,1,3,0,0.6312684365781711,0.3687315634218289,0.375,0.625,0.7,0.30000000000000004,0.6666666666666666,0.33333333333333337,0.7628318584070797,0.23716814159292032,1.0,0.0,0.5859625865370452,0.41403741346295475,0.9275105734238221,0.07248942657617785,0.8900000000000001,0.42,-2.0,4.0,297.0,0.20999999999999996,-3.0,8.0,2.0,466.8800000000001,8.693,466.8800000000001,0.936289618179855,-3
2025-09-06,Irlanda,Hungría,2-2,,,2.75,1.74,0.67,0.33,8.0,6.0,4.0,1.0,3.0,5.0,14.0,13.0,4.0,6.0,1412.76,1500.74,5.44,7.21,2025.0,0.83,437.0,0.74,205.0,2,2,X,0,0,1,1,0.6124721603563474,0.38752783964365256,0.5714285714285714,0.4285714285714286,0.8,0.19999999999999996,0.4,0.6,0.6806853582554517,0.31931464174454827,0.5,0.5,0.48490132143470055,0.5150986785652995,0.4300395256916996,0.5699604743083004,1.01,0.34,2.0,3.0,232.0,0.08999999999999997,-2.0,1.0,-2.0,-87.98000000000002,-1.7699999999999996,-87.98000000000002,0.37602525380396895,0
2025-09-06,San Marino,Bosnia-Herzegovina,0-6,,,0.14,3.62,0.27,0.73,1.0,10.0,0.0,6.0,2.0,2.0,17.0,20.0,4.0,1.0,738.24,1349.11,0.044,5.63,2025.0,0.74,151.0,0.92,488.0,0,6,2,-6,0,0,3,0.03723404255319149,0.9627659574468085,0.09090909090909091,0.9090909090909091,0.0,1.0,0.8,0.19999999999999996,0.23630672926447574,0.7636932707355243,0.0,1.0,0.35367331784319833,0.6463266821568017,0.007754670426506874,0.9922453295734931,-3.48,-0.45999999999999996,-9.0,-6.0,-337.0,-0.18000000000000005,0.0,-3.0,3.0,-610.8699999999999,-5.586,-610.8699999999999,0.02884777418897151,1
2025-09-06,Inglaterra,Andorra,2-0,,,1.95,0.09,0.83,0.17,7.0,0.0,8.0,0.0,1.0,1.0,10.0,8.0,0.0,5.0,1813.32,953.95,52.43,0.137,2025.0,0.9,710.0,0.56,93.0,2,0,1,2,1,3,0,0.9558823529411764,0.044117647058823595,1.0,0.0,1.0,0.0,0.0,1.0,0.8841843088418431,0.11581569115815693,1.0,0.0,0.655273970375135,0.344726029624865,0.9973938021952936,0.0026061978047063894,1.8599999999999999,0.6599999999999999,7.0,8.0,617.0,0.33999999999999997,0.0,2.0,-5.0,859.3699999999999,52.293,859.3699999999999,0.9929449487840636,-3
2025-09-06,Nicaragua,Costa Rica,1-1,,,1.0,0.63,0.41,0.59,2.0,2.0,4.0,6.0,1.0,2.0,6.0,13.0,1.0,1.0,1120.02,1493.85,0.172,1.34,2025.0,0.73,181.0,0.81,292.0,1,1,X,0,0,1,1,0.6134969325153374,0.38650306748466257,0.5,0.5,0.4,0.6,0.5,0.5,0.38266384778012685,0.6173361522198731,0.5,0.5,0.4284910879270966,0.5715089120729033,0.11375661375661375,0.8862433862433863,0.37,-0.18,0.0,-2.0,-111.0,-0.08000000000000007,-1.0,-7.0,0.0,-373.8299999999999,-1.1680000000000001,-373.8299999999999,0.10415021993855221,2
2025-09-06,Letonia,Serbia,0-1,,,0.7,1.39,0.45,0.55,2.0,7.0,3.0,7.0,1.0,1.0,9.0,13.0,6.0,2.0,1099.29,1523.03,0.329,7.76,2025.0,0.88,426.0,0.94,539.0,0,1,2,-1,0,0,3,0.3349282296650718,0.6650717703349283,0.2222222222222222,0.7777777777777778,0.3,0.7,0.75,0.25,0.44145077720207254,0.5585492227979274,0.0,1.0,0.4192051313340859,0.5807948686659141,0.04067251823463963,0.9593274817653603,-0.69,-0.10000000000000003,-5.0,-4.0,-113.0,-0.05999999999999994,0.0,-4.0,4.0,-423.74,-7.431,-423.74,0.08022871680255278,3
2025-09-06,Nigeria,Ruanda,1-0,,,2.1362000000000005,0.4328,0.6,0.4,8.0,3.0,4.0,1.0,1.0,3.0,14.0,14.0,3.0,7.0,1484.26,1125.47,7.48,0.232,2025.0,0.8766000000000003,493.12,0.7981999999999999,285.52,1,0,1,1,1,3,0,0.8315297781237837,0.1684702218762163,0.7272727272727273,0.2727272727272727,0.8,0.19999999999999996,0.3,0.7,0.6333093599095859,0.3666906400904141,1.0,0.0,0.5687408275951918,0.43125917240480816,0.9699170124481328,0.030082987551867224,1.7034000000000005,0.19999999999999996,5.0,3.0,207.60000000000002,0.07840000000000036,-2.0,0.0,-4.0,358.78999999999996,7.248,358.78999999999996,0.8874906107593089,-2
2025-09-06,Haití,Honduras,0-0,,,1.04,1.03,0.45,0.55,7.0,3.0,8.0,5.0,2.0,1.38,12.0,7.0,3.0,7.0,1261.42,1379.84,2.15,0.805,2025.0,0.86,305.0,0.86,389.0,0,0,X,0,0,1,1,0.502415458937198,0.49758454106280203,0.7,0.30000000000000004,0.6153846153846154,0.3846153846153846,0.3,0.7,0.43948126801152737,0.5605187319884726,0.5,0.5,0.4775826688777326,0.5224173311222674,0.7275803722504229,0.27241962774957706,0.010000000000000009,-0.10000000000000003,4.0,3.0,-84.0,0.0,0.6200000000000001,5.0,-4.0,-118.41999999999985,1.3449999999999998,-118.41999999999985,0.3358863765426631,1
2025-09-06,Trinidad y Tobago,Curazao,0-0,,,0.55,0.19,0.49,0.51,6.0,2.0,4.0,3.0,5.0,1.0,12.0,10.0,2.0,5.0,1229.11,1277.22,0.1,0.991,2025.0,0.72,221.0,0.74,248.0,0,0,X,0,0,1,1,0.7432432432432433,0.2567567567567567,0.75,0.25,0.5714285714285714,0.4285714285714286,0.2857142857142857,0.7142857142857143,0.47121535181236673,0.5287846481876333,0.5,0.5,0.49040230137292373,0.5095976986270763,0.09165902841429882,0.9083409715857012,0.36000000000000004,-0.020000000000000018,4.0,1.0,-27.0,-0.020000000000000018,4.0,2.0,-3.0,-48.11000000000013,-0.891,-48.11000000000013,0.4312032956091933,0
2025-09-06,Bermudas,Jamaica,0-4,,,0.4,1.49,0.54,0.46,3.0,7.0,2.0,5.0,0.0,2.0,7.0,12.0,3.0,3.0,1000.04,1362.97,0.013,0.377,2025.0,0.84,321.0,0.85,282.0,0,4,2,-4,0,0,3,0.21164021164021163,0.7883597883597884,0.3,0.7,0.2857142857142857,0.7142857142857143,0.5,0.5,0.5323383084577115,0.46766169154228854,0.0,1.0,0.42320599574271794,0.5767940042572821,0.03333333333333333,0.9666666666666667,-1.0899999999999999,0.08000000000000002,-4.0,-3.0,39.0,-0.010000000000000009,-2.0,-5.0,0.0,-362.93000000000006,-0.364,-362.93000000000006,0.11015164830809564,2
2025-09-07,Alemania,Irlanda del Norte,3-1,,,2.61,0.28,0.8,0.2,6.0,1.0,3.0,5.0,1.0,4.0,9.0,13.0,0.0,3.0,1716.98,1351.01,36.42,3.47,2025.0,0.9,679.0,0.63,115.0,3,1,1,2,1,3,0,0.9031141868512111,0.09688581314878886,0.8571428571428571,0.1428571428571429,0.375,0.625,0.0,1.0,0.8551637279596978,0.14483627204030225,0.75,0.25,0.5596432843653337,0.4403567156346663,0.9130107796440211,0.08698922035597889,2.33,0.6000000000000001,5.0,-2.0,564.0,0.27,-3.0,-4.0,-3.0,365.97,32.95,365.97,0.8915519707396496,-2
2025-09-07,Bélgica,Kazajistán,6-0,,,3.62,0.23,0.75,0.25,15.0,2.0,11.0,1.0,0.0,2.0,6.0,10.0,2.0,9.0,1736.38,1165.49,21.06,0.652,2025.0,0.89,580.0,0.72,159.0,6,0,1,6,1,3,0,0.9402597402597402,0.05974025974025976,0.8823529411764706,0.11764705882352944,0.9166666666666666,0.08333333333333337,0.18181818181818182,0.8181818181818181,0.7848443843031123,0.21515561569688768,1.0,0.0,0.5983658813110168,0.40163411868898324,0.9699705232129697,0.030029476787030274,3.39,0.5,13.0,10.0,421.0,0.17000000000000004,-2.0,-4.0,-7.0,570.8900000000001,20.407999999999998,570.8900000000001,0.9639560616131608,-3
2025-09-07,Luxemburgo,Eslovaquia,0-1,,,1.17,1.14,0.47,0.53,4.0,2.0,4.0,4.0,3.0,3.0,14.0,14.0,1.0,4.0,1260.17,1466.56,0.639,2.3,2025.0,0.79,326.0,0.83,389.0,0,1,2,-1,0,0,3,0.5064935064935066,0.49350649350649345,0.6666666666666666,0.33333333333333337,0.5,0.5,0.2,0.8,0.45594405594405596,0.544055944055944,0.0,1.0,0.4621543020394392,0.5378456979605608,0.21742089145968016,0.7825791085403199,0.030000000000000027,-0.06000000000000005,2.0,0.0,-63.0,-0.039999999999999925,0.0,0.0,-3.0,-206.38999999999987,-1.6609999999999998,-206.38999999999987,0.23360315675188686,1
2025-09-07,Polonia,Finlandia,3-1,,,2.25,0.26,0.45,0.55,6.0,2.0,8.0,2.0,1.0,0.0,11.0,11.0,1.0,3.0,1502.4,1371.55,8.91,1.55,2025.0,0.79,312.0,0.84,416.0,3,1,1,2,1,3,0,0.8964143426294822,0.10358565737051784,0.75,0.25,0.8,0.19999999999999996,0.25,0.75,0.42857142857142855,0.5714285714285714,0.75,0.25,0.5227648358530942,0.4772351641469058,0.8518164435946463,0.14818355640535374,1.99,-0.10000000000000003,4.0,6.0,-104.0,-0.04999999999999993,1.0,0.0,-2.0,130.85000000000014,7.36,130.85000000000014,0.6798827775636569,0
2025-09-07,Lituania,Países Bajos,2-3,,,0.34,1.12,0.27,0.73,3.0,7.0,1.0,7.0,2.0,0.0,13.0,10.0,4.0,1.0,1069.2,1758.18,0.703,29.01,2025.0,0.71,162.0,0.87,552.0,2,3,2,-1,0,0,3,0.2328767123287671,0.7671232876712328,0.3,0.7,0.125,0.875,0.8,0.19999999999999996,0.226890756302521,0.773109243697479,0.4,0.6,0.3781592852747066,0.6218407147252933,0.023659677582203074,0.9763403224177969,-0.78,-0.45999999999999996,-4.0,-6.0,-390.0,-0.16000000000000003,2.0,3.0,3.0,-688.98,-28.307000000000002,-688.98,0.018595087552703008,3
2025-09-07,Macedonia del Norte,Liechtenstein,5-0,,,2.35,0.09,0.71,0.29,8.0,1.0,7.0,2.0,2.0,1.0,11.0,15.0,1.0,4.0,1390.79,811.66,1.38,0.026,2025.0,0.87,433.0,0.68,140.0,5,0,1,5,1,3,0,0.9631147540983607,0.03688524590163933,0.8888888888888888,0.11111111111111116,0.7777777777777778,0.2222222222222222,0.2,0.8,0.7556719022687609,0.2443280977312391,1.0,0.0,0.631474040273332,0.368525959726668,0.9815078236130867,0.01849217638691325,2.2600000000000002,0.42,7.0,5.0,293.0,0.18999999999999995,1.0,-4.0,-3.0,579.13,1.3539999999999999,579.13,0.9655683357071762,-2
2025-09-07,República Centroafricana,Comores,0-2,,,0.9797999999999998,0.9976,0.52,0.48,3.0,3.0,7.0,5.0,1.0,3.0,11.0,12.0,1.0,3.0,1107.54,1198.51,0.336,0.667,2025.0,0.8228000000000003,378.98,0.8072000000000003,344.28,0,2,2,-2,0,0,3,0.49549914028522296,0.5045008597147771,0.5,0.5,0.5833333333333334,0.41666666666666663,0.25,0.75,0.5239886071398944,0.47601139286010563,0.0,1.0,0.48027579627501565,0.5197242037249843,0.33499501495513456,0.6650049850448654,-0.01780000000000026,0.040000000000000036,0.0,2.0,34.700000000000045,0.015600000000000058,-2.0,-1.0,-2.0,-90.97000000000003,-0.331,-90.97000000000003,0.37199553734278845,1
2025-09-07,Georgia,Bulgaria,3-0,,,2.47,0.33,0.6,0.4,5.0,2.0,4.0,1.0,2.0,4.0,3.0,18.0,2.0,2.0,1375.23,1284.42,9.65,1.2,2025.0,0.9,564.0,0.87,362.0,3,0,1,3,1,3,0,0.8821428571428571,0.11785714285714288,0.7142857142857143,0.2857142857142857,0.8,0.19999999999999996,0.5,0.5,0.6090712742980562,0.3909287257019438,1.0,0.0,0.5170717951610174,0.4829282048389826,0.8894009216589862,0.11059907834101379,2.14,0.19999999999999996,3.0,3.0,202.0,0.030000000000000027,-2.0,-15.0,0.0,90.80999999999995,8.450000000000001,90.80999999999995,0.6277892700665884,-1
2025-09-07,Turquía,España,0-6,,,0.54,2.76,0.5,0.5,2.0,12.0,8.0,4.0,2.14,1.68,6.0,9.0,6.0,2.0,1553.19,1867.09,18.22,47.03,2025.0,0.87,445.0,0.89,468.0,0,6,2,-6,0,0,3,0.16363636363636366,0.8363636363636363,0.14285714285714285,0.8571428571428572,0.6666666666666666,0.33333333333333337,0.75,0.25,0.4874041621029573,0.5125958378970428,0.0,1.0,0.4541119440513643,0.5458880559486357,0.27923371647509576,0.7207662835249042,-2.2199999999999998,0.0,-10.0,4.0,-23.0,-0.020000000000000018,0.4600000000000002,-3.0,4.0,-313.89999999999986,-28.810000000000002,-313.89999999999986,0.14100670768892226,0
2025-09-08,Gibraltar,Islas Feroe,0-1,,,0.8,1.58,0.4,0.6,2.0,6.0,3.0,7.0,3.0,1.0,11.0,13.0,4.0,2.0,835.18,1089.74,0.073,0.222,2025.0,0.72,218.0,0.85,382.0,0,1,2,-1,0,0,3,0.33613445378151263,0.6638655462184874,0.25,0.75,0.3,0.7,0.6666666666666666,0.33333333333333337,0.36333333333333334,0.6366666666666667,0.0,1.0,0.4338777715437524,0.5661222284562476,0.24745762711864405,0.752542372881356,-0.78,-0.19999999999999996,-4.0,-4.0,-164.0,-0.13,2.0,-2.0,2.0,-254.56000000000006,-0.14900000000000002,-254.56000000000006,0.1876481102419392,0
2025-09-08,Croacia,Montenegro,4-0,,,3.32,0.16,0.74,0.26,13.0,1.0,7.0,3.0,1.0,3.0,10.0,6.0,1.0,9.0,1707.51,1327.28,14.9,2.48,2025.0,0.89,628.0,0.62,146.0,4,0,1,4,1,3,0,0.9540229885057471,0.04597701149425293,0.9285714285714286,0.0714285714285714,0.7,0.30000000000000004,0.1,0.9,0.8113695090439277,0.18863049095607232,1.0,0.0,0.5626451912652934,0.43735480873470656,0.8573072497123131,0.1426927502876869,3.1599999999999997,0.48,12.0,4.0,482.0,0.27,-2.0,4.0,-8.0,380.23,12.42,380.23,0.8992374008167152,-2
2025-09-08,Grecia,Dinamarca,0-3,,,0.17,1.94,0.44,0.56,1.0,8.0,3.0,3.0,1.0,1.0,14.0,14.0,5.0,1.0,1497.82,1621.24,11.02,15.87,2025.0,0.82,369.0,0.87,498.0,0,3,2,-3,0,0,3,0.08056872037914693,0.919431279620853,0.1111111111111111,0.8888888888888888,0.5,0.5,0.8333333333333334,0.16666666666666663,0.42560553633217996,0.57439446366782,0.0,1.0,0.4802151930389284,0.5197848069610715,0.4098177761249535,0.5901822238750465,-1.77,-0.12000000000000005,-7.0,0.0,-129.0,-0.050000000000000044,0.0,0.0,4.0,-123.42000000000007,-4.85,-123.42000000000007,0.3294966238345583,1
2025-09-08,Israel,Italia,4-5,,,1.54,1.85,0.46,0.54,7.0,7.0,4.0,4.0,2.56,2.58,15.0,12.0,2.0,4.0,1336.52,1702.58,2.96,13.73,2025.0,0.82,294.0,0.81,328.0,4,5,2,-1,0,0,3,0.45427728613569324,0.5457227138643068,0.5,0.5,0.5,0.5,0.3333333333333333,0.6666666666666667,0.47266881028938906,0.527331189710611,0.4444444444444444,0.5555555555555556,0.43977493336843143,0.5602250666315686,0.1773517076093469,0.8226482923906531,-0.31000000000000005,-0.08000000000000002,0.0,0.0,-34.0,0.009999999999999898,-0.020000000000000018,3.0,-2.0,-366.05999999999995,-10.77,-366.05999999999995,0.10839794763263917,2
2025-09-08,Kosovo,Suecia,2-0,,,1.49,0.95,0.32,0.68,5.0,5.0,1.0,5.0,5.0,4.0,13.0,12.0,5.0,3.0,1247.71,1545.43,5.46,15.62,2025.0,0.66,198.0,0.84,527.0,2,0,1,2,1,3,0,0.610655737704918,0.389344262295082,0.5,0.5,0.16666666666666666,0.8333333333333334,0.625,0.375,0.2731034482758621,0.7268965517241379,1.0,0.0,0.4467051418833284,0.5532948581166717,0.25901328273244784,0.7409867172675522,0.54,-0.36000000000000004,0.0,-4.0,-329.0,-0.17999999999999994,1.0,1.0,2.0,-297.72,-10.16,-297.72,0.15266966562300957,2
2025-09-08,Guinea,Argelia,0-0,,,0.9924000000000003,0.7615999999999999,0.51,0.49,3.0,3.0,7.0,6.0,1.0,1.0,12.0,12.0,3.0,3.0,1292.63,1503.8,2.47,9.88,2025.0,0.8053999999999999,316.4,0.8055999999999999,308.72,0,0,X,0,0,1,1,0.5657924743443559,0.43420752565564413,0.5,0.5,0.5384615384615384,0.46153846153846156,0.5,0.5,0.506142820578449,0.49385717942155105,0.5,0.5,0.46224293116580784,0.5377570688341922,0.19999999999999998,0.8,0.23080000000000034,0.020000000000000018,0.0,1.0,7.67999999999995,-0.00019999999999997797,0.0,0.0,0.0,-211.16999999999985,-7.41,-211.16999999999985,0.22871306535375527,1
2025-09-08,Mozambique,Botsuana,2-0,,,1.3880000000000001,1.2928000000000004,0.47,0.53,4.0,4.0,5.0,5.0,0.0,1.0,8.0,7.0,4.0,2.0,1236.18,1101.2,0.059,0.117,2025.0,0.8022000000000005,331.52,0.819,381.76,2,0,1,2,1,3,0,0.5177558937630558,0.48224410623694425,0.5,0.5,0.5,0.5,0.6666666666666666,0.33333333333333337,0.46478241363840284,0.5352175863615971,1.0,0.0,0.528874209585091,0.471125790414909,0.3352272727272727,0.6647727272727273,0.09519999999999973,-0.06000000000000005,0.0,0.0,-50.24000000000001,-0.016799999999999482,-1.0,1.0,2.0,134.98000000000002,-0.05800000000000001,134.98000000000002,0.6850347689888426,-1
2025-09-08,Madagascar,Chad,3-1,,,1.7191999999999998,0.8379999999999996,0.58,0.42,5.0,2.0,9.0,1.0,5.0,3.0,16.0,19.0,1.0,2.0,1162.86,924.6,0.283,0.356,2025.0,0.8380000000000004,412.54,0.7376000000000001,230.76,3,1,1,2,1,3,0,0.6722978257469108,0.32770217425308923,0.7142857142857143,0.2857142857142857,0.9,0.09999999999999998,0.3333333333333333,0.6666666666666667,0.6412871133219339,0.3587128866780661,0.75,0.25,0.5570693570176194,0.4429306429823806,0.44287949921752734,0.5571205007824727,0.8812000000000002,0.15999999999999998,3.0,8.0,181.78000000000003,0.10040000000000027,2.0,-3.0,-1.0,238.25999999999988,-0.07300000000000001,238.25999999999988,0.7976280121413479,0
2025-09-08,Malaui,Liberia,2-2,,,1.6637999999999988,0.9813999999999997,0.62,0.38,6.0,2.0,4.0,1.0,1.0,2.0,1.0,0.0,0.0,4.0,1121.1,1068.31,0.075,0.551,2025.0,0.8800000000000001,521.74,0.7786000000000003,266.4,2,2,X,0,0,1,1,0.6289883562679569,0.3710116437320431,0.75,0.25,0.8,0.19999999999999996,0.0,1.0,0.6619889867282462,0.33801101327175376,0.5,0.5,0.5120557593141531,0.48794424068584685,0.11980830670926518,0.8801916932907348,0.6823999999999991,0.24,4.0,3.0,255.34000000000003,0.10139999999999982,-1.0,1.0,-4.0,52.789999999999964,-0.47600000000000003,52.789999999999964,0.5753916360552174,0
2025-09-08,Uganda,Somalia,2-0,,,1.7117999999999998,0.324,0.58,0.42,6.0,1.0,5.0,1.0,2.0,1.0,16.0,7.0,1.0,4.0,1269.37,832.13,0.297,0.04,2025.0,0.9034000000000002,530.64,0.8448000000000003,371.14,2,0,1,2,1,3,0,0.8408488063660478,0.15915119363395225,0.8571428571428571,0.1428571428571429,0.8333333333333334,0.16666666666666663,0.2,0.8,0.5884362039521834,0.41156379604781657,1.0,0.0,0.6040304544373066,0.39596954556269337,0.8813056379821959,0.11869436201780414,1.3877999999999997,0.15999999999999998,5.0,4.0,159.5,0.058599999999999874,1.0,9.0,-3.0,437.2399999999999,0.257,437.2399999999999,0.9253219666579581,-1
2025-09-08,Guinea Ecuatorial,Túnez,0-1,,,1.028,0.9447999999999999,0.51,0.49,4.0,2.0,2.0,4.0,1.0,5.0,18.0,18.0,1.0,4.0,1251.59,1471.1,0.191,2.69,2025.0,0.8197999999999999,349.72,0.8221999999999997,334.66,0,1,2,-1,0,0,3,0.5210867802108679,0.47891321978913215,0.6666666666666666,0.33333333333333337,0.3333333333333333,0.6666666666666667,0.2,0.8,0.5110026593413016,0.4889973406586984,0.0,1.0,0.4596887636859136,0.5403112363140864,0.06629642485248179,0.9337035751475182,0.08320000000000016,0.020000000000000018,2.0,-2.0,15.060000000000002,-0.0023999999999998467,-4.0,0.0,-3.0,-219.51,-2.499,-219.51,0.22035459992663,1
2025-09-08,Zambia,Marruecos,0-2,,,1.0876,1.1518000000000002,0.58,0.42,3.0,3.0,6.0,1.0,1.0,4.0,9.0,12.0,1.0,3.0,1285.32,1698.72,0.614,17.22,2025.0,0.8886000000000002,512.46,0.8510000000000002,361.52,0,2,2,-2,0,0,3,0.4856658033401804,0.5143341966598196,0.5,0.5,0.8571428571428571,0.1428571428571429,0.25,0.75,0.5863520904368521,0.4136479095631479,0.0,1.0,0.430731491534966,0.569268508465034,0.03442861949086015,0.9655713805091398,-0.06420000000000026,0.15999999999999998,0.0,5.0,150.94000000000005,0.03759999999999997,-3.0,-3.0,-2.0,-413.4000000000001,-16.605999999999998,-413.4000000000001,0.08473214662341756,2
2025-09-08,Bielorrusia,Escocia,0-2,,,0.33,2.15,0.27,0.73,3.0,8.0,2.0,2.0,2.0,1.0,14.0,10.0,6.0,3.0,1237.24,1474.68,0.641,6.55,2025.0,0.71,187.0,0.89,673.0,0,2,2,-2,0,0,3,0.13306451612903228,0.8669354838709677,0.2727272727272727,0.7272727272727273,0.5,0.5,0.6666666666666666,0.33333333333333337,0.21744186046511627,0.7825581395348837,0.0,1.0,0.4562228974306027,0.5437771025693974,0.08913920178000279,0.9108607982199972,-1.8199999999999998,-0.45999999999999996,-5.0,0.0,-486.0,-0.18000000000000005,1.0,4.0,3.0,-237.44000000000005,-5.909,-237.44000000000005,0.20313499763760995,1
2025-09-08,Guinea-Bisáu,Yibuti,2-0,,,2.3936000000000006,0.21439999999999995,0.73,0.27,7.0,1.0,7.0,0.0,1.0,1.0,7.0,15.0,1.0,5.0,1119.54,865.75,1.64,0.029,2025.0,0.8716000000000003,536.22,0.6579999999999999,149.92,2,0,1,2,1,3,0,0.9177914110429448,0.08220858895705518,0.875,0.125,1.0,0.0,0.16666666666666666,0.8333333333333334,0.7815023173113359,0.2184976826886641,1.0,0.0,0.5639176140513477,0.43608238594865234,0.9826243259436789,0.017375674056321122,2.1792000000000007,0.45999999999999996,6.0,7.0,386.30000000000007,0.21360000000000035,0.0,-8.0,-4.0,253.78999999999996,1.611,253.78999999999996,0.8116752838359347,0
2025-09-08,Libia,Eswatini,2-0,,,1.0293999999999999,0.3283999999999999,0.63,0.37,2.0,1.0,7.0,0.0,1.0,1.0,15.0,7.0,1.0,0.0,1155.19,1022.87,0.533,0.045,2025.0,0.897,522.42,0.7924000000000001,250.7,2,0,1,2,1,3,0,0.758138164678156,0.24186183532184402,0.6666666666666666,0.33333333333333337,1.0,0.0,1.0,0.0,0.675729511589404,0.324270488410596,1.0,0.0,0.5303756553997595,0.4696243446002405,0.9221453287197231,0.0778546712802769,0.701,0.26,1.0,7.0,271.71999999999997,0.10459999999999992,0.0,8.0,1.0,132.32000000000005,0.48800000000000004,132.32000000000005,0.6817216557371113,0
2025-09-08,Suiza,Eslovenia,3-0,,,1.0,0.19,0.65,0.35,6.0,1.0,5.0,2.0,0.0,2.0,10.0,15.0,1.0,3.0,1635.08,1469.76,12.79,4.02,2025.0,0.9,600.0,0.81,288.0,3,0,1,3,1,3,0,0.8403361344537815,0.15966386554621848,0.8571428571428571,0.1428571428571429,0.7142857142857143,0.2857142857142857,0.25,0.75,0.6756756756756757,0.32432432432432434,1.0,0.0,0.5266229499748779,0.4733770500251221,0.7608566329565735,0.23914336704342654,0.81,0.30000000000000004,5.0,3.0,312.0,0.08999999999999997,-2.0,-5.0,-2.0,165.31999999999994,8.77,165.31999999999994,0.7214485771329661,-1
2025-09-08,Ghana,Mali,1-0,,,0.8934000000000001,1.0455999999999996,0.45,0.55,2.0,4.0,5.0,2.0,2.0,0.0,10.0,12.0,4.0,1.0,1333.33,1454.72,9.01,4.32,2025.0,0.8171999999999996,324.46,0.8510000000000004,430.84,1,0,1,1,1,3,0,0.4607529654461064,0.5392470345538936,0.3333333333333333,0.6666666666666667,0.7142857142857143,0.2857142857142857,0.8,0.19999999999999996,0.42957765126439823,0.5704223487356017,1.0,0.0,0.4782303043345707,0.5217696956654293,0.6759189797449362,0.3240810202550638,-0.15219999999999956,-0.10000000000000003,-2.0,3.0,-106.38,-0.03380000000000083,2.0,-2.0,3.0,-121.3900000000001,4.6899999999999995,-121.3900000000001,0.33208343596714357,1
2025-09-09,El Salvador,Surinam,1-2,,,0.88,0.68,0.45,0.55,2.0,4.0,7.0,4.0,3.0,1.0,15.0,14.0,2.0,2.0,1272.7,1099.98,0.285,1.38,2025.0,0.82,321.0,0.85,417.0,1,2,2,-1,0,0,3,0.5641025641025641,0.4358974358974359,0.3333333333333333,0.6666666666666667,0.6363636363636364,0.36363636363636365,0.5,0.5,0.4349593495934959,0.5650406504065041,0.3333333333333333,0.6666666666666667,0.5363976600300082,0.4636023399699918,0.17117117117117117,0.8288288288288288,0.19999999999999996,-0.10000000000000003,-2.0,3.0,-96.0,-0.030000000000000027,2.0,1.0,0.0,172.72000000000003,-1.095,172.72000000000003,0.7299277898815681,-1
2025-09-09,Angola,Mauricio,3-1,,,2.5829999999999997,0.5035999999999999,0.61,0.39,9.0,3.0,6.0,1.0,2.0,1.0,17.0,13.0,2.0,6.0,1279.55,921.61,1.72,0.035,2025.0,0.8956000000000002,499.26,0.7856000000000003,265.6,3,1,1,2,1,3,0,0.8368431283613037,0.1631568716386963,0.75,0.25,0.8571428571428571,0.1428571428571429,0.25,0.75,0.6527469079308631,0.3472530920691369,0.75,0.25,0.5813071289683621,0.4186928710316379,0.98005698005698,0.019943019943019946,2.0793999999999997,0.21999999999999997,6.0,5.0,233.65999999999997,0.10999999999999988,1.0,4.0,-4.0,357.93999999999994,1.685,357.93999999999994,0.8870011132477497,-1
2025-09-09,Benín,Lesoto,4-0,,,2.4694000000000003,0.3522000000000001,0.58,0.42,9.0,1.0,0.0,2.0,2.0,2.0,15.0,19.0,1.0,5.0,1238.97,1046.35,0.723,0.025,2025.0,0.8960000000000002,475.28,0.8237999999999999,320.66,4,0,1,4,1,3,0,0.8751772044230223,0.12482279557697773,0.9,0.09999999999999998,0.0,1.0,0.16666666666666666,0.8333333333333334,0.5971304369676106,0.4028695630323894,1.0,0.0,0.5421428946493271,0.4578571053506729,0.9665775401069518,0.03342245989304815,2.1172,0.15999999999999998,8.0,-2.0,154.61999999999995,0.07220000000000037,0.0,-4.0,-4.0,192.62000000000012,0.698,192.62000000000012,0.751907164402438,-1
2025-09-09,Gabón,Costa de Marfil,0-0,,,0.8876000000000002,0.8369999999999999,0.54,0.46,3.0,3.0,7.0,4.0,0.0,2.0,13.0,15.0,3.0,3.0,1306.6,1483.45,1.01,20.08,2025.0,0.8188000000000001,369.3,0.8083999999999999,317.42,0,0,X,0,0,1,1,0.5146700684216631,0.4853299315783369,0.5,0.5,0.6363636363636364,0.36363636363636365,0.5,0.5,0.5377737651444547,0.46222623485554526,0.5,0.5,0.4683070195874625,0.5316929804125374,0.047889995258416314,0.9521100047415837,0.05060000000000031,0.08000000000000002,0.0,3.0,51.879999999999995,0.010400000000000187,-2.0,-2.0,0.0,-176.85000000000014,-19.069999999999997,-176.85000000000014,0.2654112255753132,1
2025-09-09,Gambia,Burundi,2-0,,,1.5363999999999998,0.44439999999999985,0.55,0.45,6.0,1.0,8.0,5.0,2.0,3.0,14.0,14.0,1.0,4.0,1141.36,1092.51,3.43,0.377,2025.0,0.8198000000000001,359.26,0.7868000000000002,293.5,2,0,1,2,1,3,0,0.7756462035541195,0.2243537964458805,0.8571428571428571,0.1428571428571429,0.6153846153846154,0.3846153846153846,0.2,0.8,0.5503707335008272,0.4496292664991728,1.0,0.0,0.5109339397547753,0.4890660602452247,0.9009718938796952,0.09902810612030477,1.0919999999999999,0.10000000000000003,5.0,3.0,65.75999999999999,0.03299999999999992,-1.0,0.0,-3.0,48.84999999999991,3.053,48.84999999999991,0.5698411808308578,0
2025-09-09,Mauritania,Sudán del Sur,0-0,,,1.9188000000000005,0.4032,0.69,0.31,6.0,1.0,9.0,3.0,0.0,7.0,7.0,23.0,1.0,6.0,1173.04,975.6,1.01,0.064,2025.0,0.888,541.68,0.7359999999999998,191.26,0,0,X,0,0,1,1,0.8263565891472868,0.17364341085271318,0.8571428571428571,0.1428571428571429,0.75,0.25,0.14285714285714285,0.8571428571428572,0.7390509455071357,0.2609490544928643,0.5,0.5,0.5459453421699307,0.45405465783006926,0.9404096834264432,0.059590316573556845,1.5156000000000005,0.37999999999999995,5.0,6.0,350.41999999999996,0.15200000000000025,-7.0,-16.0,-5.0,197.43999999999994,0.946,197.43999999999994,0.7570467557820338,-1
2025-09-09,Albania,Letonia,1-0,,,1.7,1.27,0.62,0.38,3.0,2.0,2.0,4.0,0.0,3.0,10.0,11.0,1.0,2.0,1373.15,1099.29,3.42,0.329,2025.0,0.93,620.0,0.89,351.0,1,0,1,1,1,3,0,0.5723905723905724,0.42760942760942755,0.6,0.4,0.3333333333333333,0.6666666666666667,0.3333333333333333,0.6666666666666667,0.6385169927909372,0.3614830072090628,1.0,0.0,0.5553825370888678,0.44461746291113224,0.9122432648706321,0.08775673512936788,0.42999999999999994,0.24,1.0,-2.0,269.0,0.040000000000000036,-3.0,-1.0,-1.0,273.8600000000001,3.0909999999999997,273.8600000000001,0.8287032765245854,-2
2025-09-09,Bosnia-Herzegovina,Austria,1-2,,,1.92,1.31,0.42,0.58,3.0,5.0,3.0,2.0,2.0,5.0,16.0,21.0,3.0,2.0,1349.11,1591.24,5.63,9.43,2025.0,0.71,214.0,0.79,333.0,1,2,2,-1,0,0,3,0.5944272445820433,0.4055727554179567,0.375,0.625,0.6,0.4,0.6,0.4,0.3912248628884826,0.6087751371115173,0.3333333333333333,0.6666666666666667,0.4588263301987858,0.5411736698012142,0.3738379814077025,0.6261620185922975,0.6099999999999999,-0.15999999999999998,-2.0,1.0,-119.0,-0.08000000000000007,-3.0,-5.0,1.0,-242.1300000000001,-3.8,-242.1300000000001,0.19879983883444727,2
2025-09-09,Chipre,Rumanía,2-2,,,2.13,1.72,0.59,0.41,8.0,5.0,7.0,1.0,3.0,2.0,7.0,21.0,3.0,6.0,1124.36,1474.46,0.737,2.37,2025.0,0.85,393.0,0.74,244.0,2,2,X,0,0,1,1,0.5532467532467533,0.4467532467532467,0.6153846153846154,0.3846153846153846,0.875,0.125,0.3333333333333333,0.6666666666666667,0.6169544740973313,0.3830455259026687,0.5,0.5,0.43264250698393886,0.5673574930160612,0.23720630833601544,0.7627936916639846,0.4099999999999999,0.18,3.0,6.0,149.0,0.10999999999999999,1.0,-14.0,-3.0,-350.10000000000014,-1.633,-350.10000000000014,0.11760195399022719,2
2025-09-09,Francia,Islandia,2-1,,,3.0,0.67,0.63,0.37,8.0,2.0,3.0,2.0,3.0,2.0,12.0,13.0,1.0,6.0,1862.03,1337.92,58.58,3.71,2025.0,0.9,560.0,0.82,300.0,2,1,1,1,1,3,0,0.8174386920980926,0.1825613079019074,0.8,0.19999999999999996,0.6,0.4,0.14285714285714285,0.8571428571428572,0.6511627906976745,0.34883720930232553,0.6666666666666666,0.33333333333333337,0.5818934670854232,0.4181065329145768,0.9404398779900466,0.05956012200995342,2.33,0.26,6.0,1.0,260.0,0.08000000000000007,1.0,-1.0,-5.0,524.1099999999999,54.87,524.1099999999999,0.9533371237078044,-2
2025-09-09,Hungría,Portugal,2-3,,,0.48,2.38,0.31,0.69,2.0,7.0,1.0,6.0,1.0,2.0,6.0,9.0,4.0,0.0,1500.74,1770.53,7.21,38.67,2025.0,0.77,241.0,0.92,644.0,2,3,2,-1,0,0,3,0.16783216783216784,0.8321678321678322,0.2222222222222222,0.7777777777777778,0.14285714285714285,0.8571428571428572,1.0,0.0,0.27231638418079096,0.727683615819209,0.4,0.6,0.45876372173498364,0.5412362782650164,0.1571490845684394,0.8428509154315607,-1.9,-0.37999999999999995,-5.0,-5.0,-403.0,-0.15000000000000002,-1.0,-3.0,4.0,-269.78999999999996,-31.46,-269.78999999999996,0.17464819628307143,1
2025-09-09,Noruega,Moldavia,11-1,,,9.57,0.09,0.71,0.29,17.0,0.0,4.0,1.0,0.0,1.0,6.0,10.0,0.0,6.0,1519.42,1028.26,22.69,0.373,2025.0,0.91,594.0,0.77,207.0,11,1,1,10,1,3,0,0.9906832298136646,0.009316770186335366,1.0,0.0,0.8,0.19999999999999996,0.0,1.0,0.7415730337078652,0.2584269662921348,0.9166666666666666,0.08333333333333337,0.5963935816115054,0.40360641838849465,0.983826908901704,0.01617309109829601,9.48,0.42,17.0,3.0,387.0,0.14,-1.0,-4.0,-6.0,491.1600000000001,22.317,491.1600000000001,0.944135692910589,-3
2025-09-09,Serbia,Inglaterra,0-5,,,0.08,4.22,0.3,0.7,0.0,12.0,2.0,6.0,1.0,1.0,11.0,10.0,7.0,0.0,1523.03,1813.32,7.76,52.43,2025.0,0.81,204.0,0.91,536.0,0,5,2,-5,0,0,3,0.018604651162790697,0.9813953488372094,0.0,1.0,0.25,0.75,1.0,0.0,0.2756756756756757,0.7243243243243243,0.0,1.0,0.45649587123653096,0.543504128763469,0.12892507060973585,0.8710749293902642,-4.14,-0.39999999999999997,-12.0,-4.0,-332.0,-0.09999999999999998,0.0,1.0,7.0,-290.28999999999996,-44.67,-290.28999999999996,0.15828509391654288,0
2025-09-09,Azerbaiyán,Ucrania,1-1,,,1.0,0.98,0.26,0.74,2.0,5.0,1.0,9.0,3.0,3.0,9.0,12.0,4.0,1.0,1148.0,1557.21,0.706,9.88,2025.0,0.68,136.0,0.85,472.0,1,1,X,0,0,1,1,0.5050505050505051,0.4949494949494949,0.2857142857142857,0.7142857142857143,0.1,0.9,0.8,0.19999999999999996,0.2236842105263158,0.7763157894736842,0.5,0.5,0.424366315369232,0.575633684630768,0.06669185716984696,0.9333081428301531,0.020000000000000018,-0.48,-3.0,-8.0,-336.0,-0.16999999999999993,0.0,-3.0,3.0,-409.21000000000004,-9.174000000000001,-409.21000000000004,0.086621515398968,3
2025-09-09,Burkina Faso,Egipto,0-0,,,0.7107999999999999,0.6966000000000001,0.55,0.45,0.0,2.0,3.0,2.0,1.0,1.0,12.0,17.0,2.0,0.0,1388.03,1518.79,4.42,4.48,2025.0,0.8356,405.1,0.8094000000000002,320.58,0,0,X,0,0,1,1,0.5050447633934915,0.49495523660650853,0.0,1.0,0.6,0.4,1.0,0.0,0.5582350347260501,0.4417649652739499,0.5,0.5,0.47750806723498535,0.5224919327650146,0.49662921348314604,0.503370786516854,0.014199999999999768,0.10000000000000003,-2.0,1.0,84.52000000000004,0.02619999999999978,0.0,-5.0,2.0,-130.76,-0.0600000000000005,-130.76,0.3202299893651376,1
2025-09-09,Cabo Verde,Camerún,1-0,,,0.9630000000000004,0.8350000000000002,0.39,0.61,4.0,2.0,2.0,7.0,2.0,2.0,17.0,11.0,2.0,3.0,1343.68,1466.97,2.1,8.28,2025.0,0.7760000000000001,267.04,0.8699999999999999,487.56,1,0,1,1,1,3,0,0.5355951056729701,0.4644048943270299,0.6666666666666666,0.33333333333333337,0.2222222222222222,0.7777777777777778,0.4,0.6,0.35388285184203555,0.6461171481579644,1.0,0.0,0.4780673509686372,0.5219326490313628,0.20231213872832374,0.7976878612716762,0.12800000000000022,-0.21999999999999997,2.0,-5.0,-220.51999999999998,-0.09399999999999975,0.0,6.0,-1.0,-123.28999999999996,-6.18,-123.28999999999996,0.3296619746665589,1
2025-09-09,RD Congo,Senegal,2-3,,,1.2442,1.7588000000000001,0.48,0.52,4.0,6.0,5.0,7.0,0.0,2.0,12.0,13.0,3.0,2.0,1412.1,1635.1,5.53,18.39,2025.0,0.8038000000000001,303.28,0.8248000000000001,324.62,2,3,2,-1,0,0,3,0.4143190143190143,0.5856809856809857,0.4,0.6,0.4166666666666667,0.5833333333333333,0.6,0.4,0.4830068482242395,0.5169931517757604,0.4,0.6,0.4634090312417957,0.5365909687582042,0.23118729096989965,0.7688127090301003,-0.5146000000000002,-0.040000000000000036,-2.0,-2.0,-21.340000000000032,-0.02100000000000002,-2.0,-1.0,1.0,-223.0,-12.86,-223.0,0.2169225565903239,1
2025-09-09,Sudáfrica,Nigeria,1-1,,,1.2412,0.8447999999999999,0.59,0.41,4.0,2.0,2.0,1.0,3.0,2.0,11.0,17.0,1.0,3.0,1443.31,1484.26,1.89,7.48,2025.0,0.8603999999999999,456.36,0.8161999999999998,306.58,1,1,X,0,0,1,1,0.5950143815915628,0.40498561840843716,0.6666666666666666,0.33333333333333337,0.6666666666666666,0.33333333333333337,0.25,0.75,0.5981597504390909,0.40184024956090914,0.5,0.5,0.4930061450281292,0.5069938549718709,0.20170757737459977,0.7982924226254002,0.3964000000000002,0.18,2.0,1.0,149.78000000000003,0.04420000000000013,1.0,-6.0,-2.0,-40.950000000000045,-5.590000000000001,-40.950000000000045,0.441339594848931,0
2025-09-09,Togo,Sudán,1-0,,,1.5031999999999994,0.3838,0.58,0.42,5.0,2.0,4.0,1.0,2.0,1.0,17.0,16.0,2.0,4.0,1149.49,1173.59,1.11,0.121,2025.0,0.8744000000000001,478.74,0.7938000000000001,299.92,1,0,1,1,1,3,0,0.7966083730789613,0.20339162692103874,0.7142857142857143,0.2857142857142857,0.8,0.19999999999999996,0.3333333333333333,0.6666666666666667,0.614825469396142,0.385174530603858,1.0,0.0,0.49481292077758837,0.5051870792224116,0.9017059301380991,0.09829406986190092,1.1193999999999995,0.15999999999999998,3.0,3.0,178.82,0.0806,1.0,1.0,-2.0,-24.09999999999991,0.9890000000000001,-24.09999999999991,0.4653728310773075,1
2025-09-09,Kenia,Seychelles,5-0,,,2.4884000000000004,0.8443999999999999,0.64,0.36,7.0,3.0,6.0,3.0,2.0,3.0,15.0,14.0,3.0,2.0,1179.06,820.71,0.135,0.045,2025.0,0.9014000000000003,500.1,0.7822,232.42,5,0,1,5,1,3,0,0.7466394623139703,0.25336053768602973,0.7,0.30000000000000004,0.6666666666666666,0.33333333333333337,0.6,0.4,0.6827117348331787,0.3172882651668213,1.0,0.0,0.589597803747431,0.410402196252569,0.7500000000000001,0.2499999999999999,1.6440000000000006,0.28,4.0,3.0,267.68000000000006,0.1192000000000003,-1.0,1.0,1.0,358.3499999999999,0.09000000000000001,358.3499999999999,0.8872374554006938,-1
2025-09-09,Namibia,Santo Tomé y Príncipe,3-0,,,2.7609999999999983,0.7261999999999997,0.65,0.35,10.0,2.0,15.0,4.0,3.0,1.0,16.0,12.0,2.0,7.0,1192.29,865.08,0.09,0.066,2025.0,0.8976000000000003,519.64,0.7862000000000005,248.6,3,0,1,3,1,3,0,0.791752695572379,0.20824730442762096,0.8333333333333334,0.16666666666666663,0.7894736842105263,0.21052631578947367,0.2222222222222222,0.7777777777777778,0.6764032073310423,0.3235967926689577,1.0,0.0,0.5795214278423424,0.4204785721576576,0.5769230769230769,0.42307692307692313,2.034799999999999,0.30000000000000004,8.0,11.0,271.03999999999996,0.11139999999999983,2.0,4.0,-5.0,327.2099999999999,0.023999999999999994,327.2099999999999,0.8680208948106286,-1
2025-09-09,Sierra Leona,Etiopía,2-0,,,1.6673999999999998,0.6342000000000001,0.65,0.35,5.0,3.0,4.0,2.0,0.94,1.44,2.0,8.0,3.0,3.0,1140.06,1060.62,0.559,0.126,2025.0,0.8893999999999999,557.8,0.7891999999999999,265.94,2,0,1,2,1,3,0,0.7244525547445255,0.2755474452554745,0.625,0.375,0.6666666666666666,0.33333333333333337,0.5,0.5,0.6771554131157889,0.32284458688421114,1.0,0.0,0.5180489666830252,0.48195103331697475,0.8160583941605839,0.1839416058394161,1.0331999999999997,0.30000000000000004,2.0,2.0,291.85999999999996,0.10019999999999996,-0.5,-6.0,0.0,79.44000000000005,0.43300000000000005,79.44000000000005,0.6123718991903498,0
2025-09-09,Tanzania,Níger,0-1,,,0.9616,0.5937999999999999,0.57,0.43,3.0,2.0,4.0,0.0,2.0,3.0,11.0,19.0,1.0,3.0,1209.23,1148.22,0.361,0.428,2025.0,0.8885999999999997,518.08,0.8447999999999998,363.26,0,1,2,-1,0,0,3,0.6182332518966183,0.38176674810338174,0.6,0.4,1.0,0.0,0.25,0.75,0.5878321646583612,0.4121678353416388,0.0,1.0,0.5129398290525781,0.48706017094742193,0.45754119138149557,0.5424588086185045,0.3678000000000001,0.13999999999999996,1.0,4.0,154.82000000000005,0.04379999999999995,-1.0,-8.0,-2.0,61.00999999999999,-0.067,61.00999999999999,0.5869089798102892,-1
2025-09-09,Zimbabue,Ruanda,0-1,,,1.2328,1.2107999999999997,0.63,0.37,3.0,6.0,10.0,0.0,1.0,4.0,13.0,16.0,5.0,3.0,1157.45,1125.47,1.21,0.232,2025.0,0.8478,454.56,0.7363999999999997,233.98,0,1,2,-1,0,0,3,0.5045015550826649,0.4954984449173351,0.3333333333333333,0.6666666666666667,1.0,0.0,0.625,0.375,0.6601795102681035,0.3398204897318965,0.0,1.0,0.5070041876193647,0.4929958123806353,0.8391123439667129,0.16088765603328714,0.02200000000000024,0.26,-3.0,10.0,220.58,0.11140000000000028,-3.0,-3.0,2.0,31.980000000000018,0.978,31.980000000000018,0.545893383103184,0
2025-09-09,Panamá,Guatemala,1-1,,,1.58,0.93,0.72,0.28,6.0,1.0,6.0,2.0,3.0,3.0,22.0,11.0,0.0,5.0,1545.08,1235.63,1.33,0.338,2025.0,0.86,420.0,0.63,121.0,1,1,X,0,0,1,1,0.6294820717131474,0.3705179282868526,0.8571428571428571,0.1428571428571429,0.75,0.25,0.0,1.0,0.7763401109057301,0.22365988909426993,0.5,0.5,0.5556422640260941,0.44435773597390593,0.7973621103117505,0.20263788968824947,0.65,0.43999999999999995,5.0,4.0,299.0,0.22999999999999998,0.0,11.0,-5.0,309.4499999999998,0.992,309.4499999999998,0.8558619282496323,-2
2025-09-09,Armenia,Irlanda,2-1,,,2.45,0.8,0.52,0.48,8.0,5.0,1.0,2.0,1.0,1.0,9.0,13.0,3.0,6.0,1204.78,1412.76,1.56,5.44,2025.0,0.82,352.0,0.77,304.0,2,1,1,1,1,3,0,0.7538461538461539,0.24615384615384606,0.6153846153846154,0.3846153846153846,0.3333333333333333,0.6666666666666667,0.3333333333333333,0.6666666666666667,0.5365853658536586,0.46341463414634143,0.6666666666666666,0.33333333333333337,0.4602718583097106,0.5397281416902894,0.22285714285714286,0.7771428571428571,1.6500000000000001,0.040000000000000036,3.0,-1.0,48.0,0.04999999999999993,0.0,-4.0,-3.0,-207.98000000000002,-3.8800000000000003,-207.98000000000002,0.23196850752605327,1
2025-09-10,Jamaica,Trinidad y Tobago,2-0,,,1.14,0.52,0.45,0.55,4.0,2.0,7.0,6.0,4.0,0.0,7.0,4.0,2.0,2.0,1362.97,1229.11,0.377,0.1,2025.0,0.75,227.0,0.79,286.0,2,0,1,2,1,3,0,0.6867469879518072,0.3132530120481928,0.6666666666666666,0.33333333333333337,0.5384615384615384,0.46153846153846156,0.5,0.5,0.442495126705653,0.5575048732943471,1.0,0.0,0.525820962315978,0.47417903768402203,0.790356394129979,0.20964360587002095,0.6199999999999999,-0.10000000000000003,2.0,1.0,-59.0,-0.040000000000000036,4.0,3.0,0.0,133.86000000000013,0.277,133.86000000000013,0.6836420424543755,-1
2025-09-10,Costa Rica,Haití,3-3,,,2.06,2.01,0.46,0.54,11.0,8.0,10.0,4.0,2.0,3.0,13.0,9.0,4.0,8.0,1493.85,1261.42,1.34,2.15,2025.0,0.77,246.0,0.83,321.0,3,3,X,0,0,1,1,0.5061425061425061,0.4938574938574939,0.5789473684210527,0.42105263157894735,0.7142857142857143,0.2857142857142857,0.3333333333333333,0.6666666666666667,0.43386243386243384,0.5661375661375662,0.5,0.5,0.5421791693736003,0.45782083062639967,0.3839541547277937,0.6160458452722063,0.050000000000000266,-0.08000000000000002,3.0,6.0,-75.0,-0.05999999999999994,-1.0,4.0,-4.0,232.42999999999984,-0.8099999999999998,232.42999999999984,0.7921566732496462,-1
2025-09-10,Bolivia,Brasil,1-0,,,1.84,0.34,0.42,0.58,10.0,3.0,5.0,4.0,0.0,2.0,18.0,9.0,3.0,9.0,1315.71,1777.69,0.669,35.7,2025.0,0.88,272.0,0.89,383.0,1,0,1,1,1,3,0,0.8440366972477064,0.15596330275229364,0.7692307692307693,0.23076923076923073,0.5555555555555556,0.4444444444444444,0.25,0.75,0.4152671755725191,0.584732824427481,1.0,0.0,0.4253281179284929,0.5746718820715071,0.01839478676895158,0.9816052132310484,1.5,-0.15999999999999998,7.0,1.0,-111.0,-0.010000000000000009,-2.0,9.0,-6.0,-461.98,-35.031000000000006,-461.98,0.0654137979183909,2
2025-09-10,Venezuela,Colombia,3-6,,,1.22,2.14,0.36,0.64,8.0,9.0,3.0,2.0,1.0,0.0,14.0,16.0,3.0,5.0,1477.02,1679.46,2.93,11.63,2025.0,0.78,223.0,0.84,432.0,3,6,2,-3,0,0,3,0.363095238095238,0.636904761904762,0.47058823529411764,0.5294117647058824,0.6,0.4,0.375,0.625,0.34045801526717556,0.6595419847328244,0.3333333333333333,0.6666666666666667,0.4679326338199513,0.5320673661800487,0.20123626373626374,0.7987637362637363,-0.9200000000000002,-0.28,-1.0,1.0,-209.0,-0.05999999999999994,1.0,-2.0,-2.0,-202.44000000000005,-8.700000000000001,-202.44000000000005,0.2376986390307297,1
2025-09-10,Perú,Paraguay,0-1,,,0.71,0.42,0.55,0.45,3.0,5.0,6.0,7.0,0.0,1.0,6.0,12.0,3.0,3.0,1489.97,1486.69,1.28,5.91,2025.0,0.83,424.0,0.8,339.0,0,1,2,-1,0,0,3,0.6283185840707964,0.37168141592920356,0.375,0.625,0.46153846153846156,0.5384615384615384,0.5,0.5,0.5557011795543906,0.4442988204456094,0.0,1.0,0.5005509530816419,0.4994490469183581,0.1780250347705146,0.8219749652294854,0.29,0.10000000000000003,-2.0,-1.0,85.0,0.029999999999999916,-1.0,-6.0,0.0,3.2799999999999727,-4.63,3.2799999999999727,0.5047201592135535,0
2025-09-10,Ecuador,Argentina,1-0,,,1.69,0.41,0.43,0.57,4.0,0.0,2.0,8.0,4.0,3.0,13.0,10.0,0.0,3.0,1570.68,1885.36,14.18,31.06,2025.0,0.86,359.0,0.89,488.0,1,0,1,1,1,3,0,0.8047619047619047,0.19523809523809532,1.0,0.0,0.2,0.8,0.0,1.0,0.42384887839433294,0.5761511216056671,1.0,0.0,0.45447390655200753,0.5455260934479924,0.3134394341290893,0.6865605658709106,1.28,-0.13999999999999996,4.0,-6.0,-129.0,-0.030000000000000027,1.0,3.0,-3.0,-314.67999999999984,-16.88,-314.67999999999984,0.14046373292727463,0
2025-09-10,Chile,Uruguay,0-0,,,1.62,0.22,0.5,0.5,3.0,3.0,8.0,3.0,1.0,1.0,8.0,14.0,2.0,3.0,1441.62,1670.76,2.67,13.82,2025.0,0.83,369.0,0.85,384.0,0,0,X,0,0,1,1,0.8804347826086957,0.11956521739130432,0.5,0.5,0.7272727272727273,0.2727272727272727,0.4,0.6,0.4900398406374502,0.5099601593625498,0.5,0.5,0.4631889422242785,0.5368110577757215,0.16191631291691932,0.8380836870830807,1.4000000000000001,0.0,0.0,5.0,-15.0,-0.020000000000000018,0.0,-6.0,-1.0,-229.1400000000001,-11.15,-229.1400000000001,0.2109787442209424,1
2025-09-10,Honduras,Nicaragua,2-0,,,1.35,0.52,0.57,0.43,5.0,1.0,6.0,3.0,1.0,1.0,11.0,13.0,1.0,3.0,1379.84,1120.02,0.805,0.172,2025.0,0.82,328.0,0.77,231.0,2,0,1,2,1,3,0,0.7219251336898396,0.27807486631016043,0.8333333333333334,0.16666666666666663,0.6666666666666666,0.33333333333333337,0.25,0.75,0.5867620751341681,0.4132379248658319,1.0,0.0,0.5519669101469683,0.4480330898530317,0.8239508700102354,0.17604912998976463,0.8300000000000001,0.13999999999999996,4.0,3.0,97.0,0.04999999999999993,0.0,-2.0,-2.0,259.81999999999994,0.633,259.81999999999994,0.8169239173014607,-2
2025-09-10,Curazao,Bermudas,3-2,,,2.85,1.08,0.65,0.35,10.0,3.0,10.0,3.0,2.0,1.0,11.0,16.0,1.0,5.0,1277.22,1000.04,0.991,0.013,2025.0,0.85,414.0,0.71,183.0,3,2,1,1,1,3,0,0.7251908396946565,0.2748091603053435,0.7692307692307693,0.23076923076923073,0.7692307692307693,0.23076923076923073,0.16666666666666666,0.8333333333333334,0.6934673366834171,0.3065326633165829,0.6,0.4,0.5608582243573417,0.4391417756426583,0.9870517928286853,0.01294820717131473,1.77,0.30000000000000004,7.0,7.0,231.0,0.14,1.0,-5.0,-4.0,277.18000000000006,0.978,277.18000000000006,0.8313992092682736,-1
2025-10-08,República Centroafricana,Ghana,0-5,,,0.34539999999999993,3.1030000000000006,0.36,0.64,0.0,11.0,2.0,9.0,2.0,1.0,10.0,8.0,7.02,0.0,1081.36,1340.84,0.336,9.01,2025.0,0.7774000000000001,247.0,0.8832000000000003,517.46,0,5,2,-5,0,0,3,0.10016239415381044,0.8998376058461895,0.0,1.0,0.18181818181818182,0.8181818181818181,1.0,0.0,0.32310389032781306,0.6768961096721869,0.0,1.0,0.4464371232763603,0.5535628767236397,0.03595120907340039,0.9640487909265996,-2.757600000000001,-0.28,-11.0,-7.0,-270.46000000000004,-0.10580000000000023,1.0,2.0,7.02,-259.48,-8.674,-259.48,0.1833689812116519,1
2025-10-08,Mauricio,Camerún,0-2,,,0.338,2.0806,0.38,0.62,2.0,6.0,0.0,3.0,2.0,1.0,15.0,14.0,3.9,1.62,912.24,1455.42,0.035,8.28,2025.0,0.7192000000000001,200.72,0.8622000000000001,471.7,0,2,2,-2,0,0,3,0.13975026875051683,0.8602497312494832,0.25,0.75,0.0,1.0,0.7065217391304348,0.2934782608695652,0.2985039112459475,0.7014960887540524,0.0,1.0,0.3852918071006817,0.6147081928993183,0.0042092603728202055,0.9957907396271798,-1.7426,-0.24,-4.0,-3.0,-270.98,-0.14300000000000002,1.0,1.0,2.28,-543.1800000000001,-8.245,-543.1800000000001,0.0420154023308665,2
2025-10-08,Libia,Cabo Verde,3-3,,,1.0487999999999997,1.2631999999999994,0.43,0.57,5.0,5.0,6.0,5.0,2.0,1.0,13.52,11.22,4.16,4.38,1179.57,1363.21,0.533,2.1,2025.0,0.7614000000000002,249.9,0.8117999999999997,345.6,3,3,X,0,0,1,1,0.4536332179930796,0.5463667820069205,0.5,0.5,0.5454545454545454,0.4545454545454546,0.4871194379391101,0.5128805620608898,0.419647355163728,0.580352644836272,0.5,0.5,0.4638899157614894,0.5361100842385106,0.20243068742878847,0.7975693125712116,-0.2143999999999997,-0.13999999999999996,0.0,1.0,-95.70000000000002,-0.050399999999999556,1.0,2.299999999999999,-0.21999999999999975,-183.6400000000001,-1.5670000000000002,-183.6400000000001,0.2578608202890001,1
2025-10-08,Etiopía,Guinea-Bisáu,1-0,,,0.7610000000000001,0.9595999999999999,0.42,0.58,2.0,2.0,3.0,4.0,3.0,1.0,15.1,13.76,1.48,1.48,1046.41,1126.81,0.126,1.64,2025.0,0.7647999999999999,229.3,0.8186000000000001,350.3,1,0,1,1,1,3,0,0.44228757410205743,0.5577124258979426,0.5,0.5,0.42857142857142855,0.5714285714285714,0.5,0.5,0.3956176673567978,0.6043823326432022,1.0,0.0,0.4815021028703951,0.5184978971296049,0.07134767836919592,0.928652321630804,-0.19859999999999978,-0.15999999999999998,0.0,-1.0,-121.0,-0.05380000000000018,2.0,1.3399999999999999,0.0,-80.39999999999986,-1.5139999999999998,-80.39999999999986,0.38631714901100495,0
2025-10-08,Eswatini,Angola,2-2,,,0.8766000000000002,2.1679999999999993,0.38,0.62,4.0,8.0,0.0,8.0,1.0,0.0,14.0,10.0,5.02,2.74,1010.06,1268.72,0.045,1.72,2025.0,0.7188000000000002,221.08,0.8494000000000002,441.68,2,2,X,0,0,1,1,0.28791959534914285,0.7120804046508571,0.3333333333333333,0.6666666666666667,0.0,1.0,0.6469072164948453,0.3530927835051547,0.33357474802341724,0.6664252519765828,0.5,0.5,0.44324594739290324,0.5567540526070968,0.025495750708215296,0.9745042492917847,-1.291399999999999,-0.24,-4.0,-8.0,-220.6,-0.13059999999999994,1.0,4.0,2.2799999999999994,-258.6600000000001,-1.675,-258.6600000000001,0.18407687820125254,1
2025-10-08,Omán,Catar,0-0,,,0.17,1.32,0.3,0.7,1.0,2.0,2.0,5.0,2.0,2.0,15.0,9.0,2.0,1.0,1320.34,1453.65,0.297,0.766,2025.0,0.73,193.0,0.86,529.0,0,0,X,0,0,1,1,0.11409395973154364,0.8859060402684563,0.3333333333333333,0.6666666666666667,0.2857142857142857,0.7142857142857143,0.6666666666666666,0.33333333333333337,0.2673130193905817,0.7326869806094183,0.5,0.5,0.4759714346482864,0.5240285653517136,0.2793979303857008,0.7206020696142992,-1.1500000000000001,-0.39999999999999997,-1.0,-3.0,-336.0,-0.13,0.0,6.0,1.0,-133.31000000000017,-0.46900000000000003,-133.31000000000017,0.3170430956648171,1
2025-10-08,Yibuti,Egipto,0-3,,,0.3707999999999999,2.5549999999999993,0.43,0.57,0.0,7.0,0.0,8.0,2.0,2.0,13.0,20.0,4.48,0.0,855.91,1519.18,0.029,4.48,2025.0,0.7746,266.2,0.8560000000000002,447.74,0,3,2,-3,0,0,3,0.12673456832319366,0.8732654316768064,0.0,1.0,0.0,1.0,1.0,0.0,0.3728604644648009,0.6271395355351991,0.0,1.0,0.36036950178730065,0.6396304982126993,0.006431581281880683,0.9935684187181193,-2.1841999999999993,-0.13999999999999996,-7.0,-8.0,-181.54000000000002,-0.08140000000000025,0.0,-7.0,4.48,-663.2700000000001,-4.4510000000000005,-663.2700000000001,0.02149745069077021,3
2025-10-08,Sierra Leona,Burkina Faso,0-1,,,1.921400000000001,1.7963999999999996,0.53,0.47,7.0,8.0,10.0,4.0,1.0,3.0,12.18,13.66,5.16,5.46,1150.1,1385.37,0.559,4.42,2025.0,0.8300000000000002,377.88,0.8250000000000002,337.96,0,1,2,-1,0,0,3,0.5168110172682772,0.48318898273172284,0.4666666666666667,0.5333333333333333,0.7142857142857143,0.2857142857142857,0.48587570621468923,0.5141242937853108,0.5278833258828789,0.4721166741171211,0.0,1.0,0.45360426272052123,0.5463957372794788,0.1122715404699739,0.8877284595300261,0.12500000000000155,0.06000000000000005,-1.0,6.0,39.920000000000016,0.0050000000000000044,-2.0,-1.4800000000000004,-0.2999999999999998,-235.26999999999998,-3.8609999999999998,-235.26999999999998,0.20516451492961957,2
2025-10-08,Indonesia,Arabia Saudí,2-3,,,2.92,2.95,0.45,0.55,5.0,10.0,3.0,5.0,3.0,3.0,18.0,9.0,7.0,3.0,1157.94,1420.65,0.85,1.56,2025.0,0.76,240.0,0.77,306.0,2,3,2,-1,0,0,3,0.49744463373083475,0.5025553662691653,0.3333333333333333,0.6666666666666667,0.375,0.625,0.7,0.30000000000000004,0.43956043956043955,0.5604395604395604,0.4,0.6,0.4490593696555094,0.5509406303444906,0.3526970954356846,0.6473029045643154,-0.03000000000000025,-0.10000000000000003,-5.0,-2.0,-66.0,-0.010000000000000009,0.0,9.0,4.0,-262.71000000000004,-0.7100000000000001,-262.71000000000004,0.18060109503398006,2
2025-10-08,Tanzania,Zambia,0-1,,,0.8120000000000002,1.0302,0.49,0.51,2.0,4.0,4.0,6.0,3.0,2.0,16.0,17.0,2.84,1.36,1199.45,1273.0,0.361,0.614,2025.0,0.8155999999999999,339.58,0.8210000000000001,345.2,0,1,2,-1,0,0,3,0.4407773314515254,0.5592226685484746,0.3333333333333333,0.6666666666666667,0.4,0.6,0.6761904761904761,0.3238095238095239,0.49589649230409766,0.5041035076959024,0.0,1.0,0.48512608950636016,0.5148739104936398,0.37025641025641026,0.6297435897435897,-0.21819999999999984,-0.020000000000000018,-2.0,-2.0,-5.6200000000000045,-0.005400000000000182,1.0,-1.0,1.4799999999999998,-73.54999999999995,-0.253,-73.54999999999995,0.39570635610692195,0
2025-10-08,Níger,Congo,3-1,,,2.092600000000001,0.6514000000000002,0.54,0.46,8.0,3.0,5.0,4.0,1.0,2.0,12.76,12.78,2.54,6.16,1160.33,1119.77,0.428,0.111,2025.0,0.8218000000000001,341.54,0.7686,272.32,3,1,1,2,1,3,0,0.7626093294460642,0.2373906705539358,0.7272727272727273,0.2727272727272727,0.5555555555555556,0.4444444444444444,0.29195402298850576,0.7080459770114942,0.5563809337633988,0.4436190662366012,0.75,0.25,0.5088943467391781,0.4911056532608219,0.7940630797773655,0.20593692022263455,1.4412000000000007,0.08000000000000002,5.0,1.0,69.22000000000003,0.053200000000000136,-1.0,-0.019999999999999574,-3.62,40.559999999999945,0.317,40.559999999999945,0.558106802573393,0
2025-10-08,Comores,Madagascar,1-2,,,1.077,0.7080000000000001,0.57,0.43,3.0,3.0,8.0,2.0,3.0,3.0,20.0,17.0,2.18,2.44,1201.83,1187.59,0.667,0.283,2025.0,0.8640000000000004,489.9,0.824,340.52,1,2,2,-1,0,0,3,0.6033613445378151,0.3966386554621849,0.5,0.5,0.8,0.19999999999999996,0.47186147186147187,0.5281385281385281,0.5899424387659257,0.41005756123407433,0.3333333333333333,0.6666666666666667,0.5029798026299269,0.4970201973700731,0.7021052631578948,0.2978947368421052,0.3689999999999999,0.13999999999999996,0.0,6.0,149.38,0.04000000000000048,0.0,3.0,-0.2599999999999998,14.240000000000009,0.38400000000000006,14.240000000000009,0.5204815399503302,0
2025-10-09,Botsuana,Uganda,0-1,,,0.5136,2.0547999999999997,0.43,0.57,1.0,7.0,3.0,5.0,3.0,0.0,12.0,10.76,4.3,0.78,1087.27,1287.61,0.117,0.297,2025.0,0.8154,311.82,0.8614000000000004,443.24,0,1,2,-1,0,0,3,0.1999688522037066,0.8000311477962934,0.125,0.875,0.375,0.625,0.8464566929133858,0.15354330708661423,0.4129738034063518,0.5870261965936482,0.0,1.0,0.4578210267466145,0.5421789732533855,0.28260869565217395,0.717391304347826,-1.5412,-0.13999999999999996,-6.0,-2.0,-131.42000000000002,-0.046000000000000374,3.0,1.2400000000000002,3.5199999999999996,-200.33999999999992,-0.18,-200.33999999999992,0.23989600476012338,1
2025-10-09,Liberia,Namibia,3-1,,,1.0632000000000001,0.42419999999999985,0.44,0.56,3.0,1.0,7.0,5.0,0.0,1.0,11.0,10.1,0.58,2.3,1065.62,1183.8,0.551,0.09,2025.0,0.7956,310.02,0.8282,417.2,3,1,1,2,1,3,0,0.7148043565954014,0.2851956434045986,0.75,0.25,0.5833333333333334,0.41666666666666663,0.2013888888888889,0.7986111111111112,0.4263084073595335,0.5736915926404664,0.75,0.25,0.47373100621493536,0.5262689937850646,0.859594383775351,0.14040561622464898,0.6390000000000002,-0.12000000000000005,2.0,2.0,-107.18,-0.03260000000000007,-1.0,0.9000000000000004,-1.7199999999999998,-118.18000000000006,0.4610000000000001,-118.18000000000006,0.3361946244436855,1
2025-10-09,Burundi,Kenia,0-1,,,0.9598,0.8240000000000001,0.49,0.51,3.0,3.0,1.0,3.0,0.0,3.0,7.0,16.0,1.74,2.08,1077.05,1181.64,0.377,0.135,2025.0,0.8114,356.5,0.8252000000000002,377.26,0,1,2,-1,0,0,3,0.5380648054714654,0.4619351945285346,0.5,0.5,0.25,0.75,0.45549738219895286,0.5445026178010471,0.4858536851286524,0.5141463148713477,0.0,1.0,0.47684719904015155,0.5231528009598485,0.736328125,0.263671875,0.13579999999999992,-0.020000000000000018,0.0,-2.0,-20.75999999999999,-0.013800000000000145,-3.0,-9.0,-0.3400000000000001,-104.59000000000015,0.242,-104.59000000000015,0.35387061064220937,1
2025-10-09,Somalia,Argelia,0-3,,,0.3459999999999999,3.1072,0.37,0.63,1.0,9.0,3.0,17.0,1.0,1.0,9.34,11.26,5.4,0.5,824.76,1500.74,0.04,9.88,2025.0,0.7148,184.1,0.8694,488.2,0,3,2,-3,0,0,3,0.10019691879995364,0.8998030812000464,0.1,0.9,0.15,0.85,0.9152542372881356,0.0847457627118644,0.273836085081065,0.726163914918935,0.0,1.0,0.3546592130724575,0.6453407869275425,0.004032258064516129,0.9959677419354839,-2.7612,-0.26,-8.0,-14.0,-304.1,-0.15459999999999996,0.0,-1.92,4.9,-675.98,-9.840000000000002,-675.98,0.02001110877706705,2
2025-10-09,Finlandia,Lituania,2-1,,,1.35,0.88,0.5,0.5,7.0,3.0,5.0,1.0,2.0,1.0,21.0,13.0,2.0,5.0,1358.72,1065.34,1.55,0.703,2025.0,0.86,365.0,0.84,363.0,2,1,1,1,1,3,0,0.6053811659192826,0.3946188340807174,0.7,0.30000000000000004,0.8333333333333334,0.16666666666666663,0.2857142857142857,0.7142857142857143,0.5013736263736264,0.49862637362637363,0.6666666666666666,0.33333333333333337,0.5605141786919466,0.43948582130805336,0.6879715934309809,0.3120284065690191,0.4700000000000001,0.0,4.0,4.0,2.0,0.020000000000000018,1.0,8.0,-3.0,293.3800000000001,0.8470000000000001,293.3800000000001,0.8440703679327519,-2
2025-10-09,Mozambique,Guinea,1-2,,,0.8996000000000005,1.4278,0.5,0.5,2.0,5.0,5.0,2.0,0.0,2.0,15.0,14.0,3.24,1.54,1234.04,1299.49,0.059,2.47,2025.0,0.8156000000000002,361.16,0.8102000000000003,359.44,1,2,2,-1,0,0,3,0.3865257368737649,0.6134742631262351,0.2857142857142857,0.7142857142857143,0.7142857142857143,0.2857142857142857,0.6778242677824268,0.32217573221757323,0.5011934499028587,0.49880655009714125,0.3333333333333333,0.6666666666666667,0.4870832395906108,0.5129167604093892,0.023329379201265318,0.9766706207987347,-0.5281999999999994,0.0,-3.0,3.0,1.7200000000000273,0.00539999999999996,-2.0,1.0,1.7000000000000002,-65.45000000000005,-2.411,-65.45000000000005,0.4069084654842288,0
2025-10-09,República Checa,Croacia,0-0,,,0.63,0.77,0.42,0.58,2.0,2.0,5.0,6.0,0.0,2.0,17.0,8.0,2.0,2.0,1500.29,1714.2,7.24,14.9,2025.0,0.73,223.0,0.82,342.0,0,0,X,0,0,1,1,0.45,0.55,0.5,0.5,0.45454545454545453,0.5454545454545454,0.5,0.5,0.39469026548672564,0.6053097345132743,0.5,0.5,0.46672722578076153,0.5332727742192385,0.32700993676603435,0.6729900632339656,-0.14,-0.15999999999999998,0.0,-1.0,-119.0,-0.08999999999999997,-2.0,9.0,0.0,-213.91000000000008,-7.66,-213.91000000000008,0.22594261805387567,1
2025-10-09,Escocia,Grecia,3-1,,,1.3,1.67,0.33,0.67,3.0,3.0,4.0,4.0,2.0,4.0,12.0,19.0,2.0,0.0,1485.08,1494.72,6.55,11.02,2025.0,0.84,247.0,0.91,553.0,3,1,1,2,1,3,0,0.43771043771043777,0.5622895622895623,0.5,0.5,0.5,0.5,1.0,0.0,0.30875,0.6912499999999999,0.75,0.25,0.4983824417746157,0.5016175582253843,0.37279453614114966,0.6272054638588503,-0.3699999999999999,-0.34,0.0,0.0,-306.0,-0.07000000000000006,-2.0,-7.0,2.0,-9.6400000000001,-4.47,-9.6400000000001,0.48613048377581036,0
2025-10-09,Chipre,Bosnia-Herzegovina,2-2,,,2.15,1.5,0.64,0.36,3.0,6.0,3.0,5.0,2.0,4.0,16.0,19.0,5.0,1.0,1128.1,1344.25,0.737,5.63,2025.0,0.86,442.0,0.7,201.0,2,2,X,0,0,1,1,0.589041095890411,0.410958904109589,0.3333333333333333,0.6666666666666667,0.375,0.625,0.8333333333333334,0.16666666666666663,0.687402799377916,0.31259720062208396,0.5,0.5,0.4562865290108601,0.5437134709891399,0.11575310193183602,0.8842468980681639,0.6499999999999999,0.28,-3.0,-2.0,241.0,0.16000000000000003,-2.0,-3.0,4.0,-216.1500000000001,-4.893,-216.1500000000001,0.22369544242087178,1
2025-10-09,Bielorrusia,Dinamarca,0-6,,,0.32,4.72,0.23,0.77,1.0,11.0,4.0,7.0,2.0,1.0,10.0,9.0,6.0,1.0,1223.54,1627.64,0.641,15.87,2025.0,0.67,171.0,0.91,767.0,0,6,2,-6,0,0,3,0.06349206349206349,0.9365079365079365,0.08333333333333333,0.9166666666666666,0.36363636363636365,0.6363636363636364,0.8571428571428571,0.1428571428571429,0.18230277185501065,0.8176972281449894,0.0,1.0,0.4291346039183776,0.5708653960816223,0.038822603113076136,0.9611773968869238,-4.3999999999999995,-0.54,-10.0,-3.0,-596.0,-0.24,1.0,1.0,5.0,-404.10000000000014,-15.229,-404.10000000000014,0.0889772954124035,2
2025-10-09,Austria,San Marino,10-0,,,5.84,0.46,0.71,0.29,14.0,1.0,4.0,2.0,1.0,3.0,14.0,9.0,1.0,4.0,1601.86,733.23,9.43,0.044,2025.0,0.88,468.0,0.68,146.0,10,0,1,10,1,3,0,0.926984126984127,0.07301587301587298,0.9333333333333333,0.06666666666666665,0.6666666666666666,0.33333333333333337,0.2,0.8,0.762214983713355,0.23778501628664495,1.0,0.0,0.6859949723565257,0.31400502764347427,0.99535571036521,0.004644289634790022,5.38,0.42,13.0,2.0,322.0,0.19999999999999996,-2.0,5.0,-3.0,868.6299999999999,9.386,868.6299999999999,0.993308719318735,-3
2025-10-09,Malta,Países Bajos,0-4,,,0.36,3.4,0.37,0.63,0.0,8.0,1.0,6.0,5.0,2.0,15.0,6.0,4.0,0.0,982.43,1754.17,0.554,29.01,2025.0,0.78,235.0,0.91,464.0,0,4,2,-4,0,0,3,0.09574468085106383,0.9042553191489362,0.0,1.0,0.14285714285714285,0.8571428571428572,1.0,0.0,0.3361945636623748,0.6638054363376251,0.0,1.0,0.3589965650807571,0.6410034349192428,0.01873900690028413,0.9812609930997158,-3.04,-0.26,-8.0,-5.0,-229.0,-0.13,3.0,9.0,4.0,-771.7400000000001,-28.456000000000003,-771.7400000000001,0.011629731093569465,3
2025-10-09,Islas Feroe,Montenegro,4-0,,,2.57,0.46,0.41,0.59,6.0,3.0,7.0,2.0,0.0,2.0,9.0,18.0,3.0,3.0,1094.46,1314.05,0.222,2.48,2025.0,0.76,226.0,0.84,382.0,4,0,1,4,1,3,0,0.8481848184818482,0.15181518151815176,0.6666666666666666,0.33333333333333337,0.7777777777777778,0.2222222222222222,0.5,0.5,0.3717105263157895,0.6282894736842105,1.0,0.0,0.4544137246679482,0.5455862753320517,0.08216136195410807,0.9178386380458919,2.11,-0.18,3.0,5.0,-156.0,-0.07999999999999996,-2.0,-9.0,0.0,-219.58999999999992,-2.258,-219.58999999999992,0.22027549400531043,1
2025-10-10,Suecia,Suiza,0-2,,,0.91,2.14,0.4,0.6,0.0,8.0,4.0,9.0,1.0,1.0,13.0,10.0,4.0,0.0,1524.62,1648.3,15.62,12.79,2025.0,0.79,296.0,0.85,468.0,0,2,2,-2,0,0,3,0.2983606557377049,0.701639344262295,0.0,1.0,0.3076923076923077,0.6923076923076923,1.0,0.0,0.387434554973822,0.6125654450261779,0.0,1.0,0.480510066437225,0.519489933562775,0.5498064061950018,0.45019359380499824,-1.23,-0.19999999999999996,-8.0,-5.0,-172.0,-0.05999999999999994,0.0,3.0,4.0,-123.68000000000006,2.83,-123.68000000000006,0.32916604877168903,0
2025-10-10,Kosovo,Eslovenia,0-0,,,0.26,0.77,0.39,0.61,0.0,2.0,2.0,4.0,2.0,2.0,10.0,12.0,2.0,0.0,1262.1,1462.96,5.46,4.02,2025.0,0.81,295.0,0.87,508.0,0,0,X,0,0,1,1,0.2524271844660194,0.7475728155339806,0.0,1.0,0.3333333333333333,0.6666666666666667,1.0,0.0,0.36737235367372356,0.6326276463262764,0.5,0.5,0.46314576559782167,0.5368542344021783,0.5759493670886076,0.42405063291139244,-0.51,-0.21999999999999997,-2.0,-2.0,-213.0,-0.05999999999999994,0.0,-2.0,2.0,-200.86000000000013,1.4400000000000004,-200.86000000000013,0.23935060273788597,1
2025-10-10,Islandia,Ucrania,3-5,,,0.98,1.0,0.65,0.35,5.0,7.0,4.0,2.0,1.0,4.0,11.0,13.0,1.0,1.0,1343.09,1543.06,3.71,9.88,2025.0,0.86,555.0,0.73,252.0,3,5,2,-2,0,0,3,0.494949494949495,0.505050505050505,0.4166666666666667,0.5833333333333333,0.6666666666666666,0.33333333333333337,0.5,0.5,0.6877323420074349,0.31226765799256506,0.375,0.625,0.46535696342878924,0.5346430365712107,0.2729948491537896,0.7270051508462104,-0.020000000000000018,0.30000000000000004,-2.0,2.0,303.0,0.13,-3.0,-2.0,0.0,-199.97000000000003,-6.170000000000001,-199.97000000000003,0.24028459684520978,2
2025-10-10,Irlanda del Norte,Eslovaquia,2-0,,,0.72,0.64,0.38,0.62,4.0,2.0,6.0,4.0,2.0,0.0,14.0,12.0,2.0,4.0,1355.98,1491.87,3.47,2.3,2025.0,0.7,210.0,0.81,409.0,2,0,1,2,1,3,0,0.5294117647058824,0.47058823529411764,0.6666666666666666,0.33333333333333337,0.6,0.4,0.3333333333333333,0.6666666666666667,0.3392568659127625,0.6607431340872375,1.0,0.0,0.47614165071896347,0.5238583492810365,0.6013864818024264,0.3986135181975736,0.07999999999999996,-0.24,2.0,2.0,-199.0,-0.1100000000000001,2.0,2.0,-2.0,-135.88999999999987,1.1700000000000004,-135.88999999999987,0.31383608377267813,0
2025-10-10,Francia,Azerbaiyán,3-0,,,2.4,0.04,0.77,0.23,9.0,0.0,10.0,0.0,1.0,2.0,8.0,14.0,0.0,6.0,1870.92,1148.09,58.58,0.706,2025.0,0.91,649.0,0.67,148.0,3,0,1,3,1,3,0,0.9836065573770492,0.016393442622950838,1.0,0.0,1.0,0.0,0.0,1.0,0.8143036386449184,0.1856963613550816,1.0,0.0,0.6197130847529488,0.38028691524705116,0.9880916236548257,0.011908376345174276,2.36,0.54,9.0,10.0,501.0,0.24,-1.0,-6.0,-6.0,722.8300000000002,57.873999999999995,722.8300000000002,0.9846465714235045,-3
2025-10-10,Bélgica,Macedonia del Norte,0-0,,,3.2,0.06,0.78,0.22,5.0,0.0,13.0,2.0,3.0,2.0,15.0,8.0,0.0,5.0,1739.54,1388.5,21.06,1.38,2025.0,0.88,608.0,0.63,128.0,0,0,X,0,0,1,1,0.9815950920245399,0.018404907975460127,1.0,0.0,0.8666666666666667,0.1333333333333333,0.0,1.0,0.8260869565217391,0.17391304347826086,0.5,0.5,0.5561118144269255,0.4438881855730745,0.9385026737967915,0.06149732620320847,3.14,0.56,5.0,11.0,480.0,0.25,1.0,7.0,-5.0,351.03999999999996,19.68,351.03999999999996,0.8829584017975064,-1
2025-10-10,Alemania,Luxemburgo,4-0,,,3.86,0.01,0.84,0.16,8.0,1.0,7.0,0.0,0.0,1.0,10.0,5.0,1.0,4.0,1704.27,1242.61,36.42,0.639,2025.0,0.91,735.0,0.57,87.0,4,0,1,4,1,3,0,0.9974160206718347,0.0025839793281653423,0.8888888888888888,0.11111111111111116,1.0,0.0,0.2,0.8,0.8941605839416058,0.1058394160583942,1.0,0.0,0.578330301878597,0.421669698121403,0.9827572249655954,0.017242775034404634,3.85,0.6799999999999999,7.0,7.0,648.0,0.3400000000000001,-1.0,5.0,-3.0,461.6600000000001,35.781,461.6600000000001,0.9344734973651116,-2
2025-10-10,Lesoto,Nigeria,1-2,,,0.3764,3.7870000000000017,0.37,0.63,2.0,11.0,2.0,5.0,0.0,1.0,9.0,12.0,7.38,1.82,1034.1,1483.86,0.025,7.48,2025.0,0.7970000000000005,258.98,1.0093999999999996,549.98,1,2,2,-1,0,0,3,0.09040687899313057,0.9095931210068694,0.15384615384615385,0.8461538461538461,0.2857142857142857,0.7142857142857143,0.8021739130434783,0.1978260869565217,0.3201394382911392,0.6798605617088608,0.3333333333333333,0.6666666666666667,0.41068960587141967,0.5893103941285803,0.003331112591605596,0.9966688874083944,-3.410600000000002,-0.26,-9.0,-3.0,-291.0,-0.21239999999999915,-1.0,-3.0,5.56,-449.76,-7.455,-449.76,0.06984799237140787,2
2025-10-10,Zimbabue,Sudáfrica,0-0,,,0.8439999999999999,1.1765999999999999,0.5,0.5,2.0,2.0,4.0,14.0,4.0,2.0,10.0,14.0,0.8,1.32,1133.75,1448.67,1.21,1.89,2025.0,0.8152000000000001,342.66,0.8253999999999999,340.48,0,0,X,0,0,1,1,0.4176977135504305,0.5823022864495695,0.5,0.5,0.2222222222222222,0.7777777777777778,0.37735849056603776,0.6226415094339622,0.5015955733817372,0.4984044266182628,0.5,0.5,0.43902618474144406,0.5609738152585559,0.39032258064516134,0.6096774193548387,-0.3326,0.0,0.0,-10.0,2.180000000000007,-0.010199999999999765,2.0,-4.0,-0.52,-314.9200000000001,-0.6799999999999999,-314.9200000000001,0.14029701603209344,2
2025-10-10,Kazajistán,Liechtenstein,4-0,,,3.0,0.58,0.69,0.31,10.0,2.0,9.0,1.0,2.0,2.0,12.0,15.0,1.0,6.0,1158.06,808.48,0.652,0.026,2025.0,0.94,521.0,0.73,183.0,4,0,1,4,1,3,0,0.8379888268156425,0.16201117318435754,0.8333333333333334,0.16666666666666663,0.9,0.09999999999999998,0.14285714285714285,0.8571428571428572,0.7400568181818182,0.25994318181818177,1.0,0.0,0.5888819957895594,0.41111800421044065,0.9616519174041298,0.03834808259587019,2.42,0.37999999999999995,8.0,8.0,338.0,0.20999999999999996,0.0,-3.0,-5.0,349.5799999999999,0.626,349.5799999999999,0.8820870640515076,0
2025-10-10,Gambia,Gabón,3-4,,,1.3684,1.4335999999999998,0.57,0.43,4.0,5.0,6.0,4.0,3.0,5.0,13.04,15.26,3.92,2.96,1165.93,1314.06,3.43,1.01,2025.0,0.8819999999999998,508.54,0.8426000000000002,347.38,3,4,2,-1,0,0,3,0.4883654532476803,0.5116345467523197,0.4444444444444444,0.5555555555555556,0.6,0.4,0.5697674418604651,0.43023255813953487,0.5941443125525749,0.40585568744742506,0.42857142857142855,0.5714285714285714,0.4701349602216139,0.5298650397783862,0.7725225225225225,0.22747747747747749,-0.0651999999999997,0.13999999999999996,-1.0,2.0,161.16000000000003,0.039399999999999546,-2.0,-2.2200000000000006,0.96,-148.12999999999988,2.42,-148.12999999999988,0.29886576683799243,1
2025-10-10,Seychelles,Costa de Marfil,0-7,,,0.24240000000000006,3.982600000000001,0.28,0.72,1.0,17.0,2.0,16.0,3.0,0.0,15.2,9.14,7.18,0.74,812.32,1483.9,0.045,20.08,2025.0,0.6946000000000002,155.38,0.8921999999999999,568.42,0,7,2,-7,0,0,3,0.05737278106508875,0.9426272189349112,0.05555555555555555,0.9444444444444444,0.1111111111111111,0.8888888888888888,0.9065656565656566,0.09343434343434343,0.21467256148107214,0.7853274385189278,0.0,1.0,0.3537640121591137,0.6462359878408863,0.0022360248447204968,0.9977639751552795,-3.740200000000001,-0.43999999999999995,-16.0,-14.0,-413.03999999999996,-0.19759999999999966,3.0,6.059999999999999,6.4399999999999995,-671.58,-20.034999999999997,-671.58,0.0205139019959298,2
2025-10-10,Sudán,Mauritania,0-0,,,0.7022000000000003,0.8445999999999999,0.55,0.45,0.0,2.0,5.0,0.0,2.0,2.0,10.0,4.0,0.7,0.04,1163.56,1183.28,0.121,1.01,2025.0,0.8278,383.6,0.7951999999999999,312.54,0,0,X,0,0,1,1,0.4539694853891907,0.5460305146108093,0.0,1.0,1.0,0.0,0.9459459459459459,0.05405405405405406,0.5510385841928347,0.4489614158071653,0.5,0.5,0.49579860578479995,0.5042013942152,0.10698496905393456,0.8930150309460654,-0.14239999999999964,0.10000000000000003,-2.0,5.0,71.06,0.03260000000000007,0.0,6.0,0.6599999999999999,-19.720000000000027,-0.889,-19.720000000000027,0.4716510747105548,1
2025-10-10,Sudán del Sur,Senegal,0-5,,,0.28759999999999997,2.3469999999999995,0.32,0.68,0.0,5.0,0.0,5.0,1.0,0.0,9.0,9.0,2.82,0.0,976.56,1645.23,0.064,18.39,2025.0,0.7942000000000001,248.5,0.8994000000000005,599.04,0,5,2,-5,0,0,3,0.10916268124193428,0.8908373187580657,0.0,1.0,0.0,1.0,1.0,0.0,0.2932015008141209,0.7067984991858791,0.0,1.0,0.37247834494753584,0.6275216550524642,0.0034680828004768614,0.9965319171995232,-2.0593999999999997,-0.36000000000000004,-5.0,-5.0,-350.53999999999996,-0.1052000000000004,1.0,0.0,2.82,-668.6700000000001,-18.326,-668.6700000000001,0.020853204720708115,3
2025-10-10,Togo,RD Congo,0-1,,,0.9378,0.5131999999999998,0.59,0.41,2.0,1.0,5.0,2.0,0.0,2.0,8.0,30.0,0.52,1.54,1151.08,1407.6,1.11,5.53,2025.0,0.8152000000000001,385.12,0.7447999999999999,231.46,0,1,2,-1,0,0,3,0.6463128876636803,0.35368711233631966,0.6666666666666666,0.33333333333333337,0.7142857142857143,0.2857142857142857,0.2524271844660194,0.7475728155339806,0.6246067014823704,0.3753932985176296,0.0,1.0,0.4498725905545047,0.5501274094454953,0.16716867469879518,0.8328313253012049,0.4246000000000002,0.18,1.0,3.0,153.66,0.07040000000000024,-2.0,-22.0,-1.02,-256.52,-4.42,-256.52,0.18593428026703318,2
2025-10-10,Honduras,Costa Rica,0-0,,,0.48,0.6,0.72,0.28,1.0,1.0,2.0,0.0,2.0,3.0,17.0,16.0,1.0,1.0,1383.98,1481.13,0.805,1.34,2025.0,0.86,481.0,0.65,135.0,0,0,X,0,0,1,1,0.4444444444444444,0.5555555555555556,0.5,0.5,1.0,0.0,0.5,0.5,0.7808441558441559,0.2191558441558441,0.5,0.5,0.4830460261560638,0.5169539738439362,0.3752913752913753,0.6247086247086246,-0.12,0.43999999999999995,0.0,2.0,346.0,0.20999999999999996,-1.0,1.0,0.0,-97.15000000000009,-0.535,-97.15000000000009,0.36372324525093985,0
2025-10-10,Nicaragua,Haití,0-3,,,0.61,0.97,0.56,0.44,3.0,6.0,7.0,7.0,1.0,2.0,11.0,15.0,3.0,3.0,1120.78,1269.24,0.172,2.15,2025.0,0.85,322.0,0.77,237.0,0,3,2,-3,0,0,3,0.38607594936708856,0.6139240506329114,0.3333333333333333,0.6666666666666667,0.5,0.5,0.5,0.5,0.5760286225402504,0.42397137745974955,0.0,1.0,0.4689416824963808,0.5310583175036192,0.07407407407407407,0.9259259259259259,-0.36,0.12000000000000005,-3.0,0.0,85.0,0.07999999999999996,-1.0,-4.0,0.0,-148.46000000000004,-1.978,-148.46000000000004,0.2984678604172488,1
2025-10-10,Ruanda,Benín,0-1,,,0.7696000000000002,0.3734,0.59,0.41,2.0,1.0,2.0,4.0,0.0,3.0,8.0,10.0,0.66,1.7,1133.5,1257.3,0.232,0.723,2025.0,0.8316000000000001,419.3,0.7880000000000003,288.44,0,1,2,-1,0,0,3,0.67331583552056,0.32668416447944004,0.6666666666666666,0.33333333333333337,0.3333333333333333,0.6666666666666667,0.2796610169491526,0.7203389830508474,0.5924492045101308,0.40755079548986917,0.0,1.0,0.47410908482516306,0.525890915174837,0.2429319371727749,0.757068062827225,0.39620000000000016,0.18,1.0,-2.0,130.86,0.04359999999999986,-3.0,-2.0,-1.04,-123.79999999999995,-0.491,-123.79999999999995,0.3290135326519154,1
2025-10-10,Surinam,Guatemala,1-1,,,0.47,0.3,0.64,0.36,5.0,2.0,6.0,3.0,1.0,1.0,11.0,10.0,1.0,4.0,1125.21,1230.73,1.38,0.338,2025.0,0.84,425.0,0.73,209.0,1,1,X,0,0,1,1,0.6103896103896104,0.38961038961038963,0.7142857142857143,0.2857142857142857,0.6666666666666666,0.33333333333333337,0.2,0.8,0.6703470031545742,0.3296529968454258,0.5,0.5,0.4776055417370561,0.5223944582629438,0.8032596041909196,0.19674039580908043,0.16999999999999998,0.28,3.0,3.0,216.0,0.10999999999999999,0.0,1.0,-3.0,-105.51999999999998,1.0419999999999998,-105.51999999999998,0.3526475105963468,1
2025-10-10,Santo Tomé y Príncipe,Túnez,0-6,,,0.9659999999999997,3.3804000000000003,0.34,0.66,4.0,12.0,3.0,7.0,1.0,1.0,13.0,20.0,7.66,2.94,854.76,1483.02,0.066,2.69,2025.0,0.7812000000000003,237.44,0.8757999999999998,510.96,0,6,2,-6,0,0,3,0.22225289895085582,0.7777471010491441,0.25,0.75,0.3,0.7,0.7226415094339623,0.2773584905660377,0.3172634954569749,0.6827365045430251,0.0,1.0,0.3656289300105228,0.6343710699894771,0.023947750362844706,0.9760522496371553,-2.4144000000000005,-0.32,-8.0,-4.0,-273.52,-0.09459999999999946,0.0,-7.0,4.720000000000001,-628.26,-2.624,-628.26,0.02617172686594934,2
2025-10-11,Bermudas,Trinidad y Tobago,0-3,,,0.91,2.99,0.47,0.53,4.0,8.0,3.0,3.0,1.0,1.0,12.0,14.0,5.0,4.0,988.72,1220.99,0.013,0.1,2025.0,0.78,262.0,0.8,303.0,0,3,2,-3,0,0,3,0.2333333333333333,0.7666666666666667,0.3333333333333333,0.6666666666666667,0.5,0.5,0.5555555555555556,0.4444444444444444,0.46371681415929206,0.536283185840708,0.0,1.0,0.44744332966769396,0.552556670332306,0.1150442477876106,0.8849557522123894,-2.08,-0.06000000000000005,-4.0,0.0,-41.0,-0.020000000000000018,0.0,-2.0,1.0,-232.26999999999998,-0.08700000000000001,-232.26999999999998,0.2079950107242296,1
2025-10-11,Letonia,Andorra,2-2,,,1.22,0.55,0.7,0.3,2.0,2.0,5.0,1.0,1.0,3.0,7.0,13.0,0.0,0.0,1088.8,954.68,0.329,0.137,2025.0,0.85,517.0,0.7,178.0,2,2,X,0,0,1,1,0.6892655367231638,0.3107344632768362,0.5,0.5,0.8333333333333334,0.16666666666666663,0.5,0.5,0.7438848920863309,0.2561151079136691,0.5,0.5,0.532816567815687,0.467183432184313,0.7060085836909871,0.29399141630901293,0.6699999999999999,0.39999999999999997,0.0,4.0,339.0,0.15000000000000002,-2.0,-6.0,0.0,134.12,0.192,134.12,0.683965648882145,0
2025-10-11,Noruega,Israel,5-0,,,2.26,0.15,0.54,0.46,5.0,1.0,5.0,1.0,0.0,1.0,10.0,11.0,1.0,2.0,1526.23,1337.4,22.69,2.96,2025.0,0.9,427.0,0.87,353.0,5,0,1,5,1,3,0,0.9377593360995851,0.06224066390041494,0.8333333333333334,0.16666666666666663,0.8333333333333334,0.16666666666666663,0.3333333333333333,0.6666666666666667,0.5474358974358975,0.4525641025641025,1.0,0.0,0.5329703907278524,0.46702960927214765,0.8846003898635477,0.11539961013645228,2.11,0.08000000000000002,4.0,4.0,74.0,0.030000000000000027,-1.0,-1.0,-1.0,188.82999999999993,19.73,188.82999999999993,0.7478150342758576,-2
2025-10-11,Hungría,Armenia,2-0,,,1.73,0.46,0.67,0.33,4.0,2.0,10.0,1.0,0.0,1.0,9.0,10.0,2.0,2.0,1492.18,1219.55,7.21,1.56,2025.0,0.88,531.0,0.78,238.0,2,0,1,2,1,3,0,0.7899543378995434,0.2100456621004566,0.6666666666666666,0.33333333333333337,0.9090909090909091,0.09090909090909094,0.5,0.5,0.6905071521456437,0.30949284785435627,1.0,0.0,0.5502686476898512,0.4497313523101488,0.82212086659065,0.17787913340935002,1.27,0.34,2.0,9.0,293.0,0.09999999999999998,-1.0,-1.0,0.0,272.6300000000001,5.65,272.6300000000001,0.8276958368669832,-1
2025-10-11,Emiratos Árabes Unidos,Omán,2-1,,,0.93,0.84,0.62,0.38,4.0,2.0,6.0,4.0,1.0,3.0,12.0,12.0,2.0,2.0,1379.86,1320.34,1.21,0.297,2025.0,0.84,446.0,0.75,236.0,2,1,1,1,1,3,0,0.5254237288135594,0.47457627118644063,0.6666666666666666,0.33333333333333337,0.6,0.4,0.5,0.5,0.6539589442815249,0.3460410557184751,0.6666666666666666,0.33333333333333337,0.511021405821791,0.488978594178209,0.8029197080291971,0.1970802919708029,0.09000000000000008,0.24,2.0,2.0,210.0,0.08999999999999997,-2.0,0.0,0.0,59.51999999999998,0.913,59.51999999999998,0.5848279434580064,-1
2025-10-11,Serbia,Albania,0-1,,,1.56,0.69,0.55,0.45,6.0,3.0,4.0,2.0,2.0,3.0,19.0,14.0,2.0,6.0,1520.9,1380.66,7.76,3.42,2025.0,0.82,361.0,0.78,294.0,0,1,2,-1,0,0,3,0.6933333333333334,0.30666666666666664,0.6666666666666666,0.33333333333333337,0.6666666666666666,0.33333333333333337,0.25,0.75,0.5511450381679389,0.4488549618320611,0.0,1.0,0.5241663105364011,0.47583368946359894,0.6940966010733453,0.30590339892665475,0.8700000000000001,0.10000000000000003,3.0,2.0,67.0,0.039999999999999925,-1.0,5.0,-4.0,140.24,4.34,140.24,0.6915309371778099,-1
2025-10-11,Portugal,Irlanda,1-0,,,2.97,0.08,0.7,0.3,6.0,0.0,9.0,0.0,2.0,5.0,6.0,9.0,0.0,5.0,1779.55,1397.52,38.67,5.44,2025.0,0.92,618.0,0.77,226.0,1,0,1,1,1,3,0,0.9737704918032787,0.02622950819672132,1.0,0.0,1.0,0.0,0.0,1.0,0.7322274881516587,0.2677725118483413,1.0,0.0,0.5601230064178631,0.43987699358213694,0.8766719564724553,0.12332804352754467,2.89,0.39999999999999997,6.0,9.0,392.0,0.15000000000000002,-3.0,-3.0,-5.0,382.03,33.230000000000004,382.03,0.9001723870010685,-1
2025-10-11,Estonia,Italia,1-3,,,0.97,2.31,0.36,0.64,1.0,9.0,0.0,8.0,4.0,3.0,22.0,9.0,6.0,0.0,1127.2,1710.06,0.516,13.73,2025.0,0.76,247.0,0.88,507.0,1,3,2,-2,0,0,3,0.29573170731707316,0.7042682926829269,0.1,0.9,0.0,1.0,1.0,0.0,0.3275862068965517,0.6724137931034483,0.25,0.75,0.3972847042569239,0.6027152957430761,0.036220693528007865,0.9637793064719922,-1.34,-0.28,-8.0,-8.0,-260.0,-0.12,1.0,13.0,6.0,-582.8599999999999,-13.214,-582.8599999999999,0.0337249088342209,3
2025-10-11,España,Georgia,2-0,,,3.83,0.01,0.83,0.17,7.0,1.0,10.0,0.0,1.0,0.0,12.0,8.0,1.0,4.0,1875.37,1377.32,47.03,9.65,2025.0,0.93,755.0,0.64,110.0,2,0,1,2,1,3,0,0.9973958333333334,0.0026041666666666297,0.875,0.125,1.0,0.0,0.2,0.8,0.8728323699421965,0.12716763005780352,1.0,0.0,0.5765597090408248,0.42344029095917524,0.8297459421312633,0.1702540578687367,3.8200000000000003,0.6599999999999999,6.0,10.0,645.0,0.29000000000000004,1.0,4.0,-3.0,498.04999999999995,37.38,498.04999999999995,0.9461911299270529,-1
2025-10-11,Bulgaria,Turquía,1-6,,,0.4,1.77,0.22,0.78,2.0,8.0,5.0,8.0,2.0,1.0,11.0,4.0,3.0,1.0,1271.52,1555.72,1.2,18.22,2025.0,0.61,121.0,0.88,628.0,1,6,2,-5,0,0,3,0.18433179723502305,0.815668202764977,0.2,0.8,0.38461538461538464,0.6153846153846154,0.75,0.25,0.16154873164218958,0.8384512683578105,0.14285714285714285,0.8571428571428572,0.4497389680395015,0.5502610319604986,0.061791967044284246,0.9382080329557158,-1.37,-0.56,-6.0,-3.0,-507.0,-0.27,1.0,7.0,2.0,-284.20000000000005,-17.02,-284.20000000000005,0.16301189182675346,2
2025-10-11,Irak,Indonesia,1-0,,,0.27,0.69,0.45,0.55,2.0,1.0,3.0,4.0,2.0,6.0,6.0,18.0,1.0,1.0,1422.2,1157.94,0.815,0.85,2025.0,0.73,219.0,0.79,290.0,1,0,1,1,1,3,0,0.28125000000000006,0.71875,0.6666666666666666,0.33333333333333337,0.42857142857142855,0.5714285714285714,0.5,0.5,0.4302554027504912,0.5697445972495088,1.0,0.0,0.5512103994356895,0.4487896005643105,0.48948948948948945,0.5105105105105106,-0.41999999999999993,-0.10000000000000003,1.0,-1.0,-71.0,-0.06000000000000005,-4.0,-12.0,0.0,264.26,-0.03500000000000003,264.26,0.8207155368577684,-2
2025-10-11,El Salvador,Panamá,0-1,,,1.29,1.09,0.43,0.57,1.0,2.0,3.0,5.0,3.0,0.0,21.0,14.0,1.0,1.0,1267.75,1529.71,0.285,1.33,2025.0,0.78,255.0,0.83,370.0,0,1,2,-1,0,0,3,0.5420168067226891,0.45798319327731085,0.3333333333333333,0.6666666666666667,0.375,0.625,0.5,0.5,0.408,0.5920000000000001,0.0,1.0,0.4531789551950698,0.5468210448049302,0.1764705882352941,0.8235294117647058,0.19999999999999996,-0.13999999999999996,-1.0,-2.0,-115.0,-0.04999999999999993,3.0,7.0,0.0,-261.96000000000004,-1.0450000000000002,-261.96000000000004,0.18124087602151537,2
2025-10-11,Curazao,Jamaica,2-0,,,0.42,1.3,0.42,0.58,4.0,7.0,0.0,4.0,0.0,1.0,10.0,7.0,6.0,2.0,1282.42,1377.22,0.991,0.377,2025.0,0.75,242.0,0.79,342.0,2,0,1,2,1,3,0,0.2441860465116279,0.7558139534883721,0.36363636363636365,0.6363636363636364,0.0,1.0,0.75,0.25,0.4143835616438356,0.5856164383561644,1.0,0.0,0.48217803913311574,0.5178219608668843,0.7244152046783626,0.2755847953216374,-0.8800000000000001,-0.15999999999999998,-3.0,-4.0,-100.0,-0.040000000000000036,-1.0,3.0,4.0,-94.79999999999995,0.614,-94.79999999999995,0.36685967384137974,1
2025-10-12,Burkina Faso,Etiopía,3-1,,,2.5588000000000006,0.4722,0.48,0.52,10.0,2.0,3.0,1.0,1.0,3.0,14.28,14.4,1.58,6.14,1385.37,1046.41,4.42,0.126,2025.0,0.8073999999999999,317.28,0.8136000000000004,347.8,3,1,1,2,1,3,0,0.8442098317387001,0.15579016826129988,0.8333333333333334,0.16666666666666663,0.75,0.25,0.20466321243523317,0.7953367875647668,0.4770553918325615,0.5229446081674385,0.75,0.25,0.5696938045382395,0.4303061954617605,0.9722833260008799,0.027716673999120145,2.0866000000000007,-0.040000000000000036,8.0,2.0,-30.52000000000004,-0.006200000000000538,-2.0,-0.120000000000001,-4.56,338.9599999999998,4.294,338.9599999999998,0.8755785862811687,-2
2025-10-12,Egipto,Guinea-Bisáu,1-0,,,1.0844,0.5933999999999999,0.52,0.48,3.0,2.0,5.0,6.0,2.0,2.0,14.0,13.0,1.8,1.9,1519.18,1126.81,4.48,1.64,2025.0,0.8521999999999998,412.02,0.8364000000000001,363.88,1,0,1,1,1,3,0,0.6463225652640363,0.3536774347359637,0.6,0.4,0.45454545454545453,0.5454545454545454,0.48648648648648646,0.5135135135135136,0.5310220389225415,0.4689779610774585,1.0,0.0,0.5741442711423702,0.4258557288576298,0.7320261437908497,0.26797385620915026,0.4910000000000001,0.040000000000000036,1.0,-1.0,48.139999999999986,0.015799999999999703,0.0,1.0,-0.09999999999999987,392.3700000000001,2.8400000000000007,392.3700000000001,0.9053951968830148,-3
2025-10-12,Ghana,Comores,1-0,,,0.9533999999999999,0.3581999999999999,0.54,0.46,2.0,1.0,5.0,2.0,2.0,0.0,15.0,5.0,0.8,1.2,1340.84,1201.83,9.01,0.667,2025.0,0.8275999999999999,367.9,0.7907999999999998,300.2,1,0,1,1,1,3,0,0.7268984446477584,0.27310155535224157,0.6666666666666666,0.33333333333333337,0.7142857142857143,0.2857142857142857,0.4,0.6,0.5506660679538992,0.44933393204610084,1.0,0.0,0.5273354387317268,0.47266456126827316,0.9310736798594605,0.06892632014053945,0.5952,0.08000000000000002,1.0,3.0,67.69999999999999,0.036800000000000055,2.0,10.0,-0.3999999999999999,139.01,8.343,139.01,0.6900185200836386,0
2025-10-12,Mali,Madagascar,4-1,,,1.4938,0.6554000000000002,0.57,0.43,6.0,3.0,3.0,6.0,3.0,0.0,14.68,12.78,2.82,3.66,1445.83,1187.59,4.32,0.283,2025.0,0.8732000000000002,471.36,0.7994,312.3,4,1,1,3,1,3,0,0.6950493206774613,0.3049506793225387,0.6666666666666666,0.33333333333333337,0.3333333333333333,0.6666666666666667,0.4351851851851851,0.5648148148148149,0.6014853380292473,0.3985146619707527,0.8,0.19999999999999996,0.5490312977041262,0.4509687022958738,0.9385183575928742,0.061481642407125836,0.8383999999999998,0.13999999999999996,3.0,-3.0,159.06,0.0738000000000002,3.0,1.9000000000000004,-0.8400000000000003,258.24,4.037,258.24,0.815559721648151,-1
2025-10-12,Croacia,Gibraltar,3-0,,,3.7,0.05,0.8,0.2,10.0,0.0,18.0,0.0,0.4,1.7,7.0,7.0,0.0,6.0,1714.2,827.19,14.9,0.073,2025.0,0.89,545.0,0.56,91.0,3,0,1,3,1,3,0,0.9866666666666667,0.013333333333333308,1.0,0.0,1.0,0.0,0.0,1.0,0.8569182389937107,0.14308176100628933,1.0,0.0,0.6745127666355812,0.32548723336441876,0.9951245575368998,0.0048754424631002324,3.6500000000000004,0.6000000000000001,10.0,18.0,454.0,0.32999999999999996,-1.2999999999999998,0.0,-6.0,887.01,14.827,887.01,0.9939764696419797,-3
2025-10-12,Dinamarca,Grecia,3-1,,,1.23,1.74,0.47,0.53,8.0,4.0,7.0,6.0,1.0,3.0,12.0,14.0,2.0,5.0,1627.64,1494.72,15.87,11.02,2025.0,0.87,424.0,0.88,475.0,3,1,1,2,1,3,0,0.41414141414141414,0.5858585858585859,0.6666666666666666,0.33333333333333337,0.5384615384615384,0.46153846153846156,0.2857142857142857,0.7142857142857143,0.47163515016685204,0.5283648498331479,0.75,0.25,0.5212851817215184,0.4787148182784816,0.5901822238750465,0.4098177761249535,-0.51,-0.06000000000000005,4.0,1.0,-51.0,-0.010000000000000009,-2.0,-2.0,-3.0,132.92000000000007,4.85,132.92000000000007,0.6824705977602931,-1
2025-10-12,Lituania,Polonia,0-2,,,0.2,1.11,0.48,0.52,1.0,6.0,4.0,8.0,2.0,2.0,21.0,13.0,4.0,1.0,1065.34,1517.3,0.703,8.91,2025.0,0.77,285.0,0.8,316.0,0,2,2,-2,0,0,3,0.15267175572519084,0.8473282442748091,0.14285714285714285,0.8571428571428572,0.3333333333333333,0.6666666666666667,0.8,0.19999999999999996,0.47420965058236275,0.5257903494176372,0.0,1.0,0.4125003872006939,0.5874996127993062,0.0731301362737959,0.9268698637262041,-0.9100000000000001,-0.040000000000000036,-5.0,-4.0,-31.0,-0.030000000000000027,0.0,8.0,3.0,-451.96000000000004,-8.207,-451.96000000000004,0.06902967636626792,3
2025-10-12,Escocia,Bielorrusia,2-1,,,1.23,1.28,0.55,0.45,6.0,3.0,7.0,6.0,0.0,2.0,10.0,14.0,2.0,4.0,1485.08,1223.54,6.55,0.641,2025.0,0.85,399.0,0.85,326.0,2,1,1,1,1,3,0,0.4900398406374502,0.5099601593625498,0.6666666666666666,0.33333333333333337,0.5384615384615384,0.46153846153846156,0.3333333333333333,0.6666666666666667,0.5503448275862068,0.44965517241379316,0.6666666666666666,0.33333333333333337,0.5482791975249389,0.4517208024750611,0.9108607982199972,0.08913920178000279,-0.050000000000000044,0.10000000000000003,3.0,1.0,73.0,0.0,-2.0,-4.0,-2.0,261.53999999999996,5.909,261.53999999999996,0.8184000764781926,-1
2025-10-12,Islas Feroe,República Checa,2-1,,,0.68,1.67,0.37,0.63,3.0,1.0,1.0,7.0,3.0,1.0,10.0,13.0,0.0,1.0,1094.46,1500.29,0.222,7.24,2025.0,0.73,248.0,0.82,463.0,2,1,1,1,1,3,0,0.2893617021276596,0.7106382978723405,0.75,0.25,0.125,0.875,0.0,1.0,0.3488045007032349,0.6511954992967651,0.6666666666666666,0.33333333333333337,0.4217978610656133,0.5782021389343868,0.029750737067810236,0.9702492629321897,-0.9899999999999999,-0.26,2.0,-6.0,-215.0,-0.08999999999999997,2.0,-3.0,-1.0,-405.8299999999999,-7.018,-405.8299999999999,0.08817333885420729,2
2025-10-12,Países Bajos,Finlandia,4-0,,,2.51,0.64,0.69,0.31,6.0,3.0,12.0,1.0,0.0,2.0,8.0,13.0,3.0,2.0,1754.17,1358.72,29.01,1.55,2025.0,0.91,609.0,0.8,248.0,4,0,1,4,1,3,0,0.7968253968253968,0.20317460317460323,0.6666666666666666,0.33333333333333337,0.9230769230769231,0.07692307692307687,0.6,0.4,0.7106184364060677,0.2893815635939323,1.0,0.0,0.5635181455175095,0.43648185448249055,0.9492801047120418,0.05071989528795817,1.8699999999999997,0.37999999999999995,3.0,11.0,361.0,0.10999999999999999,-2.0,-5.0,1.0,395.45000000000005,27.46,395.45000000000005,0.9069029704063809,-1
2025-10-12,Chad,República Centroafricana,2-3,,,1.4025999999999998,1.6719999999999997,0.61,0.39,4.0,7.0,10.0,6.0,4.0,7.0,11.48,16.76,4.72,2.98,925.82,1081.36,0.356,0.336,2025.0,0.8659999999999997,499.9,0.8072000000000001,306.48,2,3,2,-1,0,0,3,0.4561894230143759,0.5438105769856241,0.36363636363636365,0.6363636363636364,0.625,0.375,0.612987012987013,0.38701298701298703,0.619931049877229,0.380068950122771,0.4,0.6,0.4612540977889378,0.5387459022110622,0.5144508670520231,0.48554913294797686,-0.26939999999999986,0.21999999999999997,-3.0,4.0,193.41999999999996,0.05879999999999952,-3.0,-5.280000000000001,1.7399999999999998,-155.53999999999985,0.019999999999999962,-155.53999999999985,0.2900049073718832,0
2025-10-12,Zambia,Níger,0-1,,,1.1079999999999999,1.1431999999999998,0.5,0.5,3.0,5.0,9.0,4.0,0.0,3.0,9.0,7.0,3.72,2.34,1273.0,1160.33,0.614,0.428,2025.0,0.8150000000000002,349.82,0.8048000000000002,336.42,0,1,2,-1,0,0,3,0.492181947405828,0.507818052594172,0.375,0.625,0.6923076923076923,0.3076923076923077,0.6138613861386139,0.38613861386138615,0.5097633480997902,0.4902366519002098,0.0,1.0,0.5231514015772625,0.4768485984227375,0.5892514395393473,0.41074856046065267,-0.0351999999999999,0.0,-2.0,5.0,13.399999999999977,0.010199999999999987,-3.0,2.0,1.3800000000000003,112.67000000000007,0.186,112.67000000000007,0.6566905455220019,-1
2025-10-12,San Marino,Chipre,0-4,,,1.04,3.49,0.29,0.71,0.0,7.0,2.0,5.0,2.0,3.0,15.0,13.0,3.0,0.0,733.23,1128.1,0.044,0.737,2025.0,0.75,181.0,0.87,524.0,0,4,2,-4,0,0,3,0.22958057395143489,0.7704194260485651,0.0,1.0,0.2857142857142857,0.7142857142857143,1.0,0.0,0.25673758865248225,0.7432624113475177,0.0,1.0,0.393927997722059,0.606072002277941,0.05633802816901408,0.9436619718309859,-2.45,-0.42,-7.0,-3.0,-343.0,-0.12,-1.0,2.0,3.0,-394.8699999999999,-0.693,-394.8699999999999,0.09337930324822757,0
2025-10-12,Rumanía,Austria,1-0,,,0.45,0.16,0.46,0.54,2.0,1.0,2.0,4.0,2.0,4.0,10.0,17.0,1.0,1.0,1462.85,1601.86,2.37,9.43,2025.0,0.77,296.0,0.83,383.0,1,0,1,1,1,3,0,0.7377049180327869,0.2622950819672131,0.6666666666666666,0.33333333333333337,0.3333333333333333,0.6666666666666667,0.5,0.5,0.43593519882179677,0.5640648011782032,1.0,0.0,0.4773208558069115,0.5226791441930885,0.20084745762711864,0.7991525423728814,0.29000000000000004,-0.08000000000000002,1.0,-2.0,-87.0,-0.05999999999999994,-2.0,-7.0,0.0,-139.01,-7.06,-139.01,0.30998147991636144,1
2025-10-13,Irlanda del Norte,Alemania,0-1,,,0.6,1.12,0.33,0.67,3.0,2.0,4.0,5.0,4.0,2.0,18.0,14.0,1.0,3.0,1355.98,1704.27,3.47,36.42,2025.0,0.62,158.0,0.85,455.0,0,1,2,-1,0,0,3,0.34883720930232553,0.6511627906976745,0.6,0.4,0.4444444444444444,0.5555555555555556,0.25,0.75,0.25774877650897227,0.7422512234910277,0.0,1.0,0.44309451842169756,0.5569054815783024,0.08698922035597895,0.913010779644021,-0.5200000000000001,-0.34,1.0,-1.0,-297.0,-0.22999999999999998,2.0,4.0,-2.0,-348.28999999999996,-32.95,-348.28999999999996,0.11868748744034509,1
2025-10-13,Islandia,Francia,2-2,,,1.11,1.97,0.3,0.7,2.0,9.0,0.0,9.0,1.0,1.0,16.0,12.0,6.0,0.0,1343.09,1870.92,3.71,58.58,2025.0,0.78,247.0,0.91,654.0,2,2,X,0,0,1,1,0.3603896103896104,0.6396103896103895,0.18181818181818182,0.8181818181818181,0.0,1.0,1.0,0.0,0.2741398446170921,0.7258601553829078,0.5,0.5,0.4178860675604618,0.5821139324395381,0.05956012200995344,0.9404398779900466,-0.8599999999999999,-0.39999999999999997,-7.0,-9.0,-407.0,-0.13,0.0,4.0,6.0,-527.8300000000002,-54.87,-527.8300000000002,0.04571945752989562,2
2025-10-13,Gales,Bélgica,2-4,,,0.86,3.09,0.62,0.38,3.0,6.0,6.0,5.0,2.0,1.0,10.0,6.0,2.0,1.0,1529.09,1739.54,6.69,21.06,2025.0,0.84,412.0,0.77,242.0,2,4,2,-2,0,0,3,0.2177215189873418,0.7822784810126582,0.3333333333333333,0.6666666666666667,0.5454545454545454,0.4545454545454546,0.6666666666666666,0.33333333333333337,0.6299694189602446,0.3700305810397554,0.3333333333333333,0.6666666666666667,0.4678076135873439,0.5321923864126561,0.2410810810810811,0.7589189189189189,-2.23,0.24,-3.0,1.0,170.0,0.06999999999999995,1.0,4.0,1.0,-210.45000000000005,-14.369999999999997,-210.45000000000005,0.22944501821339439,0
2025-10-13,Ucrania,Azerbaiyán,2-1,,,2.73,1.1,0.57,0.43,7.0,2.0,7.0,1.0,3.0,1.0,12.0,7.0,1.0,5.0,1543.06,1148.09,9.88,0.706,2025.0,0.85,442.0,0.8,324.0,2,1,1,1,1,3,0,0.7127937336814621,0.28720626631853785,0.7777777777777778,0.2222222222222222,0.875,0.125,0.16666666666666666,0.8333333333333334,0.577023498694517,0.42297650130548303,0.6666666666666666,0.33333333333333337,0.5733831261728258,0.42661687382717417,0.9333081428301531,0.06669185716984694,1.63,0.13999999999999996,5.0,6.0,118.0,0.04999999999999993,2.0,5.0,-4.0,394.97,9.174000000000001,394.97,0.9066694193343473,-3
2025-10-13,Eslovaquia,Luxemburgo,2-0,,,0.97,0.77,0.45,0.55,3.0,2.0,5.0,4.0,1.0,4.0,19.0,16.0,2.0,1.0,1491.87,1242.61,2.3,0.639,2025.0,0.8,306.0,0.83,394.0,2,0,1,2,1,3,0,0.5574712643678161,0.44252873563218387,0.6,0.4,0.5555555555555556,0.4444444444444444,0.6666666666666666,0.33333333333333337,0.43714285714285717,0.5628571428571428,1.0,0.0,0.545577221263275,0.454422778736725,0.7825791085403198,0.21742089145968024,0.19999999999999996,-0.10000000000000003,1.0,1.0,-88.0,-0.029999999999999916,-3.0,3.0,1.0,249.26,1.6609999999999998,249.26,0.8076567939782984,-1
2025-10-13,Macedonia del Norte,Kazajistán,1-1,,,1.84,1.37,0.59,0.41,6.0,4.0,7.0,2.0,1.0,5.0,11.0,17.0,3.0,5.0,1388.5,1158.06,1.38,0.652,2025.0,0.82,362.0,0.77,241.0,1,1,X,0,0,1,1,0.5732087227414331,0.4267912772585669,0.6,0.4,0.7777777777777778,0.2222222222222222,0.375,0.625,0.6003316749585407,0.3996683250414593,0.5,0.5,0.5452453505906006,0.45475464940939936,0.6791338582677164,0.32086614173228356,0.47,0.18,2.0,5.0,121.0,0.04999999999999993,-4.0,-6.0,-2.0,230.44000000000005,0.7279999999999999,230.44000000000005,0.7902642987113533,-2
2025-10-13,Eslovenia,Suiza,0-0,,,0.41,0.63,0.35,0.65,0.0,3.0,3.0,4.0,1.0,0.0,10.0,5.0,3.0,1.0,1462.96,1648.3,4.02,12.79,2025.0,0.79,265.0,0.9,574.0,0,0,X,0,0,1,1,0.3942307692307692,0.6057692307692308,0.0,1.0,0.42857142857142855,0.5714285714285714,0.75,0.25,0.31585220500595945,0.6841477949940405,0.5,0.5,0.47021463972795585,0.5297853602720441,0.23914336704342654,0.7608566329565735,-0.22000000000000003,-0.30000000000000004,-3.0,-1.0,-309.0,-0.10999999999999999,1.0,5.0,2.0,-185.33999999999992,-8.77,-185.33999999999992,0.25599253150466555,1
2025-10-13,Suecia,Kosovo,0-1,,,1.14,1.15,0.67,0.33,4.0,3.0,12.0,0.0,0.0,2.0,16.0,10.0,2.0,4.0,1524.62,1262.1,15.62,5.46,2025.0,0.86,589.0,0.75,252.0,0,1,2,-1,0,0,3,0.4978165938864628,0.5021834061135372,0.5714285714285714,0.4285714285714286,1.0,0.0,0.3333333333333333,0.6666666666666667,0.7003567181926278,0.2996432818073722,0.0,1.0,0.5471019693402998,0.45289803065970025,0.7409867172675522,0.25901328273244784,-0.010000000000000009,0.34,1.0,12.0,337.0,0.10999999999999999,-2.0,6.0,-2.0,262.52,10.16,262.52,0.8192369938171298,-2
2025-10-13,Guinea Ecuatorial,Liberia,1-1,,,0.6846,0.41379999999999995,0.48,0.52,2.0,1.0,2.0,5.0,3.0,4.0,13.76,14.48,0.76,1.24,1248.68,1065.62,0.191,0.551,2025.0,0.7963999999999999,306.48,0.8092,337.24,1,1,X,0,0,1,1,0.6232702112163148,0.37672978878368524,0.6666666666666666,0.33333333333333337,0.2857142857142857,0.7142857142857143,0.38,0.62,0.47610762443298327,0.5238923755670167,0.5,0.5,0.5395497558657045,0.46045024413429547,0.2574123989218329,0.7425876010781671,0.27080000000000004,-0.040000000000000036,1.0,-3.0,-30.75999999999999,-0.012800000000000145,-1.0,-0.7200000000000006,-0.48,183.06000000000017,-0.36000000000000004,183.06000000000017,0.7414997316854124,-1
2025-10-13,Camerún,Angola,0-0,,,1.5876000000000001,0.4588000000000001,0.58,0.42,6.0,3.0,5.0,4.0,2.0,3.0,12.0,20.0,2.72,4.5,1455.42,1268.72,8.28,1.72,2025.0,0.8736000000000002,474.0,0.8029999999999997,296.54,0,0,X,0,0,1,1,0.7758014073494918,0.22419859265050823,0.6666666666666666,0.33333333333333337,0.5555555555555556,0.4444444444444444,0.3767313019390582,0.6232686980609419,0.6151530095776988,0.3848469904223012,0.5,0.5,0.5342676954928894,0.46573230450711056,0.828,0.17200000000000004,1.1288,0.15999999999999998,3.0,1.0,177.45999999999998,0.07060000000000044,-1.0,-8.0,-1.7799999999999998,186.70000000000005,6.56,186.70000000000005,0.7454956919610418,-1
2025-10-13,Lesoto,Zimbabue,1-0,,,1.6807999999999998,3.0432,0.39,0.61,7.0,8.0,6.0,8.0,2.0,3.0,11.0,8.0,5.64,5.2,1034.1,1133.75,0.025,1.21,2025.0,0.8077999999999996,277.5,0.966,478.04,1,0,1,1,1,3,0,0.3558001693480101,0.6441998306519898,0.4666666666666667,0.5333333333333333,0.42857142857142855,0.5714285714285714,0.5202952029520295,0.47970479704797053,0.3672869735553379,0.6327130264446621,1.0,0.0,0.4770163987360749,0.5229836012639251,0.02024291497975709,0.979757085020243,-1.3624000000000003,-0.21999999999999997,-1.0,-2.0,-200.54000000000002,-0.15820000000000034,-1.0,3.0,0.4399999999999995,-99.65000000000009,-1.185,-99.65000000000009,0.36039929554078254,0
2025-10-13,Mauricio,Libia,0-0,,,0.4276,0.8701999999999996,0.39,0.61,0.0,1.0,3.0,4.0,0.0,2.0,8.78,11.26,0.32,0.0,912.24,1179.57,0.035,0.533,2025.0,0.7294000000000002,218.1,0.8317999999999999,420.7,0,0,X,0,0,1,1,0.329480659577747,0.6705193404222529,0.0,1.0,0.42857142857142855,0.5714285714285714,1.0,0.0,0.3414214151534127,0.6585785848465873,0.5,0.5,0.436100793093063,0.5638992069069371,0.061619718309859156,0.9383802816901409,-0.44259999999999966,-0.21999999999999997,-1.0,-1.0,-202.6,-0.10239999999999971,-2.0,-2.4800000000000004,0.32,-267.3299999999999,-0.498,-267.3299999999999,0.17669884967229574,1
2025-10-13,Santo Tomé y Príncipe,Malaui,1-0,,,0.7154,1.2679999999999998,0.52,0.48,2.0,3.0,0.0,8.0,1.0,1.0,12.04,12.42,1.48,1.12,854.76,1133.6,0.066,0.075,2025.0,0.8222000000000004,369.5,0.8110000000000003,337.02,1,0,1,1,1,3,0,0.360693758193002,0.639306241806998,0.4,0.6,0.0,1.0,0.5692307692307692,0.4307692307692308,0.5229859027345298,0.47701409726547017,1.0,0.0,0.42988191273210086,0.5701180872678991,0.4680851063829787,0.5319148936170213,-0.5525999999999998,0.040000000000000036,-1.0,-8.0,32.48000000000002,0.011200000000000099,0.0,-0.3800000000000008,0.3599999999999999,-278.8399999999999,-0.008999999999999994,-278.8399999999999,0.16726555922457603,0
2025-10-13,Sudán del Sur,Togo,0-0,,,0.8137999999999996,2.304599999999999,0.44,0.56,3.0,8.0,2.0,4.0,2.0,0.0,12.26,12.5,4.84,2.4,976.56,1151.08,0.064,1.11,2025.0,0.7732000000000001,272.74,0.8198000000000001,376.18,0,0,X,0,0,1,1,0.2609671626475116,0.7390328373524884,0.2727272727272727,0.7272727272727273,0.3333333333333333,0.6666666666666667,0.6685082872928176,0.33149171270718236,0.4202983418603217,0.5797016581396783,0.5,0.5,0.4589874226842887,0.5410125773157113,0.0545144804088586,0.9454855195911414,-1.4907999999999992,-0.12000000000000005,-5.0,-2.0,-103.44,-0.046599999999999975,2.0,-0.2400000000000002,2.44,-174.51999999999998,-1.046,-174.51999999999998,0.2680344611659108,0
2025-10-13,Túnez,Namibia,3-0,,,1.4387999999999994,1.4028,0.55,0.45,4.0,5.0,5.0,6.0,1.0,4.0,12.9,14.58,3.74,2.7,1483.02,1183.8,2.69,0.09,2025.0,0.8204,358.22,0.7755999999999998,292.08,3,0,1,3,1,3,0,0.5063344594594593,0.4936655405405407,0.4444444444444444,0.5555555555555556,0.45454545454545453,0.5454545454545454,0.5807453416149069,0.4192546583850931,0.5508534522528065,0.44914654774719354,1.0,0.0,0.5561005242198575,0.44389947578014255,0.9676258992805756,0.03237410071942437,0.035999999999999366,0.10000000000000003,-1.0,-1.0,66.14000000000004,0.04480000000000017,-3.0,-1.6799999999999997,1.04,299.22,2.6,299.22,0.8484439856951821,-1
2025-10-13,Cabo Verde,Eswatini,3-0,,,2.0582000000000007,0.28659999999999997,0.7,0.3,6.0,0.0,7.0,1.0,2.0,3.0,7.0,3.0,0.0,4.72,1363.21,1010.06,2.1,0.045,2025.0,0.8700000000000001,526.78,0.6952000000000002,177.96,3,0,1,3,1,3,0,0.8777720914363699,0.12222790856363008,1.0,0.0,0.875,0.125,0.0,1.0,0.7474813406362629,0.2525186593637371,1.0,0.0,0.5744015640866821,0.4255984359133179,0.9790209790209791,0.020979020979020935,1.7716000000000007,0.39999999999999997,6.0,6.0,348.81999999999994,0.17479999999999996,-1.0,4.0,-4.72,353.1500000000001,2.055,353.1500000000001,0.8842077914455421,-2
2025-10-14,España,Bulgaria,4-0,,,3.96,0.38,0.78,0.22,11.0,0.0,11.0,0.0,0.76,2.1,7.0,6.0,0.0,8.0,1875.37,1271.52,47.03,1.2,2025.0,0.93,757.0,0.73,175.0,4,0,1,4,1,3,0,0.9124423963133641,0.0875576036866359,1.0,0.0,1.0,0.0,0.0,1.0,0.8122317596566524,0.1877682403433476,1.0,0.0,0.5959439319455081,0.4040560680544919,0.9751192204022392,0.024880779597760805,3.58,0.56,11.0,11.0,582.0,0.20000000000000007,-1.34,1.0,-8.0,603.8499999999999,45.83,603.8499999999999,0.96999829269014,-2
2025-10-14,Estonia,Moldavia,1-1,,,0.87,0.85,0.61,0.39,4.0,4.0,3.0,4.0,2.0,3.0,15.0,11.0,3.0,3.0,1127.2,1019.2,0.516,0.373,2025.0,0.83,441.0,0.74,250.0,1,1,X,0,0,1,1,0.5058139534883721,0.4941860465116279,0.5,0.5,0.42857142857142855,0.5714285714285714,0.5,0.5,0.638205499276411,0.361794500723589,0.5,0.5,0.525158404770779,0.474841595229221,0.5804274465691789,0.4195725534308211,0.020000000000000018,0.21999999999999997,0.0,-1.0,191.0,0.08999999999999997,-1.0,4.0,0.0,108.0,0.14300000000000002,108.0,0.6506046279338725,0
2025-10-14,Irlanda,Armenia,1-0,,,2.47,0.23,0.49,0.51,6.0,1.0,6.0,0.0,4.0,0.0,12.0,6.0,1.0,5.0,1397.52,1219.55,5.44,1.56,2025.0,0.82,377.0,0.81,405.0,1,0,1,1,1,3,0,0.9148148148148149,0.08518518518518514,0.8571428571428571,0.1428571428571429,1.0,0.0,0.16666666666666666,0.8333333333333334,0.4820971867007673,0.5179028132992327,1.0,0.0,0.5340017653329869,0.46599823466701307,0.7771428571428572,0.22285714285714275,2.24,-0.020000000000000018,5.0,6.0,-28.0,0.009999999999999898,4.0,6.0,-4.0,177.97000000000003,3.8800000000000003,177.97000000000003,0.7358438776350776,-1
2025-10-14,Italia,Israel,3-0,,,2.11,0.78,0.53,0.47,6.0,2.0,4.0,3.0,2.0,1.0,12.0,10.0,2.0,2.0,1710.06,1337.4,13.73,2.96,2025.0,0.87,415.0,0.88,392.0,3,0,1,3,1,3,0,0.7301038062283738,0.2698961937716262,0.75,0.25,0.5714285714285714,0.4285714285714286,0.5,0.5,0.5142503097893433,0.4857496902106567,1.0,0.0,0.5611427221358114,0.4388572778641886,0.8226482923906531,0.17735170760934693,1.3299999999999998,0.06000000000000005,4.0,1.0,23.0,-0.010000000000000009,1.0,2.0,0.0,372.65999999999985,10.77,372.65999999999985,0.8952197015003092,-2
2025-10-14,Portugal,Hungría,2-2,,,2.5,1.88,0.65,0.35,8.0,7.0,5.0,4.0,2.0,2.0,7.0,12.0,4.0,6.0,1779.55,1492.18,38.67,7.21,2025.0,0.91,545.0,0.8,247.0,2,2,X,0,0,1,1,0.5707762557077626,0.4292237442922374,0.5333333333333333,0.4666666666666667,0.5555555555555556,0.4444444444444444,0.4,0.6,0.6881313131313131,0.31186868686868685,0.5,0.5,0.543917132526217,0.456082867473783,0.8428509154315605,0.15714908456843946,0.6200000000000001,0.30000000000000004,1.0,1.0,298.0,0.10999999999999999,0.0,-5.0,-2.0,287.3699999999999,31.46,287.3699999999999,0.8394625605769038,-1
2025-10-14,Turquía,Georgia,4-1,,,1.95,1.06,0.45,0.55,6.0,3.0,7.0,6.0,1.0,1.0,14.0,16.0,2.0,1.0,1555.72,1377.32,18.22,9.65,2025.0,0.79,343.0,0.84,443.0,4,1,1,3,1,3,0,0.6478405315614618,0.3521594684385382,0.6666666666666666,0.33333333333333337,0.5384615384615384,0.46153846153846156,0.6666666666666666,0.33333333333333337,0.43638676844783714,0.5636132315521629,0.8,0.19999999999999996,0.5304121321223032,0.4695878678776968,0.6537495514890563,0.34625044851094366,0.8899999999999999,-0.10000000000000003,3.0,1.0,-100.0,-0.04999999999999993,0.0,-2.0,1.0,178.4000000000001,8.569999999999999,178.4000000000001,0.7363247356228995,-1
2025-10-14,Catar,Emiratos Árabes Unidos,2-1,,,0.54,0.89,0.41,0.59,3.0,4.0,1.0,2.0,2.0,3.0,7.0,13.0,3.0,1.0,1453.65,1379.86,0.766,1.21,2025.0,0.76,210.0,0.86,349.0,2,1,1,1,1,3,0,0.3776223776223776,0.6223776223776224,0.42857142857142855,0.5714285714285714,0.3333333333333333,0.6666666666666667,0.75,0.25,0.3756708407871199,0.6243291592128801,0.6666666666666666,0.33333333333333337,0.5130209528111777,0.48697904718882234,0.3876518218623482,0.6123481781376519,-0.35,-0.18,-1.0,-1.0,-139.0,-0.09999999999999998,-1.0,-6.0,2.0,73.79000000000019,-0.44399999999999995,73.79000000000019,0.6046239566530918,0
2025-10-14,Argelia,Uganda,2-1,,,1.4270000000000003,0.5121999999999998,0.64,0.36,5.0,3.0,7.0,0.0,1.0,2.0,17.0,16.0,2.58,3.46,1500.74,1287.61,9.88,0.297,2025.0,0.8777999999999999,514.74,0.7744000000000001,256.62,2,1,1,1,1,3,0,0.7358704620462048,0.26412953795379523,0.625,0.375,1.0,0.0,0.4271523178807947,0.5728476821192052,0.6673148724331052,0.33268512756689483,0.6666666666666666,0.33333333333333337,0.5382179425108039,0.4617820574891961,0.9708165471160459,0.029183452883954075,0.9148000000000005,0.28,2.0,7.0,258.12,0.10339999999999983,-1.0,1.0,-0.8799999999999999,213.1300000000001,9.583,213.1300000000001,0.7732711410605608,-1
2025-10-14,Letonia,Inglaterra,0-5,,,0.41,2.4,0.28,0.72,1.0,7.0,2.0,9.0,4.0,1.0,11.0,5.0,3.0,1.0,1088.8,1820.44,0.329,52.43,2025.0,0.81,234.0,0.92,661.0,0,5,2,-5,0,0,3,0.14590747330960854,0.8540925266903915,0.125,0.875,0.18181818181818182,0.8181818181818181,0.75,0.25,0.26145251396648045,0.7385474860335195,0.0,1.0,0.37425581938925634,0.6257441806107437,0.006235902879129627,0.9937640971208703,-1.99,-0.43999999999999995,-6.0,-7.0,-427.0,-0.10999999999999999,3.0,6.0,2.0,-731.6400000000001,-52.101,-731.6400000000001,0.014605291385451103,3
2025-10-14,Nigeria,Benín,4-0,,,1.6000000000000003,0.6679999999999998,0.51,0.49,5.0,2.0,4.0,4.0,1.0,6.0,14.14,16.84,1.48,2.7,1483.86,1257.3,7.48,0.723,2025.0,0.8191999999999999,307.84,0.7916,296.86,4,0,1,4,1,3,0,0.7054673721340389,0.2945326278659611,0.7142857142857143,0.2857142857142857,0.5,0.5,0.35406698564593303,0.6459330143540669,0.5090788820902926,0.4909211179097074,1.0,0.0,0.5413255701965591,0.45867442980344086,0.9118615140802144,0.08813848591978557,0.9320000000000005,0.020000000000000018,3.0,0.0,10.979999999999961,0.027599999999999958,-5.0,-2.6999999999999993,-1.2200000000000002,226.55999999999995,6.757000000000001,226.55999999999995,0.7865383342636403,-1
2025-10-14,Somalia,Mozambique,0-1,,,0.5825999999999997,1.147,0.44,0.56,0.0,2.0,4.0,7.0,1.0,1.0,12.0,11.0,0.84,0.0,824.76,1234.04,0.04,0.059,2025.0,0.7692000000000001,270.12,0.814,364.2,0,1,2,-1,0,0,3,0.3368408880666049,0.663159111933395,0.0,1.0,0.36363636363636365,0.6363636363636364,1.0,0.0,0.4258418463866819,0.5741581536133181,0.0,1.0,0.40060229259762964,0.5993977074023704,0.40404040404040403,0.595959595959596,-0.5644000000000003,-0.12000000000000005,-2.0,-3.0,-94.07999999999998,-0.04479999999999984,0.0,1.0,0.84,-409.28,-0.018999999999999996,-409.28,0.08658963982961694,1
2025-10-14,Sudáfrica,Ruanda,3-0,,,1.7622000000000007,0.31679999999999997,0.63,0.37,6.0,0.0,7.0,4.0,3.0,4.0,11.0,19.0,0.0,4.66,1448.67,1133.5,1.89,0.232,2025.0,0.9122000000000001,513.1,0.7807999999999998,255.68,3,0,1,3,1,3,0,0.8476190476190477,0.15238095238095228,1.0,0.0,0.6363636363636364,0.36363636363636365,0.0,1.0,0.6674211087697391,0.33257889123026085,1.0,0.0,0.5610281275051604,0.4389718724948396,0.8906691800188501,0.10933081998114991,1.4454000000000007,0.26,6.0,3.0,257.42,0.1314000000000003,-1.0,-8.0,-4.66,315.1700000000001,1.658,315.1700000000001,0.8598764712899236,-2
2025-10-14,Seychelles,Gambia,0-7,,,0.16600000000000004,3.934000000000001,0.26,0.74,1.0,15.0,0.0,6.0,2.0,2.0,12.04,12.22,7.24,0.9,812.32,1165.93,0.045,3.43,2025.0,0.6958,160.44,0.8982000000000003,573.7,0,7,2,-7,0,0,3,0.040487804878048775,0.9595121951219512,0.0625,0.9375,0.0,1.0,0.8894348894348894,0.11056511056511065,0.2185414226169395,0.7814585773830605,0.0,1.0,0.41062555288765323,0.5893744471123468,0.012949640287769784,0.9870503597122302,-3.768000000000001,-0.48,-14.0,-6.0,-413.26000000000005,-0.20240000000000036,0.0,-0.1800000000000015,6.34,-353.61,-3.3850000000000002,-353.61,0.11552137321229172,0
2025-10-14,Costa Rica,Nicaragua,4-1,,,2.5,0.21,0.35,0.65,10.0,2.0,7.0,3.0,2.0,2.0,17.0,11.0,1.0,6.0,1481.13,1120.78,1.34,0.172,2025.0,0.76,181.0,0.86,384.0,4,1,1,3,1,3,0,0.922509225092251,0.07749077490774903,0.8333333333333334,0.16666666666666663,0.7,0.30000000000000004,0.14285714285714285,0.8571428571428572,0.32035398230088497,0.679646017699115,0.8,0.19999999999999996,0.5692472068595763,0.4307527931404237,0.8862433862433863,0.11375661375661372,2.29,-0.30000000000000004,8.0,4.0,-203.0,-0.09999999999999998,0.0,6.0,-5.0,360.35000000000014,1.1680000000000001,360.35000000000014,0.8883841658458724,-2
2025-10-14,Honduras,Haití,3-0,,,1.85,0.42,0.44,0.56,8.0,3.0,7.0,2.0,3.0,1.0,18.0,16.0,3.0,5.0,1383.98,1269.24,0.805,2.15,2025.0,0.76,231.0,0.83,324.0,3,0,1,3,1,3,0,0.8149779735682819,0.18502202643171806,0.7272727272727273,0.2727272727272727,0.7777777777777778,0.2222222222222222,0.375,0.625,0.41621621621621624,0.5837837837837838,1.0,0.0,0.5216227828826859,0.47837721711731407,0.272419627749577,0.727580372250423,1.4300000000000002,-0.12000000000000005,5.0,5.0,-93.0,-0.06999999999999995,2.0,2.0,-2.0,114.74000000000001,-1.3449999999999998,114.74000000000001,0.6593719190881959,-1
2025-10-14,Andorra,Serbia,1-3,,,0.41,2.27,0.28,0.72,2.0,4.0,0.0,10.0,4.0,1.0,11.0,13.0,2.0,1.0,954.68,1520.9,0.137,7.76,2025.0,0.7,166.0,0.89,503.0,1,3,2,-2,0,0,3,0.15298507462686564,0.8470149253731344,0.3333333333333333,0.6666666666666667,0.0,1.0,0.6666666666666666,0.33333333333333337,0.24813153961136025,0.7518684603886397,0.25,0.75,0.3856389209801339,0.6143610790198661,0.017348360136760797,0.9826516398632392,-1.86,-0.43999999999999995,-2.0,-10.0,-337.0,-0.19000000000000006,3.0,-2.0,1.0,-566.2200000000001,-7.622999999999999,-566.2200000000001,0.03698971010168811,3
2025-10-14,Guinea,Botsuana,2-2,,,1.0842,1.1911999999999994,0.61,0.39,3.0,6.0,5.0,4.0,2.0,2.0,13.32,13.78,5.06,2.08,1299.49,1087.27,2.47,0.117,2025.0,0.8758000000000001,502.12,0.7934,274.96,2,2,X,0,0,1,1,0.47648765052298514,0.5235123494770149,0.3333333333333333,0.6666666666666667,0.5555555555555556,0.4444444444444444,0.7086834733893557,0.29131652661064433,0.6461625572656613,0.3538374427343387,0.5,0.5,0.5444577586351371,0.4555422413648629,0.9547738693467337,0.045226130653266305,-0.10699999999999932,0.21999999999999997,-3.0,1.0,227.16000000000003,0.08240000000000014,0.0,-0.4599999999999991,2.9799999999999995,212.22000000000003,2.353,212.22000000000003,0.7723514185055864,-1
2025-10-14,Arabia Saudí,Irak,0-0,,,0.69,0.27,0.62,0.38,4.0,1.0,0.0,1.0,4.0,2.0,13.0,13.0,1.0,4.0,1420.65,1422.2,1.56,0.815,2025.0,0.84,422.0,0.74,226.0,0,0,X,0,0,1,1,0.71875,0.28125,0.8,0.19999999999999996,0.0,1.0,0.2,0.8,0.6512345679012346,0.3487654320987654,0.5,0.5,0.4997273862497142,0.5002726137502858,0.6568421052631579,0.3431578947368421,0.41999999999999993,0.24,3.0,-1.0,196.0,0.09999999999999998,2.0,0.0,-3.0,-1.5499999999999545,0.7450000000000001,-1.5499999999999545,0.4977693854896551,0
2025-10-14,Senegal,Mauritania,4-0,,,3.5052000000000003,1.0674000000000001,0.6,0.4,12.0,4.0,2.0,3.0,1.0,1.0,11.74,10.92,2.7,6.92,1645.23,1183.28,18.39,1.01,2025.0,0.8780000000000001,500.54,0.8059999999999998,291.38,4,0,1,4,1,3,0,0.7665660674452172,0.23343393255478284,0.75,0.25,0.4,0.6,0.2806652806652807,0.7193347193347193,0.6320587938175573,0.36794120618244275,1.0,0.0,0.5816596016984207,0.4183403983015793,0.9479381443298969,0.05206185567010313,2.4378,0.19999999999999996,8.0,-1.0,209.16000000000003,0.07200000000000029,0.0,0.8200000000000003,-4.22,461.95000000000005,17.38,461.95000000000005,0.9345756436775953,-2
2025-10-14,RD Congo,Sudán,1-0,,,1.5866000000000002,0.23779999999999993,0.6,0.4,3.0,0.0,7.0,2.0,2.0,2.0,14.18,11.36,0.0,1.82,1407.6,1163.56,5.53,0.121,2025.0,0.8674000000000005,468.5,0.7848,274.7,1,0,1,1,1,3,0,0.869655777241833,0.13034422275816704,1.0,0.0,0.7777777777777778,0.2222222222222222,0.0,1.0,0.6303821313240042,0.3696178686759958,1.0,0.0,0.5474571788609033,0.4525428211390967,0.9785878605556539,0.021412139444346057,1.3488000000000002,0.19999999999999996,3.0,5.0,193.8,0.08260000000000045,0.0,2.8200000000000003,-1.82,244.03999999999996,5.409000000000001,244.03999999999996,0.8029456051084489,-2
2025-10-14,Marruecos,Congo,1-0,,,1.5712000000000006,0.3543999999999999,0.63,0.37,4.0,0.0,10.0,0.0,1.0,3.0,9.0,18.0,0.0,2.52,1706.27,1119.77,17.22,0.111,2025.0,0.8834000000000001,516.68,0.7611999999999999,240.54,1,0,1,1,1,3,0,0.8159534690486083,0.18404653095139167,1.0,0.0,1.0,0.0,0.0,1.0,0.68233802593698,0.31766197406302,1.0,0.0,0.6037671087458069,0.39623289125419314,0.9935952916738792,0.006404708326120834,1.2168000000000008,0.26,4.0,10.0,276.14,0.1222000000000002,-2.0,-9.0,-2.52,586.5,17.108999999999998,586.5,0.9669512837515228,-3
2025-10-14,Gabón,Burundi,2-0,,,1.9498000000000002,0.35279999999999995,0.57,0.43,7.0,0.0,6.0,4.0,1.0,1.0,12.68,10.64,0.0,4.92,1314.06,1077.05,1.01,0.377,2025.0,0.8711999999999999,479.34,0.8009999999999999,311.42,2,0,1,2,1,3,0,0.8467818987231825,0.15321810127681745,1.0,0.0,0.6,0.4,0.0,1.0,0.6061763366887551,0.39382366331124485,1.0,0.0,0.5495606642939891,0.4504393357060109,0.7281903388608507,0.2718096611391493,1.5970000000000002,0.13999999999999996,7.0,2.0,167.91999999999996,0.07019999999999993,0.0,2.039999999999999,-4.92,237.01,0.633,237.01,0.7964640316196386,-1
2025-10-14,Costa de Marfil,Kenia,3-0,,,2.561599999999999,0.28320000000000006,0.57,0.43,8.0,0.0,2.0,2.0,0.0,1.0,13.68,11.6,0.0,5.34,1483.9,1181.64,20.08,0.135,2025.0,0.8806,475.12,0.8067999999999997,312.32,3,0,1,3,1,3,0,0.9004499437570304,0.09955005624296964,1.0,0.0,0.5,0.5,0.0,1.0,0.6033729553997764,0.3966270446002236,1.0,0.0,0.5566977047802697,0.4433022952197303,0.9933217907494434,0.0066782092505566215,2.278399999999999,0.13999999999999996,8.0,0.0,162.8,0.07380000000000031,-1.0,2.08,-5.34,302.26,19.944999999999997,302.26,0.8506805144334704,-1
2025-10-15,Curazao,Trinidad y Tobago,1-1,,,0.83,1.86,0.48,0.52,1.0,6.0,4.0,7.0,3.0,1.0,15.0,11.0,5.0,0.0,1282.42,1220.99,0.991,0.1,2025.0,0.68,197.0,0.74,233.0,1,1,X,0,0,1,1,0.30855018587360594,0.6914498141263941,0.14285714285714285,0.8571428571428572,0.36363636363636365,0.6363636363636364,1.0,0.0,0.45813953488372094,0.541860465116279,0.5,0.5,0.512269264722918,0.487730735277082,0.9083409715857013,0.09165902841429874,-1.0300000000000002,-0.040000000000000036,-5.0,-3.0,-36.0,-0.05999999999999994,2.0,4.0,5.0,61.430000000000064,0.891,61.430000000000064,0.5874950235622362,0
2025-10-15,Jamaica,Bermudas,4-0,,,3.74,0.48,0.75,0.25,12.0,2.0,9.0,2.0,0.0,3.0,6.0,10.0,2.0,9.0,1377.22,988.72,0.377,0.013,2025.0,0.9,541.0,0.75,148.0,4,0,1,4,1,3,0,0.886255924170616,0.11374407582938395,0.8571428571428571,0.1428571428571429,0.8181818181818182,0.18181818181818177,0.18181818181818182,0.8181818181818181,0.7851959361393324,0.21480406386066764,1.0,0.0,0.5821026737787095,0.4178973262212905,0.9666666666666667,0.033333333333333326,3.2600000000000002,0.5,10.0,7.0,393.0,0.15000000000000002,-3.0,-4.0,-7.0,388.5,0.364,388.5,0.9034697128242288,-2
2025-10-15,Panamá,Surinam,1-1,,,3.07,1.53,0.67,0.33,8.0,4.0,7.0,3.0,0.0,1.0,14.0,11.0,3.0,7.0,1529.71,1125.21,1.33,1.38,2025.0,0.85,510.0,0.71,215.0,1,1,X,0,0,1,1,0.6673913043478261,0.3326086956521739,0.6666666666666666,0.33333333333333337,0.7,0.30000000000000004,0.3,0.7,0.7034482758620689,0.29655172413793107,0.5,0.5,0.5761793199041779,0.4238206800958221,0.4907749077490775,0.5092250922509225,1.5399999999999998,0.34,4.0,4.0,295.0,0.14,-1.0,3.0,-4.0,404.5,-0.04999999999999982,404.5,0.9112091763476124,-3
2025-10-15,El Salvador,Guatemala,0-1,,,0.29,0.19,0.58,0.42,1.0,2.0,3.0,0.0,1.0,2.0,17.0,17.0,1.0,1.0,1267.75,1230.73,0.285,0.338,2025.0,0.81,328.0,0.75,229.0,0,1,2,-1,0,0,3,0.6041666666666666,0.39583333333333337,0.3333333333333333,0.6666666666666667,1.0,0.0,0.5,0.5,0.5888689407540395,0.4111310592459605,0.0,1.0,0.5074085043706573,0.4925914956293427,0.45746388443017655,0.5425361155698234,0.09999999999999998,0.15999999999999998,-1.0,3.0,99.0,0.06000000000000005,-1.0,0.0,0.0,37.01999999999998,-0.05300000000000005,37.01999999999998,0.5530753533386682,0
2025-11-13,Surinam,El Salvador,4-0,,,3.05,0.62,0.5,0.5,4.0,3.0,2.0,3.0,1.0,3.0,15.0,25.0,3.0,0.0,1135.89,1247.77,1.38,0.285,2025.0,0.84,319.0,0.81,310.0,4,0,1,4,1,3,0,0.8310626702997275,0.16893732970027253,0.5714285714285714,0.4285714285714286,0.4,0.6,1.0,0.0,0.5071542130365659,0.49284578696343406,1.0,0.0,0.47653188793703805,0.523468112062962,0.8288288288288289,0.1711711711711711,2.4299999999999997,0.0,1.0,-1.0,9.0,0.029999999999999916,-2.0,-10.0,3.0,-111.87999999999988,1.095,-111.87999999999988,0.34433543269755784,1
2025-11-13,Andorra,Albania,0-1,,,0.12,1.4,0.34,0.66,0.0,2.0,1.0,3.0,3.0,2.0,18.0,7.0,1.0,0.0,955.1,1401.34,0.137,3.42,2025.0,0.76,249.0,0.91,582.0,0,1,2,-1,0,0,3,0.07894736842105263,0.9210526315789473,0.0,1.0,0.25,0.75,1.0,0.0,0.2996389891696751,0.7003610108303249,0.0,1.0,0.40531479689701416,0.5946852031029859,0.03851560303626652,0.9614843969637334,-1.2799999999999998,-0.32,-2.0,-2.0,-333.0,-0.15000000000000002,1.0,11.0,1.0,-446.2399999999999,-3.283,-446.2399999999999,0.07117597733462734,2
2025-11-13,Francia,Ucrania,4-0,,,3.81,0.04,0.71,0.29,10.0,0.0,7.0,0.0,1.0,2.0,9.0,10.0,0.0,6.0,1862.71,1555.36,58.58,9.88,2025.0,0.92,663.0,0.74,222.0,4,0,1,4,1,3,0,0.9896103896103896,0.010389610389610393,1.0,0.0,1.0,0.0,0.0,1.0,0.7491525423728813,0.2508474576271187,1.0,0.0,0.5449595824544261,0.4550404175455739,0.8556821501606778,0.14431784983932217,3.77,0.42,10.0,7.0,441.0,0.18000000000000005,-1.0,-1.0,-6.0,307.35000000000014,48.699999999999996,307.35000000000014,0.8543642297266715,0
2025-11-13,Inglaterra,Serbia,2-0,,,1.2,0.38,0.7,0.3,6.0,1.0,6.0,5.0,0.0,1.0,13.0,10.0,1.0,4.0,1824.3,1507.84,52.43,7.76,2025.0,0.91,588.0,0.79,212.0,2,0,1,2,1,3,0,0.7594936708860759,0.2405063291139241,0.8571428571428571,0.1428571428571429,0.5454545454545454,0.4545454545454546,0.2,0.8,0.735,0.265,1.0,0.0,0.5474859999879957,0.45251400001200426,0.8710749293902642,0.1289250706097358,0.82,0.39999999999999997,5.0,1.0,376.0,0.12,-1.0,3.0,-3.0,316.46000000000004,44.67,316.46000000000004,0.8607688136193994,-1
2025-11-13,Irlanda,Portugal,2-0,,,2.02,1.61,0.23,0.77,3.0,5.0,5.0,9.0,3.0,2.0,5.0,6.0,5.0,1.0,1401.18,1778.0,5.44,38.67,2025.0,0.71,165.0,0.92,732.0,2,0,1,2,1,3,0,0.556473829201102,0.443526170798898,0.375,0.625,0.35714285714285715,0.6428571428571428,0.8333333333333334,0.16666666666666663,0.18394648829431437,0.8160535117056856,1.0,0.0,0.44073629049000057,0.5592637095099995,0.12332804352754478,0.8766719564724552,0.4099999999999999,-0.54,-2.0,-4.0,-567.0,-0.21000000000000008,1.0,-1.0,4.0,-376.81999999999994,-33.230000000000004,-376.81999999999994,0.10255521263056573,1
2025-11-13,Moldavia,Italia,0-2,,,0.41,2.59,0.23,0.77,1.0,9.0,1.0,13.0,3.0,0.0,13.0,8.0,8.0,1.0,1020.2,1717.15,0.373,13.73,2025.0,0.66,147.0,0.89,635.0,0,2,2,-2,0,0,3,0.13666666666666666,0.8633333333333333,0.1,0.9,0.07142857142857142,0.9285714285714286,0.8888888888888888,0.11111111111111116,0.18797953964194372,0.8120204603580563,0.0,1.0,0.3726962207974866,0.6273037792025133,0.026448273417003475,0.9735517265829965,-2.1799999999999997,-0.54,-8.0,-12.0,-488.0,-0.22999999999999998,3.0,5.0,7.0,-696.95,-13.357000000000001,-696.95,0.017776060306042004,3
2025-11-13,Azerbaiyán,Islandia,0-2,,,0.33,1.88,0.38,0.62,1.0,6.0,8.0,4.0,4.0,2.0,17.0,9.0,4.0,1.0,1142.25,1344.84,0.706,3.71,2025.0,0.79,269.0,0.88,500.0,0,2,2,-2,0,0,3,0.1493212669683258,0.8506787330316742,0.14285714285714285,0.8571428571428572,0.6666666666666666,0.33333333333333337,0.8,0.19999999999999996,0.34980494148244473,0.6501950585175553,0.0,1.0,0.4592716789500983,0.5407283210499017,0.1598731884057971,0.8401268115942029,-1.5499999999999998,-0.24,-5.0,4.0,-231.0,-0.08999999999999997,2.0,8.0,3.0,-202.58999999999992,-3.004,-202.58999999999992,0.2375422155419744,1
2025-11-13,Armenia,Hungría,0-1,,,0.71,1.19,0.48,0.52,1.0,3.0,2.0,7.0,1.0,1.0,18.0,10.0,2.0,1.0,1204.7,1504.92,1.56,7.21,2025.0,0.82,341.0,0.81,356.0,0,1,2,-1,0,0,3,0.3736842105263158,0.6263157894736842,0.25,0.75,0.2222222222222222,0.7777777777777778,0.6666666666666666,0.33333333333333337,0.48923959827833574,0.5107604017216643,0.0,1.0,0.4446010879754357,0.5553989120245644,0.17787913340935008,0.8221208665906499,-0.48,-0.040000000000000036,-2.0,-5.0,-15.0,0.009999999999999898,0.0,8.0,1.0,-300.22,-5.65,-300.22,0.1508172930176365,1
2025-11-13,Noruega,Estonia,4-1,,,2.03,0.71,0.68,0.32,7.0,3.0,8.0,0.0,0.66,2.64,9.0,17.0,2.0,3.0,1532.14,1122.25,22.69,0.516,2025.0,0.91,601.0,0.79,253.0,4,1,1,3,1,3,0,0.7408759124087592,0.25912408759124084,0.7,0.30000000000000004,1.0,0.0,0.4,0.6,0.7037470725995316,0.2962529274004684,0.8,0.19999999999999996,0.5772098297537287,0.4227901702462713,0.9777643712832887,0.022235628716711253,1.3199999999999998,0.36000000000000004,4.0,8.0,348.0,0.12,-1.98,-8.0,-1.0,409.8900000000001,22.174,409.8900000000001,0.913687683853586,-3
2025-11-13,Emiratos Árabes Unidos,Irak,1-1,,,1.33,0.58,0.51,0.49,4.0,5.0,9.0,7.0,0.0,1.0,9.0,11.0,4.0,3.0,1379.93,1428.69,1.21,0.815,2025.0,0.82,300.0,0.81,284.0,1,1,X,0,0,1,1,0.6963350785340314,0.3036649214659686,0.4444444444444444,0.5555555555555556,0.5625,0.4375,0.5714285714285714,0.4285714285714286,0.5136986301369864,0.48630136986301364,0.5,0.5,0.4913195804345195,0.5086804195654805,0.5975308641975309,0.4024691358024691,0.7500000000000001,0.020000000000000018,-1.0,2.0,16.0,0.009999999999999898,-1.0,-2.0,1.0,-48.75999999999999,0.395,-48.75999999999999,0.4302858170792515,0
2025-11-13,Nigeria,Gabón,1-1,4-1,,3.0166000000000004,0.8571999999999999,0.51,0.49,12.0,3.0,7.0,8.0,4.0,3.0,20.0,18.0,1.76,8.5,1495.46,1329.91,7.48,1.01,2025.0,0.8165999999999997,315.94,0.7945999999999998,308.52,1,1,X,0,0,1,1,0.7787185709122826,0.22128142908771742,0.8,0.19999999999999996,0.4666666666666667,0.5333333333333333,0.17153996101364524,0.8284600389863548,0.5059411331390321,0.4940588668609679,0.5,0.5,0.5292970478202855,0.4707029521797145,0.8810365135453475,0.11896348645465249,2.1594000000000007,0.020000000000000018,9.0,-1.0,7.420000000000016,0.02199999999999991,1.0,2.0,-6.74,165.54999999999995,6.470000000000001,165.54999999999995,0.7217145681182219,-1
2025-11-13,Camerún,RD Congo,0-1,,,1.3798000000000001,1.2826,0.45,0.55,5.0,5.0,1.0,4.0,3.0,1.0,18.0,11.0,3.7,4.1,1453.71,1421.32,8.28,5.53,2025.0,0.8238,329.32,0.8594000000000003,452.8,0,1,2,-1,0,0,3,0.5182542067307693,0.4817457932692307,0.5,0.5,0.2,0.8,0.4743589743589744,0.5256410256410255,0.42106070679691093,0.578939293203089,0.0,1.0,0.5056329846992902,0.4943670153007098,0.5995655322230268,0.4004344677769732,0.09720000000000018,-0.10000000000000003,0.0,-3.0,-123.48000000000002,-0.0356000000000003,2.0,7.0,-0.39999999999999947,32.3900000000001,2.749999999999999,32.3900000000001,0.546478385943471,0
2025-11-14,Polonia,Países Bajos,1-1,,,1.58,0.81,0.4,0.6,5.0,3.0,2.0,3.0,2.0,1.0,10.0,14.0,2.0,4.0,1523.84,1759.96,8.91,29.01,2025.0,0.88,363.0,0.93,580.0,1,1,X,0,0,1,1,0.6610878661087866,0.33891213389121344,0.625,0.375,0.4,0.6,0.3333333333333333,0.6666666666666667,0.38494167550371156,0.6150583244962884,0.5,0.5,0.46404774955843836,0.5359522504415617,0.23496835443037975,0.7650316455696202,0.77,-0.19999999999999996,2.0,-1.0,-217.0,-0.050000000000000044,1.0,-4.0,-2.0,-236.12000000000012,-20.1,-236.12000000000012,0.20436775555977962,0
2025-11-14,Croacia,Islas Feroe,3-1,,,2.68,0.45,0.81,0.19,4.0,4.0,11.0,2.0,0.0,2.0,9.0,11.0,3.0,1.0,1710.15,1132.41,14.9,0.222,2025.0,0.88,565.0,0.52,79.0,3,1,1,2,1,3,0,0.8562300319488817,0.1437699680511183,0.5,0.5,0.8461538461538461,0.15384615384615385,0.75,0.25,0.8773291925465838,0.12267080745341619,0.75,0.25,0.6016231847348869,0.39837681526511315,0.9853194021954769,0.014680597804523132,2.23,0.6200000000000001,0.0,9.0,486.0,0.36,-2.0,-2.0,2.0,577.74,14.678,577.74,0.9653013241414572,-3
2025-11-14,Eslovaquia,Irlanda del Norte,1-0,,,1.17,0.37,0.62,0.38,2.0,2.0,3.0,2.0,1.0,4.0,14.0,20.0,2.0,1.0,1483.35,1366.27,2.3,3.47,2025.0,0.8,425.0,0.69,219.0,1,0,1,1,1,3,0,0.7597402597402597,0.24025974025974028,0.5,0.5,0.6,0.4,0.6666666666666666,0.33333333333333337,0.6599378881987578,0.34006211180124224,1.0,0.0,0.5205430899558537,0.47945691004414626,0.3986135181975737,0.6013864818024264,0.7999999999999999,0.24,0.0,1.0,206.0,0.1100000000000001,-3.0,-6.0,1.0,117.07999999999993,-1.1700000000000004,117.07999999999993,0.662390790198102,0
2025-11-14,Luxemburgo,Alemania,0-2,,,0.8,1.65,0.35,0.65,1.0,7.0,4.0,4.0,3.0,2.0,11.0,10.0,5.0,1.0,1231.8,1713.3,0.639,36.42,2025.0,0.79,241.0,0.88,522.0,0,2,2,-2,0,0,3,0.32653061224489793,0.6734693877551021,0.125,0.875,0.5,0.5,0.8333333333333334,0.16666666666666663,0.31585845347313235,0.6841415465268676,0.0,1.0,0.4182540490985026,0.5817459509014974,0.017242775034404596,0.9827572249655954,-0.8499999999999999,-0.30000000000000004,-6.0,0.0,-281.0,-0.08999999999999997,1.0,1.0,4.0,-481.5,-35.781,-481.5,0.05887071207230749,2
2025-11-14,Finlandia,Malta,0-1,,,2.31,0.14,0.61,0.39,8.0,1.0,9.0,1.0,1.74,2.12,15.0,9.0,0.0,6.0,1360.27,979.18,1.55,0.554,2025.0,0.87,490.0,0.77,276.0,0,1,2,-1,0,0,3,0.9428571428571428,0.05714285714285716,0.8888888888888888,0.11111111111111116,0.9,0.09999999999999998,0.0,1.0,0.639686684073107,0.360313315926893,0.0,1.0,0.5814486310885038,0.41855136891149625,0.7366920152091254,0.2633079847908746,2.17,0.21999999999999997,7.0,8.0,214.0,0.09999999999999998,-0.3800000000000001,6.0,-6.0,381.09000000000003,0.996,381.09000000000003,0.8996850826522004,-2
2025-11-14,Gibraltar,Montenegro,1-2,,,0.56,3.36,0.35,0.65,1.0,8.0,1.0,9.0,2.0,1.0,14.0,14.0,6.0,0.0,823.32,1297.88,0.073,2.48,2025.0,0.58,116.0,0.8,291.0,1,2,2,-1,0,0,3,0.14285714285714288,0.8571428571428571,0.1111111111111111,0.8888888888888888,0.1,0.9,1.0,0.0,0.28501228501228504,0.714987714987715,0.3333333333333333,0.6666666666666667,0.38813878936451063,0.6118612106354894,0.028593811202506855,0.9714061887974932,-2.8,-0.30000000000000004,-7.0,-8.0,-175.0,-0.22000000000000008,1.0,0.0,6.0,-474.56000000000006,-2.407,-474.56000000000006,0.061123533612789396,1
2025-11-14,Haití,Costa Rica,1-0,,,1.33,1.21,0.47,0.53,3.0,6.0,1.0,7.0,2.0,1.0,20.0,12.0,6.0,2.0,1268.32,1483.74,2.15,1.34,2025.0,0.74,294.0,0.78,351.0,1,0,1,1,1,3,0,0.5236220472440946,0.47637795275590544,0.3333333333333333,0.6666666666666667,0.125,0.875,0.75,0.25,0.4558139534883721,0.5441860465116279,1.0,0.0,0.4608620451588991,0.5391379548411008,0.6160458452722063,0.3839541547277937,0.1200000000000001,-0.06000000000000005,-3.0,-6.0,-57.0,-0.040000000000000036,1.0,8.0,4.0,-215.42000000000007,0.8099999999999998,-215.42000000000007,0.2244260290810822,1
2025-11-14,Nicaragua,Honduras,2-0,,,0.91,0.95,0.37,0.63,3.0,5.0,5.0,10.0,1.0,2.0,11.0,8.0,5.0,1.0,1106.83,1396.23,0.172,0.805,2025.0,0.7,200.0,0.83,384.0,2,0,1,2,1,3,0,0.48924731182795705,0.510752688172043,0.375,0.625,0.3333333333333333,0.6666666666666667,0.8333333333333334,0.16666666666666663,0.3424657534246575,0.6575342465753424,1.0,0.0,0.4421907585115818,0.5578092414884182,0.17604912998976455,0.8239508700102355,-0.039999999999999925,-0.26,-2.0,-5.0,-184.0,-0.13,-1.0,3.0,4.0,-289.4000000000001,-0.633,-289.4000000000001,0.15896886506339608,2
2025-11-14,Bermudas,Curazao,0-7,,,0.14,3.68,0.31,0.69,1.0,15.0,3.0,7.0,5.0,1.0,20.0,8.0,8.0,1.0,976.75,1295.52,0.013,0.991,2025.0,0.71,162.0,0.89,457.0,0,7,2,-7,0,0,3,0.03664921465968587,0.9633507853403142,0.0625,0.9375,0.3,0.7,0.8888888888888888,0.11111111111111116,0.2617124394184168,0.7382875605815832,0.0,1.0,0.4298564871252096,0.5701435128747905,0.01294820717131474,0.9870517928286853,-3.54,-0.37999999999999995,-14.0,-4.0,-295.0,-0.18000000000000005,4.0,12.0,7.0,-318.77,-0.978,-318.77,0.13764517646700156,1
2025-11-14,Trinidad y Tobago,Jamaica,1-1,,,1.48,0.46,0.62,0.38,6.0,1.0,3.0,4.0,0.0,4.0,10.0,13.0,0.0,5.0,1229.9,1367.18,0.1,0.377,2025.0,0.84,346.0,0.68,176.0,1,1,X,0,0,1,1,0.7628865979381444,0.2371134020618556,0.8571428571428571,0.1428571428571429,0.42857142857142855,0.5714285714285714,0.0,1.0,0.6628352490421456,0.33716475095785436,0.5,0.5,0.47357031743342526,0.5264296825665747,0.20964360587002098,0.790356394129979,1.02,0.24,5.0,-1.0,170.0,0.15999999999999992,-4.0,-3.0,-5.0,-137.27999999999997,-0.277,-137.27999999999997,0.3121155924076724,1
2025-11-14,Guatemala,Panamá,2-3,,,2.87,0.4,0.62,0.38,8.0,5.0,9.0,2.0,0.0,2.0,11.0,10.0,2.0,5.0,1241.52,1528.21,0.338,1.33,2025.0,0.82,376.0,0.72,213.0,2,3,2,-1,0,0,3,0.8776758409785933,0.1223241590214067,0.6153846153846154,0.3846153846153846,0.8181818181818182,0.18181818181818177,0.2857142857142857,0.7142857142857143,0.6383701188455009,0.3616298811544991,0.4,0.6,0.44824585789950644,0.5517541421004936,0.2026378896882494,0.7973621103117506,2.47,0.24,3.0,7.0,163.0,0.09999999999999998,-2.0,1.0,-3.0,-286.69000000000005,-0.992,-286.69000000000005,0.16106566471074205,2
2025-11-15,Bosnia-Herzegovina,Rumanía,3-1,,,1.79,1.5,0.59,0.41,4.0,3.0,4.0,1.0,5.0,2.0,15.0,16.0,2.0,1.0,1341.36,1480.13,5.63,2.37,2025.0,0.84,413.0,0.74,261.0,3,1,1,2,1,3,0,0.5440729483282675,0.45592705167173253,0.5714285714285714,0.4285714285714286,0.8,0.19999999999999996,0.6666666666666666,0.33333333333333337,0.612759643916914,0.38724035608308605,0.75,0.25,0.4754083835136754,0.5245916164863246,0.70375,0.29625,0.29000000000000004,0.18,1.0,3.0,152.0,0.09999999999999998,3.0,-1.0,1.0,-138.7700000000002,3.26,-138.7700000000002,0.3102770615130258,1
2025-11-15,Dinamarca,Bielorrusia,2-2,,,2.88,0.85,0.67,0.33,10.0,3.0,13.0,3.0,0.0,5.0,4.0,15.0,1.0,8.0,1641.02,1212.78,15.87,0.641,2025.0,0.88,553.0,0.75,236.0,2,2,X,0,0,1,1,0.7721179624664879,0.2278820375335121,0.7692307692307693,0.23076923076923073,0.8125,0.1875,0.1111111111111111,0.8888888888888888,0.7008871989860583,0.29911280101394166,0.5,0.5,0.5750297848482724,0.4249702151517276,0.9611773968869238,0.03882260311307617,2.03,0.34,7.0,10.0,317.0,0.13,-5.0,-11.0,-7.0,428.24,15.229,428.24,0.9216621326149914,-2
2025-11-15,Eslovenia,Kosovo,0-2,,,0.3,0.97,0.51,0.49,2.0,7.0,4.0,7.0,3.0,1.0,11.0,9.0,6.0,2.0,1462.93,1284.73,4.02,5.46,2025.0,0.81,359.0,0.82,353.0,0,2,2,-2,0,0,3,0.23622047244094488,0.7637795275590551,0.2222222222222222,0.7777777777777778,0.36363636363636365,0.6363636363636364,0.75,0.25,0.5042134831460674,0.4957865168539326,0.0,1.0,0.5324275929336235,0.4675724070663765,0.42405063291139233,0.5759493670886077,-0.6699999999999999,0.020000000000000018,-5.0,-3.0,6.0,-0.009999999999999898,2.0,2.0,4.0,178.20000000000005,-1.4400000000000004,178.20000000000005,0.7361011506539062,-1
2025-11-15,Grecia,Escocia,3-2,,,1.93,2.36,0.49,0.51,10.0,6.0,6.0,8.0,2.0,3.0,9.0,14.0,3.0,7.0,1472.99,1504.2,11.02,6.55,2025.0,0.83,369.0,0.85,379.0,3,2,1,1,1,3,0,0.44988344988344986,0.5501165501165501,0.625,0.375,0.42857142857142855,0.5714285714285714,0.3,0.7,0.49331550802139035,0.5066844919786097,0.6,0.4,0.494758480311972,0.505241519688028,0.6272054638588502,0.37279453614114977,-0.42999999999999994,-0.020000000000000018,4.0,-2.0,-10.0,-0.020000000000000018,-1.0,-5.0,-4.0,-31.210000000000036,4.47,-31.210000000000036,0.45520562204140746,0
2025-11-15,Suiza,Suecia,4-1,,,1.71,0.65,0.59,0.41,7.0,3.0,4.0,3.0,1.0,4.0,13.0,18.0,2.0,3.0,1653.32,1496.99,12.79,15.62,2025.0,0.9,476.0,0.85,320.0,4,1,1,3,1,3,0,0.7245762711864407,0.27542372881355925,0.7,0.30000000000000004,0.5714285714285714,0.4285714285714286,0.4,0.6,0.5979899497487438,0.40201005025125625,0.8,0.19999999999999996,0.5248118439137736,0.47518815608622644,0.45019359380499824,0.5498064061950018,1.06,0.18,4.0,1.0,156.0,0.050000000000000044,-3.0,-5.0,-1.0,156.32999999999993,-2.83,156.32999999999993,0.7109305590265289,-1
2025-11-15,Liechtenstein,Gales,0-1,,,0.28,2.85,0.22,0.78,0.0,7.0,2.0,7.0,2.0,3.0,9.0,5.0,6.0,0.0,801.99,1518.81,0.026,6.69,2025.0,0.66,131.0,0.92,640.0,0,1,2,-1,0,0,3,0.08945686900958467,0.9105431309904153,0.0,1.0,0.2222222222222222,0.7777777777777778,1.0,0.0,0.16990920881971466,0.8300907911802853,0.0,1.0,0.34556618407445705,0.654433815925543,0.0038713519952352587,0.9961286480047647,-2.5700000000000003,-0.56,-7.0,-5.0,-509.0,-0.26,-1.0,4.0,6.0,-716.8199999999999,-6.664000000000001,-716.8199999999999,0.015885310726015282,3
2025-11-15,Georgia,España,0-4,,,0.28,3.52,0.39,0.61,2.0,7.0,4.0,6.0,0.0,1.0,9.0,9.0,3.0,2.0,1365.92,1880.76,9.65,47.03,2025.0,0.85,341.0,0.91,580.0,0,4,2,-4,0,0,3,0.0736842105263158,0.9263157894736842,0.2222222222222222,0.7777777777777778,0.4,0.6,0.6,0.4,0.3702497285559175,0.6297502714440826,0.0,1.0,0.4207128512819249,0.5792871487180751,0.17025405786873676,0.8297459421312632,-3.24,-0.21999999999999997,-5.0,-2.0,-239.0,-0.06000000000000005,-1.0,0.0,1.0,-514.8399999999999,-37.38,-514.8399999999999,0.04909498566286334,1
2025-11-15,Turquía,Bulgaria,2-0,,,2.56,0.39,0.67,0.33,6.0,2.0,9.0,6.0,3.0,1.0,11.0,12.0,2.0,5.0,1570.18,1263.07,18.22,1.2,2025.0,0.86,480.0,0.73,206.0,2,0,1,2,1,3,0,0.8677966101694915,0.1322033898305085,0.75,0.25,0.6,0.4,0.2857142857142857,0.7142857142857143,0.6997084548104956,0.3002915451895044,1.0,0.0,0.5541974763963646,0.44580252360363537,0.9382080329557158,0.061791967044284246,2.17,0.34,4.0,3.0,274.0,0.13,2.0,-1.0,-3.0,307.1100000000001,17.02,307.1100000000001,0.8541922446933531,-2
2025-11-15,Kazajistán,Bélgica,1-1,,,0.34,2.87,0.23,0.77,3.0,8.0,5.0,12.0,4.0,1.0,17.0,5.0,8.0,2.0,1168.47,1740.01,0.652,21.06,2025.0,0.74,142.0,0.89,588.0,1,1,X,0,0,1,1,0.10591900311526481,0.8940809968847352,0.2727272727272727,0.7272727272727273,0.29411764705882354,0.7058823529411764,0.8,0.19999999999999996,0.19452054794520549,0.8054794520547945,0.5,0.5,0.4017459291451205,0.5982540708548796,0.030029476787030215,0.9699705232129698,-2.5300000000000002,-0.54,-5.0,-7.0,-446.0,-0.15000000000000002,3.0,12.0,6.0,-571.54,-20.407999999999998,-571.54,0.03591415928908954,2
2025-11-15,Chipre,Austria,0-2,,,0.36,2.51,0.37,0.63,0.0,6.0,6.0,3.0,2.0,0.0,13.0,15.0,4.0,0.0,1137.43,1586.98,0.737,9.43,2025.0,0.71,233.0,0.86,505.0,0,2,2,-2,0,0,3,0.1254355400696864,0.8745644599303136,0.0,1.0,0.6666666666666666,0.33333333333333337,1.0,0.0,0.3157181571815718,0.6842818428184282,0.0,1.0,0.4174958981944715,0.5825041018055285,0.07248942657617784,0.9275105734238221,-2.15,-0.26,-6.0,3.0,-272.0,-0.15000000000000002,2.0,-2.0,4.0,-449.54999999999995,-8.693,-449.54999999999995,0.06992657176686538,3
2025-11-16,Azerbaiyán,Francia,1-3,,,0.15,2.7,0.26,0.74,1.0,4.0,1.0,8.0,2.0,0.0,10.0,12.0,2.0,0.0,1142.25,1862.71,0.706,58.58,2025.0,0.67,148.0,0.9,549.0,1,3,2,-2,0,0,3,0.05263157894736842,0.9473684210526316,0.2,0.8,0.1111111111111111,0.8888888888888888,1.0,0.0,0.21233859397417504,0.7876614060258249,0.25,0.75,0.3801215323997657,0.6198784676002342,0.01190837634517424,0.9880916236548257,-2.5500000000000003,-0.48,-3.0,-7.0,-401.0,-0.22999999999999998,2.0,-2.0,2.0,-720.46,-57.873999999999995,-720.46,0.015561046132646408,3
2025-11-16,Albania,Inglaterra,0-2,,,0.49,1.86,0.3,0.7,3.0,7.0,5.0,5.0,1.0,2.0,9.0,10.0,5.0,3.0,1401.34,1824.3,3.42,52.43,2025.0,0.74,211.0,0.92,633.0,0,2,2,-2,0,0,3,0.20851063829787234,0.7914893617021277,0.3,0.7,0.5,0.5,0.625,0.375,0.25,0.75,0.0,1.0,0.43443781699135675,0.5655621830086432,0.06123545210384959,0.9387645478961504,-1.37,-0.39999999999999997,-4.0,0.0,-422.0,-0.18000000000000005,-1.0,-1.0,2.0,-422.96000000000004,-49.01,-422.96000000000004,0.08056067132332102,1
2025-11-16,Serbia,Letonia,2-1,,,1.96,1.26,0.67,0.33,7.0,4.0,13.0,3.0,0.0,2.0,8.0,17.0,3.0,4.0,1507.84,1084.26,7.76,0.329,2025.0,0.9,520.0,0.73,214.0,2,1,1,1,1,3,0,0.6086956521739131,0.3913043478260869,0.6363636363636364,0.36363636363636365,0.8125,0.1875,0.42857142857142855,0.5714285714285714,0.7084468664850136,0.29155313351498635,0.6666666666666666,0.33333333333333337,0.5817059527024421,0.4182940472975579,0.9593274817653603,0.04067251823463969,0.7,0.34,3.0,10.0,306.0,0.17000000000000004,-2.0,-9.0,-1.0,423.5799999999999,7.431,423.5799999999999,0.91970329190725,-2
2025-11-16,Portugal,Armenia,9-1,,,5.69,0.75,0.76,0.24,15.0,2.0,7.0,1.0,0.0,1.0,7.0,10.0,1.0,6.0,1778.0,1204.7,38.67,1.56,2025.0,0.91,598.0,0.75,160.0,9,1,1,8,1,3,0,0.8835403726708074,0.11645962732919257,0.8823529411764706,0.11764705882352944,0.875,0.125,0.14285714285714285,0.8571428571428572,0.7889182058047494,0.21108179419525064,0.9,0.09999999999999998,0.5961042008918095,0.4038957991081905,0.9612229679343772,0.038777032065622774,4.94,0.52,13.0,6.0,438.0,0.16000000000000003,-1.0,-3.0,-5.0,573.3,37.11,573.3,0.9644349881690493,-2
2025-11-16,Hungría,Irlanda,2-3,,,1.33,1.72,0.53,0.47,7.0,5.0,8.0,2.0,2.0,4.0,10.0,17.0,2.0,5.0,1504.92,1401.18,7.21,5.44,2025.0,0.81,322.0,0.8,278.0,2,3,2,-1,0,0,3,0.4360655737704919,0.5639344262295081,0.5833333333333334,0.41666666666666663,0.8,0.19999999999999996,0.2857142857142857,0.7142857142857143,0.5366666666666666,0.4633333333333334,0.4,0.6,0.5178486631568081,0.4821513368431919,0.5699604743083003,0.4300395256916997,-0.3899999999999999,0.06000000000000005,2.0,6.0,44.0,0.010000000000000009,-2.0,-7.0,-3.0,103.74000000000001,1.7699999999999996,103.74000000000001,0.6450098267553456,0
2025-11-16,Italia,Noruega,1-4,,,1.3,1.59,0.58,0.42,4.0,5.0,6.0,2.0,3.0,2.0,15.0,8.0,1.0,3.0,1717.15,1532.14,13.73,22.69,2025.0,0.88,473.0,0.85,333.0,1,4,2,-3,0,0,3,0.44982698961937717,0.5501730103806228,0.4444444444444444,0.5555555555555556,0.75,0.25,0.25,0.75,0.586848635235732,0.41315136476426795,0.2,0.8,0.5284692963693607,0.4715307036306393,0.3769906644700714,0.6230093355299287,-0.29000000000000004,0.15999999999999998,-1.0,4.0,140.0,0.030000000000000027,1.0,7.0,-2.0,185.01,-8.96,185.01,0.7436454961017447,0
2025-11-16,Israel,Moldavia,4-1,,,3.86,0.42,0.73,0.27,9.0,1.0,9.0,3.0,2.0,2.0,9.0,12.0,0.0,5.0,1324.57,1020.2,2.96,0.373,2025.0,0.9,565.0,0.72,165.0,4,1,1,3,1,3,0,0.9018691588785046,0.0981308411214954,0.9,0.09999999999999998,0.75,0.25,0.0,1.0,0.773972602739726,0.226027397260274,0.8,0.19999999999999996,0.5649040204369725,0.4350959795630275,0.888088808880888,0.11191119111911196,3.44,0.45999999999999996,8.0,6.0,400.0,0.18000000000000005,0.0,-3.0,-5.0,304.3699999999999,2.5869999999999997,304.3699999999999,0.8522167927291074,-1
2025-11-16,Ucrania,Islandia,2-0,,,1.53,0.79,0.52,0.48,6.0,2.0,3.0,10.0,2.0,1.0,12.0,6.0,3.0,4.0,1555.36,1344.84,9.88,3.71,2025.0,0.81,350.0,0.79,313.0,2,0,1,2,1,3,0,0.6594827586206896,0.3405172413793104,0.75,0.25,0.23076923076923078,0.7692307692307692,0.42857142857142855,0.5714285714285714,0.5279034690799397,0.4720965309200603,1.0,0.0,0.5362940486862975,0.4637059513137025,0.7270051508462105,0.27299484915378947,0.74,0.040000000000000036,4.0,-7.0,37.0,0.020000000000000018,1.0,6.0,-1.0,210.51999999999998,6.170000000000001,210.51999999999998,0.770626216003147,-2
2025-11-16,Nigeria,RD Congo,1-1,1-1,1-2,0.7572,1.5989999999999998,0.46,0.54,2.0,8.0,2.0,6.0,2.44,1.98,17.0,27.0,5.7,1.12,1495.46,1421.32,7.48,5.53,2025.0,0.8142,322.5,0.8460000000000004,422.7,1,1,X,0,0,1,1,0.32136490960020375,0.6786350903997962,0.2,0.8,0.25,0.75,0.8357771260997068,0.16422287390029322,0.4327697262479871,0.567230273752013,0.5,0.5,0.5127092204417201,0.48729077955827993,0.5749423520368947,0.4250576479631053,-0.8417999999999998,-0.08000000000000002,-6.0,-4.0,-100.19999999999999,-0.031800000000000384,0.45999999999999996,-10.0,4.58,74.1400000000001,1.9500000000000002,74.1400000000001,0.605105491543885,0
2025-11-17,República Checa,Gibraltar,6-0,,,4.29,0.0,0.73,0.27,10.0,0.0,12.0,1.0,0.0,1.0,9.0,9.0,0.0,4.0,1484.68,823.32,7.24,0.073,2025.0,0.87,528.0,0.67,158.0,6,0,1,6,1,3,0,1.0,0.0,1.0,0.0,0.9230769230769231,0.07692307692307687,0.0,1.0,0.7696793002915452,0.2303206997084548,1.0,0.0,0.6432755632582322,0.3567244367417678,0.9900177765622863,0.009982223437713711,4.29,0.45999999999999996,10.0,11.0,370.0,0.19999999999999996,-1.0,0.0,-4.0,661.36,7.167,661.36,0.9782700484990293,-2
2025-11-17,Países Bajos,Lituania,4-0,,,3.16,0.67,0.69,0.31,8.0,1.0,5.0,3.0,0.0,2.0,10.0,10.0,1.0,4.0,1759.96,1055.58,29.01,0.703,2025.0,0.87,497.0,0.74,192.0,4,0,1,4,1,3,0,0.825065274151436,0.17493472584856395,0.8888888888888888,0.11111111111111116,0.625,0.375,0.2,0.8,0.7213352685050798,0.2786647314949202,1.0,0.0,0.625087904984479,0.37491209501552103,0.9763403224177969,0.02365967758220311,2.49,0.37999999999999995,7.0,2.0,305.0,0.13,-2.0,0.0,-3.0,704.3800000000001,28.307000000000002,704.3800000000001,0.9829555157656995,-3
2025-11-17,Montenegro,Croacia,2-3,,,0.98,2.7,0.37,0.63,5.0,7.0,5.0,3.0,3.0,1.0,17.0,16.0,4.0,3.0,1297.88,1710.15,2.48,14.9,2025.0,0.78,221.0,0.89,438.0,2,3,2,-1,0,0,3,0.2663043478260869,0.7336956521739131,0.4166666666666667,0.5833333333333333,0.625,0.375,0.5714285714285714,0.4285714285714286,0.3353566009104704,0.6646433990895295,0.4,0.6,0.43147176058749415,0.5685282394125059,0.142692750287687,0.857307249712313,-1.7200000000000002,-0.26,-2.0,2.0,-217.0,-0.10999999999999999,2.0,1.0,1.0,-412.27,-12.42,-412.27,0.08523797564433577,2
2025-11-17,Malta,Polonia,2-3,,,2.37,1.79,0.42,0.58,8.0,4.0,4.0,9.0,2.0,2.0,7.0,6.0,1.0,5.0,979.18,1523.84,0.554,8.91,2025.0,0.81,285.0,0.85,415.0,2,3,2,-1,0,0,3,0.5697115384615384,0.43028846153846156,0.6666666666666666,0.33333333333333337,0.3076923076923077,0.6923076923076923,0.16666666666666666,0.8333333333333334,0.40714285714285714,0.5928571428571429,0.4,0.6,0.3911994310872466,0.6088005689127534,0.05853761622992393,0.9414623837700761,0.5800000000000001,-0.15999999999999998,4.0,-5.0,-130.0,-0.039999999999999925,0.0,1.0,-4.0,-544.66,-8.356,-544.66,0.04167382377060066,3
2025-11-17,Irlanda del Norte,Luxemburgo,1-0,,,1.22,0.78,0.4,0.6,3.0,3.0,5.0,2.0,4.0,7.0,11.0,18.0,3.0,2.0,1366.27,1231.8,3.47,0.639,2025.0,0.69,217.0,0.78,382.0,1,0,1,1,1,3,0,0.61,0.39,0.5,0.5,0.7142857142857143,0.2857142857142857,0.6,0.4,0.3622704507512521,0.6377295492487479,1.0,0.0,0.5258788254358043,0.47412117456419567,0.8444877099050865,0.15551229009491352,0.43999999999999995,-0.19999999999999996,0.0,3.0,-165.0,-0.09000000000000008,-3.0,-7.0,1.0,134.47000000000003,2.8310000000000004,134.47000000000003,0.6844009915513823,-1
2025-11-17,Alemania,Eslovaquia,6-0,,,4.02,0.39,0.72,0.28,10.0,2.0,8.0,3.0,1.0,0.0,11.0,3.0,2.0,4.0,1713.3,1483.35,36.42,2.3,2025.0,0.93,757.0,0.8,260.0,6,0,1,6,1,3,0,0.9115646258503401,0.08843537414965985,0.8333333333333334,0.16666666666666663,0.7272727272727273,0.2727272727272727,0.3333333333333333,0.6666666666666667,0.744346116027532,0.255653883972468,1.0,0.0,0.5359673408099104,0.4640326591900896,0.940599173553719,0.059400826446280974,3.6299999999999994,0.43999999999999995,8.0,5.0,497.0,0.13,1.0,8.0,-2.0,229.95000000000005,34.120000000000005,229.95000000000005,0.7897963999088743,-1
2025-11-18,Irak,Emiratos Árabes Unidos,2-1,,,1.45,1.03,0.5,0.5,2.0,4.0,4.0,3.0,1.0,5.0,8.0,12.0,3.0,0.0,1428.69,1379.93,0.815,1.21,2025.0,0.8,283.0,0.79,289.0,2,1,1,1,1,3,0,0.5846774193548387,0.41532258064516125,0.3333333333333333,0.6666666666666667,0.5714285714285714,0.4285714285714286,1.0,0.0,0.49475524475524474,0.5052447552447552,0.6666666666666666,0.33333333333333337,0.5086804195654806,0.4913195804345194,0.4024691358024691,0.5975308641975309,0.41999999999999993,0.0,-2.0,1.0,-6.0,0.010000000000000009,-4.0,-4.0,3.0,48.75999999999999,-0.395,48.75999999999999,0.5697141829207485,0
2025-11-18,Suecia,Eslovenia,1-1,,,0.64,2.13,0.61,0.39,2.0,3.0,6.0,7.0,2.0,1.0,6.0,11.0,2.0,1.0,1496.99,1462.93,15.62,4.02,2025.0,0.89,557.0,0.84,330.0,1,1,X,0,0,1,1,0.23104693140794225,0.7689530685920578,0.4,0.6,0.46153846153846156,0.5384615384615384,0.6666666666666666,0.33333333333333337,0.6279594137542277,0.3720405862457723,0.5,0.5,0.505753533879294,0.494246466120706,0.795315682281059,0.20468431771894102,-1.4899999999999998,0.21999999999999997,-1.0,-1.0,227.0,0.050000000000000044,1.0,-5.0,1.0,34.059999999999945,11.6,34.059999999999945,0.5488598597038092,0
2025-11-18,Rumanía,San Marino,7-1,,,4.87,0.24,0.76,0.24,13.0,1.0,6.0,0.0,0.0,4.0,7.0,18.0,0.0,8.0,1480.13,727.95,2.37,0.044,2025.0,0.87,551.0,0.62,123.0,7,1,1,6,1,3,0,0.9530332681017613,0.046966731898238745,0.9285714285714286,0.0714285714285714,1.0,0.0,0.0,1.0,0.8175074183976261,0.18249258160237392,0.875,0.125,0.670324444766494,0.329675555233506,0.9817729908864954,0.01822700911350461,4.63,0.52,12.0,6.0,428.0,0.25,-4.0,-11.0,-8.0,752.1800000000001,2.326,752.1800000000001,0.9870022510854894,-2
2025-11-18,Kosovo,Suiza,1-1,,,0.6,0.92,0.47,0.53,4.0,3.0,3.0,1.0,2.0,0.0,9.0,9.0,2.0,3.0,1284.73,1653.32,5.46,12.79,2025.0,0.88,398.0,0.87,458.0,1,1,X,0,0,1,1,0.39473684210526316,0.6052631578947368,0.5714285714285714,0.4285714285714286,0.75,0.25,0.4,0.6,0.4649532710280374,0.5350467289719626,0.5,0.5,0.4372730212215585,0.5627269787784415,0.2991780821917808,0.7008219178082191,-0.32000000000000006,-0.06000000000000005,1.0,2.0,-60.0,0.010000000000000009,2.0,0.0,-1.0,-368.5899999999999,-7.329999999999999,-368.5899999999999,0.1069983897706796,2
2025-11-18,España,Turquía,2-2,,,2.58,1.14,0.73,0.27,9.0,7.0,6.0,3.0,1.0,5.0,5.0,8.0,5.0,6.0,1880.76,1570.18,47.03,18.22,2025.0,0.92,705.0,0.81,230.0,2,2,X,0,0,1,1,0.6935483870967742,0.30645161290322576,0.5625,0.4375,0.6666666666666666,0.33333333333333337,0.45454545454545453,0.5454545454545454,0.7540106951871658,0.2459893048128342,0.5,0.5,0.5449993335149264,0.45500066648507365,0.7207662835249042,0.27923371647509576,1.4400000000000002,0.45999999999999996,2.0,3.0,475.0,0.10999999999999999,-4.0,-3.0,-1.0,310.5799999999999,28.810000000000002,310.5799999999999,0.8566625195759136,0
2025-11-18,Bielorrusia,Grecia,0-0,,,0.71,0.76,0.35,0.65,1.0,3.0,2.0,6.0,1.0,1.0,13.0,16.0,3.0,1.0,1212.78,1472.99,0.641,11.02,2025.0,0.75,264.0,0.87,572.0,0,0,X,0,0,1,1,0.48299319727891155,0.5170068027210885,0.25,0.75,0.25,0.75,0.75,0.25,0.3157894736842105,0.6842105263157895,0.5,0.5,0.4515576538571806,0.5484423461428194,0.054969556641797444,0.9450304433582025,-0.050000000000000044,-0.30000000000000004,-2.0,-4.0,-308.0,-0.12,0.0,-3.0,2.0,-260.21000000000004,-10.379,-260.21000000000004,0.18274055803186964,1
2025-11-18,Bélgica,Liechtenstein,7-0,,,3.07,0.04,0.8,0.2,13.0,1.0,15.0,0.0,0.0,1.0,9.0,10.0,1.0,5.0,1740.01,801.99,21.06,0.026,2025.0,0.92,654.0,0.72,124.0,7,0,1,7,1,3,0,0.9871382636655949,0.012861736334405127,0.9285714285714286,0.0714285714285714,1.0,0.0,0.16666666666666666,0.8333333333333334,0.8406169665809768,0.15938303341902316,1.0,0.0,0.6845043273013375,0.3154956726986625,0.998766954377312,0.0012330456226880004,3.03,0.6000000000000001,12.0,15.0,530.0,0.20000000000000007,-1.0,-1.0,-4.0,938.02,21.034,938.02,0.9955022816129188,-3
2025-11-18,Escocia,Dinamarca,4-2,,,1.76,2.19,0.3,0.7,5.0,3.0,2.0,9.0,1.0,3.0,15.0,12.0,1.0,1.0,1504.2,1641.02,6.55,15.87,2025.0,0.73,188.0,0.88,536.0,4,2,1,2,1,3,0,0.44556962025316454,0.5544303797468355,0.625,0.375,0.18181818181818182,0.8181818181818181,0.5,0.5,0.2596685082872928,0.7403314917127072,0.6666666666666666,0.33333333333333337,0.4782495342138229,0.5217504657861771,0.292149866190901,0.707850133809099,-0.42999999999999994,-0.39999999999999997,2.0,-7.0,-348.0,-0.15000000000000002,-2.0,3.0,0.0,-136.81999999999994,-9.32,-136.81999999999994,0.31268439337545173,1
2025-11-18,Gales,Macedonia del Norte,7-1,,,3.62,0.63,0.7,0.3,10.0,2.0,9.0,3.0,0.0,3.0,6.0,12.0,1.0,3.0,1518.81,1390.6,6.69,1.38,2025.0,0.91,550.0,0.73,191.0,7,1,1,6,1,3,0,0.851764705882353,0.14823529411764702,0.8333333333333334,0.16666666666666663,0.75,0.25,0.25,0.75,0.7422402159244265,0.25775978407557354,0.875,0.125,0.5220336769310616,0.4779663230689384,0.828996282527881,0.17100371747211895,2.99,0.39999999999999997,8.0,6.0,359.0,0.18000000000000005,-3.0,-6.0,-2.0,128.21000000000004,5.3100000000000005,128.21000000000004,0.6765662533293846,-1
2025-11-18,Austria,Bosnia-Herzegovina,1-1,,,1.2,0.81,0.7,0.3,3.0,1.0,4.0,2.0,1.0,2.0,8.0,9.0,0.0,2.0,1586.98,1341.36,9.43,5.63,2025.0,0.86,551.0,0.7,196.0,1,1,X,0,0,1,1,0.5970149253731344,0.4029850746268656,0.75,0.25,0.6666666666666666,0.33333333333333337,0.0,1.0,0.7376171352074966,0.2623828647925034,0.5,0.5,0.5419384361105609,0.4580615638894391,0.6261620185922975,0.3738379814077025,0.3899999999999999,0.39999999999999997,2.0,2.0,355.0,0.16000000000000003,-1.0,-1.0,-2.0,245.62000000000012,3.8,245.62000000000012,0.8043807212851116,-2
2025-11-18,Bulgaria,Georgia,2-1,,,0.71,1.84,0.23,0.77,3.0,3.0,0.0,4.0,1.0,2.0,7.0,9.0,2.0,1.0,1263.07,1365.92,1.2,9.65,2025.0,0.67,164.0,0.92,746.0,2,1,1,1,1,3,0,0.2784313725490196,0.7215686274509804,0.5,0.5,0.0,1.0,0.6666666666666666,0.33333333333333337,0.18021978021978022,0.8197802197802198,0.6666666666666666,0.33333333333333337,0.48043925614019073,0.5195607438598093,0.11059907834101382,0.8894009216589862,-1.1300000000000001,-0.54,0.0,-4.0,-582.0,-0.25,-1.0,-2.0,1.0,-102.85000000000014,-8.450000000000001,-102.85000000000014,0.35616412481883214,1
2025-11-19,Trinidad y Tobago,Bermudas,2-2,,,1.93,1.84,0.68,0.32,8.0,8.0,17.0,2.0,1.74,2.5,7.0,7.0,6.0,5.0,1229.9,976.75,0.1,0.013,2025.0,0.92,452.0,0.79,181.0,2,2,X,0,0,1,1,0.5119363395225464,0.48806366047745364,0.5,0.5,0.8947368421052632,0.10526315789473684,0.5454545454545454,0.4545454545454546,0.7140600315955766,0.2859399684044234,0.5,0.5,0.5573607051412776,0.44263929485872244,0.8849557522123894,0.11504424778761058,0.08999999999999986,0.36000000000000004,0.0,15.0,271.0,0.13,-0.76,0.0,1.0,253.1500000000001,0.08700000000000001,253.1500000000001,0.8111114855000625,-1
2025-11-19,Jamaica,Curazao,0-0,,,1.04,0.84,0.6,0.4,1.0,5.0,3.0,3.0,4.0,2.0,17.0,19.0,4.0,1.0,1367.18,1295.52,0.377,0.991,2025.0,0.73,260.0,0.68,169.0,0,0,X,0,0,1,1,0.5531914893617021,0.44680851063829785,0.16666666666666666,0.8333333333333334,0.5,0.5,0.8,0.19999999999999996,0.6060606060606061,0.3939393939393939,0.5,0.5,0.5134562661959665,0.4865437338040335,0.27558479532163743,0.7244152046783625,0.20000000000000007,0.19999999999999996,-4.0,0.0,91.0,0.04999999999999993,2.0,-2.0,3.0,71.66000000000008,-0.614,71.66000000000008,0.6016891260767283,-1
2025-11-19,Haití,Nicaragua,2-0,,,1.65,0.4,0.51,0.49,4.0,3.0,3.0,4.0,4.0,3.0,20.0,13.0,3.0,1.0,1268.32,1106.83,2.15,0.172,2025.0,0.85,336.0,0.82,303.0,2,0,1,2,1,3,0,0.8048780487804879,0.19512195121951215,0.5714285714285714,0.4285714285714286,0.42857142857142855,0.5714285714285714,0.75,0.25,0.5258215962441315,0.4741784037558685,1.0,0.0,0.5339957476369914,0.4660042523630086,0.9259259259259258,0.07407407407407418,1.25,0.020000000000000018,1.0,-1.0,33.0,0.030000000000000027,1.0,7.0,2.0,161.49,1.978,161.49,0.7169963929818414,-1
2025-11-19,Panamá,El Salvador,3-0,,,3.4,0.52,0.69,0.31,10.0,2.0,4.0,1.0,1.0,2.0,22.0,17.0,2.0,6.0,1528.21,1247.77,1.33,0.285,2025.0,0.89,491.0,0.74,179.0,3,0,1,3,1,3,0,0.8673469387755102,0.13265306122448983,0.8333333333333334,0.16666666666666663,0.8,0.19999999999999996,0.25,0.75,0.7328358208955223,0.26716417910447765,1.0,0.0,0.5505118912960468,0.44948810870395317,0.823529411764706,0.17647058823529405,2.88,0.37999999999999995,8.0,3.0,312.0,0.15000000000000002,-1.0,5.0,-4.0,280.44000000000005,1.0450000000000002,280.44000000000005,0.8340134002116505,-2
2025-11-19,Guatemala,Surinam,3-1,,,2.96,0.42,0.48,0.52,10.0,3.0,12.0,2.0,1.0,1.0,9.0,8.0,3.0,6.0,1241.52,1135.89,0.338,1.38,2025.0,0.81,322.0,0.83,369.0,3,1,1,2,1,3,0,0.8757396449704142,0.12426035502958577,0.7692307692307693,0.23076923076923073,0.8571428571428571,0.1428571428571429,0.3333333333333333,0.6666666666666667,0.46599131693198265,0.5340086830680173,0.75,0.25,0.5222153520007067,0.4777846479992933,0.19674039580908034,0.8032596041909197,2.54,-0.040000000000000036,7.0,10.0,-47.0,-0.019999999999999907,0.0,1.0,-3.0,105.62999999999988,-1.0419999999999998,105.62999999999988,0.6474970298837229,-1
2025-11-19,Costa Rica,Honduras,0-0,,,0.58,0.77,0.57,0.43,4.0,2.0,8.0,6.0,2.0,3.0,16.0,19.0,2.0,5.0,1483.74,1396.23,1.34,0.805,2025.0,0.8,339.0,0.73,232.0,0,0,X,0,0,1,1,0.4296296296296296,0.5703703703703704,0.6666666666666666,0.33333333333333337,0.5714285714285714,0.4285714285714286,0.2857142857142857,0.7142857142857143,0.5936952714535902,0.40630472854640975,0.5,0.5,0.5151928665923603,0.4848071334076397,0.6247086247086248,0.37529137529137524,-0.19000000000000006,0.13999999999999996,2.0,2.0,107.0,0.07000000000000006,-1.0,-3.0,-3.0,87.50999999999999,0.535,87.50999999999999,0.623339732618585,0
2025-12-21,Marruecos,Comores,2-0,,,1.93,0.31,0.7,0.3,7.0,2.0,5.0,0.0,3.0,1.0,19.0,20.0,2.0,5.0,1713.12,1189.75,17.22,0.667,2025.0,0.9,582.0,0.76,217.0,2,0,1,2,1,3,0,0.8616071428571429,0.1383928571428571,0.7777777777777778,0.2222222222222222,1.0,0.0,0.2857142857142857,0.7142857142857143,0.7284105131414268,0.2715894868585732,1.0,0.0,0.5901469924591869,0.4098530075408131,0.9627103482976462,0.037289651702353765,1.6199999999999999,0.39999999999999997,5.0,5.0,365.0,0.14,2.0,-1.0,-3.0,523.3699999999999,16.552999999999997,523.3699999999999,0.9531472589962291,-2
2025-12-22,Egipto,Zimbabue,2-1,,,2.93,0.35,0.78,0.22,11.0,3.0,8.0,3.0,2.0,2.0,13.0,15.0,2.0,9.0,1520.68,1123.69,4.48,1.21,2025.0,0.88,600.0,0.56,111.0,2,1,1,1,1,3,0,0.8932926829268293,0.10670731707317072,0.7857142857142857,0.2142857142857143,0.7272727272727273,0.2727272727272727,0.18181818181818182,0.8181818181818181,0.8438818565400844,0.1561181434599156,0.6666666666666666,0.33333333333333337,0.5750632475788184,0.42493675242118156,0.7873462214411248,0.21265377855887524,2.58,0.56,8.0,5.0,489.0,0.31999999999999995,0.0,-2.0,-7.0,396.99,3.2700000000000005,396.99,0.9076487430958061,-3
2025-12-22,Mali,Zambia,1-1,,,2.14,0.65,0.53,0.47,5.0,2.0,6.0,5.0,1.0,1.0,15.0,13.0,1.0,4.0,1455.03,1260.06,4.32,0.614,2025.0,0.82,350.0,0.8,301.0,1,1,X,0,0,1,1,0.7670250896057348,0.2329749103942652,0.7142857142857143,0.2857142857142857,0.5454545454545454,0.4545454545454546,0.2,0.8,0.5376344086021505,0.4623655913978495,0.5,0.5,0.5359048871308133,0.4640951128691867,0.8755573571139036,0.12444264288609641,1.4900000000000002,0.06000000000000005,3.0,1.0,49.0,0.019999999999999907,0.0,2.0,-3.0,194.97000000000003,3.7060000000000004,194.97000000000003,0.7544220484523994,-1
2025-12-22,Sudáfrica,Angola,2-1,,,0.44,0.89,0.57,0.43,4.0,4.0,1.0,9.0,2.0,2.0,17.0,23.0,3.0,2.0,1426.73,1271.54,1.89,1.72,2025.0,0.85,390.0,0.8,255.0,2,1,1,1,1,3,0,0.3308270676691729,0.6691729323308271,0.5,0.5,0.1,0.9,0.6,0.4,0.6046511627906976,0.39534883720930236,0.6666666666666666,0.33333333333333337,0.5287573148721217,0.47124268512787826,0.5235457063711911,0.47645429362880887,-0.45,0.13999999999999996,0.0,-8.0,135.0,0.04999999999999993,0.0,-6.0,1.0,155.19000000000005,0.16999999999999993,155.19000000000005,0.7095800735386424,-1
2025-12-23,RD Congo,Benín,1-0,,,1.49,0.49,0.4,0.6,3.0,2.0,5.0,5.0,3.0,3.0,16.0,11.0,2.0,2.0,1442.5,1255.72,5.53,0.723,2025.0,0.74,224.0,0.84,380.0,1,0,1,1,1,3,0,0.7525252525252525,0.24747474747474751,0.6,0.4,0.5,0.5,0.5,0.5,0.3708609271523179,0.6291390728476821,1.0,0.0,0.5346117069771923,0.4653882930228077,0.8843754997601152,0.1156245002398848,1.0,-0.19999999999999996,1.0,0.0,-156.0,-0.09999999999999998,0.0,5.0,0.0,186.77999999999997,4.807,186.77999999999997,0.745583056835375,-1
2025-12-23,Senegal,Botsuana,3-0,,,3.67,0.17,0.68,0.32,17.0,0.0,7.0,2.0,1.0,2.0,16.0,7.0,0.0,14.0,1648.07,1084.56,18.39,0.117,2025.0,0.91,582.0,0.77,237.0,3,0,1,3,1,3,0,0.9557291666666666,0.04427083333333337,1.0,0.0,0.7777777777777778,0.2222222222222222,0.0,1.0,0.7106227106227107,0.28937728937728935,1.0,0.0,0.6031076289142694,0.3968923710857306,0.9936780677581455,0.006321932241854511,3.5,0.36000000000000004,17.0,5.0,345.0,0.14,-1.0,9.0,-14.0,563.51,18.273,563.51,0.9624505629064817,-3
2025-12-23,Nigeria,Tanzania,2-1,,,1.62,0.81,0.59,0.41,11.0,3.0,6.0,6.0,1.0,0.0,23.0,7.0,2.0,8.0,1502.46,1181.22,7.48,0.361,2025.0,0.89,451.0,0.79,276.0,2,1,1,1,1,3,0,0.6666666666666666,0.33333333333333337,0.7857142857142857,0.2142857142857143,0.5,0.5,0.2,0.8,0.6203576341127923,0.3796423658872077,0.6666666666666666,0.33333333333333337,0.5598506528349132,0.4401493471650868,0.9539599540874889,0.046040045912511096,0.81,0.18,8.0,0.0,175.0,0.09999999999999998,1.0,16.0,-6.0,321.24,7.119000000000001,321.24,0.864033861701341,-1
2025-12-23,Túnez,Uganda,3-1,,,1.43,0.55,0.49,0.51,6.0,1.0,8.0,2.0,1.0,2.0,15.0,15.0,0.0,3.0,1497.13,1288.01,2.69,0.297,2025.0,0.81,344.0,0.81,363.0,3,1,1,2,1,3,0,0.7222222222222222,0.2777777777777778,0.8571428571428571,0.1428571428571429,0.8,0.19999999999999996,0.0,1.0,0.48656294200848654,0.5134370579915135,0.75,0.25,0.5375420984223414,0.46245790157765865,0.9005691329092734,0.09943086709072657,0.8799999999999999,-0.020000000000000018,5.0,6.0,-19.0,0.0,-1.0,0.0,-3.0,209.12000000000012,2.393,209.12000000000012,0.7691985810840513,-1
2025-12-24,Burkina Faso,Guinea Ecuatorial,2-1,,,2.29,0.25,0.67,0.33,5.0,1.0,9.0,3.0,1.0,1.0,16.0,12.0,0.0,3.0,1404.81,1229.09,4.42,0.191,2025.0,0.86,412.0,0.72,174.0,2,1,1,1,1,3,0,0.9015748031496063,0.09842519685039375,0.8333333333333334,0.16666666666666663,0.75,0.25,0.0,1.0,0.7030716723549488,0.29692832764505117,0.6666666666666666,0.33333333333333337,0.5333573787919056,0.4666426212080944,0.958577315116027,0.04142268488397305,2.04,0.34,4.0,6.0,238.0,0.14,0.0,4.0,-3.0,175.72000000000003,4.229,175.72000000000003,0.7333186115887352,-1
2025-12-24,Argelia,Sudán,3-0,,,2.2,0.31,0.58,0.42,7.0,2.0,11.0,1.0,0.0,3.0,16.0,9.0,2.0,4.0,1516.37,1153.56,9.88,0.121,2025.0,0.88,405.0,0.8,271.0,3,0,1,3,1,3,0,0.8764940239043825,0.12350597609561753,0.7777777777777778,0.2222222222222222,0.9166666666666666,0.08333333333333337,0.3333333333333333,0.6666666666666667,0.599112426035503,0.40088757396449703,1.0,0.0,0.5679437288618053,0.43205627113819467,0.9879012098790121,0.012098790120987912,1.8900000000000001,0.15999999999999998,5.0,10.0,134.0,0.07999999999999996,-3.0,7.0,-2.0,362.80999999999995,9.759,362.80999999999995,0.8897806248387631,-3
2025-12-24,Costa de Marfil,Mozambique,1-0,,,1.3,0.24,0.54,0.46,5.0,2.0,9.0,3.0,1.0,2.0,17.0,7.0,2.0,3.0,1489.59,1223.48,20.08,0.059,2025.0,0.92,486.0,0.89,404.0,1,0,1,1,1,3,0,0.8441558441558442,0.15584415584415579,0.7142857142857143,0.2857142857142857,0.75,0.25,0.4,0.6,0.5460674157303371,0.4539325842696629,1.0,0.0,0.5490422289141084,0.45095777108589163,0.9970703609911117,0.0029296390088883184,1.06,0.08000000000000002,3.0,6.0,82.0,0.030000000000000027,-1.0,10.0,-1.0,266.1099999999999,20.020999999999997,266.1099999999999,0.822277165850619,-1
2025-12-24,Camerún,Gabón,1-0,,,0.97,0.69,0.43,0.57,3.0,2.0,9.0,5.0,2.0,1.0,16.0,9.0,2.0,2.0,1440.43,1321.25,8.28,1.01,2025.0,0.74,234.0,0.83,350.0,1,0,1,1,1,3,0,0.5843373493975904,0.4156626506024096,0.6,0.4,0.6428571428571429,0.3571428571428571,0.5,0.5,0.4006849315068493,0.5993150684931507,1.0,0.0,0.5215774456128154,0.4784225543871846,0.8912809472551131,0.10871905274488691,0.28,-0.13999999999999996,1.0,4.0,-116.0,-0.08999999999999997,1.0,7.0,0.0,119.18000000000006,7.27,119.18000000000006,0.6650888189203965,-1
2025-12-26,Angola,Zimbabue,1-1,,,1.21,1.44,0.63,0.37,6.0,4.0,5.0,6.0,3.0,4.0,17.0,24.0,3.0,5.0,1271.54,1123.69,1.72,1.21,2025.0,0.8,290.0,0.65,139.0,1,1,X,0,0,1,1,0.45660377358490567,0.5433962264150943,0.6,0.4,0.45454545454545453,0.5454545454545454,0.375,0.625,0.675990675990676,0.32400932400932403,0.5,0.5,0.5308634243893071,0.4691365756106929,0.5870307167235496,0.41296928327645044,-0.22999999999999998,0.26,2.0,-1.0,151.0,0.15000000000000002,-1.0,-7.0,-2.0,147.8499999999999,0.51,147.8499999999999,0.7007963770375895,-1
2025-12-26,Egipto,Sudáfrica,1-0,,,1.02,0.75,0.36,0.64,3.0,6.0,4.0,7.0,2.0,3.0,10.0,9.0,6.0,2.0,1520.68,1426.73,4.48,1.89,2025.0,0.79,245.0,0.88,475.0,1,0,1,1,1,3,0,0.576271186440678,0.423728813559322,0.3333333333333333,0.6666666666666667,0.36363636363636365,0.6363636363636364,0.75,0.25,0.3402777777777778,0.6597222222222222,1.0,0.0,0.5159377215928561,0.4840622784071439,0.7032967032967034,0.29670329670329665,0.27,-0.28,-3.0,-3.0,-230.0,-0.08999999999999997,-1.0,1.0,4.0,93.95000000000005,2.5900000000000007,93.95000000000005,0.6320030741235138,-1
2025-12-26,Zambia,Comores,0-0,,,0.38,0.49,0.47,0.53,0.0,1.0,6.0,2.0,2.0,0.0,15.0,13.0,0.0,0.0,1260.06,1189.75,0.614,0.667,2025.0,0.83,373.0,0.87,457.0,0,0,X,0,0,1,1,0.4367816091954023,0.5632183908045977,0.0,1.0,0.75,0.25,0.5,0.5,0.4493975903614458,0.5506024096385542,0.5,0.5,0.5143500924561496,0.4856499075438504,0.4793130366900858,0.5206869633099143,-0.10999999999999999,-0.06000000000000005,-1.0,4.0,-84.0,-0.040000000000000036,2.0,2.0,0.0,70.30999999999995,-0.05300000000000005,70.30999999999995,0.5998252160668112,0
2025-12-26,Marruecos,Mali,1-1,,,2.82,0.91,0.62,0.38,4.0,1.0,6.0,0.0,1.0,8.0,15.0,22.0,0.0,4.0,1713.12,1455.03,17.22,4.32,2025.0,0.85,398.0,0.74,221.0,1,1,X,0,0,1,1,0.7560321715817694,0.24396782841823061,0.8,0.19999999999999996,1.0,0.0,0.0,1.0,0.6429725363489499,0.3570274636510501,0.5,0.5,0.5407319729179489,0.45926802708205106,0.7994428969359332,0.20055710306406682,1.9099999999999997,0.24,3.0,6.0,177.0,0.10999999999999999,-7.0,-7.0,-4.0,258.0899999999999,12.899999999999999,258.0899999999999,0.8154298014068835,-1
2025-12-27,Benín,Botsuana,1-0,,,1.25,0.43,0.52,0.48,4.0,1.0,1.0,1.0,2.0,2.0,19.0,20.0,1.0,3.0,1255.72,1084.56,0.723,0.117,2025.0,0.85,432.0,0.82,383.0,1,0,1,1,1,3,0,0.7440476190476191,0.25595238095238093,0.8,0.19999999999999996,0.5,0.5,0.25,0.75,0.5300613496932516,0.4699386503067484,1.0,0.0,0.5365682738817578,0.46343172611824224,0.8607142857142858,0.13928571428571423,0.8200000000000001,0.040000000000000036,3.0,0.0,49.0,0.030000000000000027,0.0,-1.0,-2.0,171.16000000000008,0.606,171.16000000000008,0.7281538666819362,-1
2025-12-27,Nigeria,Túnez,3-2,,,2.12,1.07,0.6,0.4,5.0,2.0,4.0,6.0,3.0,0.0,18.0,15.0,0.0,2.0,1502.46,1497.13,7.48,2.69,2025.0,0.88,390.0,0.79,234.0,3,2,1,1,1,3,0,0.6645768025078369,0.3354231974921631,0.7142857142857143,0.2857142857142857,0.4,0.6,0.0,1.0,0.625,0.375,0.6,0.4,0.5008884547554833,0.49911154524451673,0.7354965585054081,0.26450344149459193,1.05,0.19999999999999996,3.0,-2.0,156.0,0.08999999999999997,3.0,3.0,-2.0,5.329999999999927,4.790000000000001,5.329999999999927,0.5076698849096171,0
2025-12-27,Senegal,RD Congo,1-1,,,2.01,0.95,0.64,0.36,3.0,3.0,5.0,2.0,1.0,0.0,18.0,12.0,2.0,2.0,1648.07,1442.5,18.39,5.53,2025.0,0.87,439.0,0.78,218.0,1,1,X,0,0,1,1,0.679054054054054,0.32094594594594605,0.5,0.5,0.7142857142857143,0.2857142857142857,0.5,0.5,0.6681887366818874,0.3318112633181126,0.5,0.5,0.5332576191446885,0.4667423808553115,0.7688127090301003,0.23118729096989965,1.0599999999999998,0.28,0.0,3.0,221.0,0.08999999999999997,1.0,6.0,0.0,205.56999999999994,12.86,205.56999999999994,0.7655506927508486,-1
2025-12-27,Uganda,Tanzania,1-1,,,1.49,1.49,0.55,0.45,6.0,2.0,7.0,3.0,3.0,2.0,16.0,16.0,1.0,5.0,1288.01,1181.22,0.297,0.361,2025.0,0.82,347.0,0.79,275.0,1,1,X,0,0,1,1,0.5,0.5,0.75,0.25,0.7,0.30000000000000004,0.16666666666666666,0.8333333333333334,0.5578778135048231,0.44212218649517687,0.5,0.5,0.521624150038676,0.478375849961324,0.45136778115501525,0.5486322188449848,0.0,0.10000000000000003,4.0,4.0,72.0,0.029999999999999916,1.0,0.0,-4.0,106.78999999999996,-0.064,106.78999999999996,0.6490196273572147,0
2025-12-28,Argelia,Burkina Faso,1-0,,,2.0,1.02,0.49,0.51,5.0,2.0,2.0,6.0,2.0,3.0,24.0,19.0,2.0,4.0,1516.37,1404.81,9.88,4.42,2025.0,0.83,321.0,0.83,321.0,1,0,1,1,1,3,0,0.6622516556291391,0.3377483443708609,0.7142857142857143,0.2857142857142857,0.25,0.75,0.3333333333333333,0.6666666666666667,0.5,0.5,1.0,0.0,0.5190950232440316,0.48090497675596844,0.6909090909090909,0.3090909090909091,0.98,-0.020000000000000018,3.0,-4.0,0.0,0.0,-1.0,5.0,-2.0,111.55999999999995,5.460000000000001,111.55999999999995,0.6552485671098938,-1
2025-12-28,Costa de Marfil,Camerún,1-1,,,0.98,0.62,0.51,0.49,2.0,2.0,7.0,3.0,2.0,2.0,18.0,15.0,2.0,1.0,1489.59,1440.43,20.08,8.28,2025.0,0.83,281.0,0.82,277.0,1,1,X,0,0,1,1,0.6124999999999999,0.38750000000000007,0.5,0.5,0.7,0.30000000000000004,0.6666666666666666,0.33333333333333337,0.503584229390681,0.49641577060931896,0.5,0.5,0.5083890212353499,0.4916109787646501,0.7080394922425951,0.2919605077574049,0.36,0.020000000000000018,0.0,4.0,4.0,0.010000000000000009,0.0,3.0,1.0,49.159999999999854,11.799999999999999,49.159999999999854,0.5702785476327045,0
2025-12-28,Guinea Ecuatorial,Sudán,0-1,,,2.02,0.72,0.66,0.34,3.0,2.0,3.0,3.0,3.0,3.0,14.0,10.0,1.0,3.0,1229.09,1153.56,0.191,0.121,2025.0,0.83,382.0,0.68,153.0,0,1,2,-1,0,0,3,0.7372262773722628,0.26277372262773724,0.6,0.4,0.5,0.5,0.25,0.75,0.7140186915887851,0.28598130841121494,0.0,1.0,0.5158499989507481,0.4841500010492519,0.6121794871794872,0.3878205128205128,1.3,0.32,1.0,0.0,229.0,0.1499999999999999,0.0,4.0,-2.0,75.52999999999997,0.07,75.52999999999997,0.60701585183844,-1
2025-12-28,Gabón,Mozambique,2-3,,,2.64,2.63,0.56,0.44,10.0,5.0,4.0,4.0,2.0,2.0,11.0,9.0,2.0,8.0,1321.25,1223.48,1.01,0.059,2025.0,0.82,342.0,0.76,253.0,2,3,2,-1,0,0,3,0.5009487666034156,0.4990512333965844,0.6666666666666666,0.33333333333333337,0.5,0.5,0.2,0.8,0.5747899159663865,0.4252100840336135,0.4,0.6,0.5192102895002613,0.48078971049973873,0.9448082319925164,0.0551917680074836,0.010000000000000231,0.12000000000000005,5.0,0.0,89.0,0.05999999999999994,0.0,2.0,-6.0,97.76999999999998,0.9510000000000001,97.76999999999998,0.6371023227724892,0
2025-12-29,Zimbabue,Sudáfrica,2-3,,,1.28,1.51,0.34,0.66,3.0,9.0,3.0,3.0,1.0,1.0,14.0,11.0,6.0,2.0,1123.69,1426.73,1.21,1.89,2025.0,0.68,165.0,0.83,404.0,2,3,2,-1,0,0,3,0.45878136200716846,0.5412186379928315,0.25,0.75,0.5,0.5,0.75,0.25,0.28998242530755713,0.7100175746924429,0.4,0.6,0.4405901773041303,0.5594098226958697,0.39032258064516134,0.6096774193548387,-0.22999999999999998,-0.32,-6.0,0.0,-239.0,-0.1499999999999999,0.0,3.0,4.0,-303.03999999999996,-0.6799999999999999,-303.03999999999996,0.14875004388587731,2
2025-12-29,Angola,Egipto,0-0,,,0.76,0.62,0.44,0.56,4.0,2.0,4.0,2.0,1.0,2.0,15.0,11.0,2.0,5.0,1271.54,1520.68,1.72,4.48,2025.0,0.76,244.0,0.76,324.0,0,0,X,0,0,1,1,0.5507246376811594,0.4492753623188406,0.6666666666666666,0.33333333333333337,0.6666666666666666,0.33333333333333337,0.2857142857142857,0.7142857142857143,0.4295774647887324,0.5704225352112676,0.5,0.5,0.4553867531927999,0.5446132468072,0.27741935483870966,0.7225806451612904,0.14,-0.12000000000000005,2.0,2.0,-80.0,0.0,-1.0,4.0,-3.0,-249.1400000000001,-2.7600000000000007,-249.1400000000001,0.19245053893919156,2
2025-12-29,Zambia,Marruecos,0-3,,,0.24,1.97,0.43,0.57,0.0,9.0,1.0,5.0,4.0,1.0,23.0,12.0,6.0,0.0,1260.06,1713.12,0.614,17.22,2025.0,0.84,296.0,0.9,417.0,0,3,2,-3,0,0,3,0.1085972850678733,0.8914027149321266,0.0,1.0,0.16666666666666666,0.8333333333333334,1.0,0.0,0.41514726507713884,0.5848527349228612,0.0,1.0,0.4238088511290941,0.576191148870906,0.03442861949086015,0.9655713805091398,-1.73,-0.13999999999999996,-9.0,-4.0,-121.0,-0.06000000000000005,3.0,11.0,6.0,-453.05999999999995,-16.605999999999998,-453.05999999999995,0.06862385486256557,2
2025-12-29,Comores,Mali,0-0,,,0.12,0.95,0.32,0.68,1.0,2.0,5.0,2.0,3.0,1.0,22.0,8.0,2.0,1.0,1189.75,1455.03,0.667,4.32,2025.0,0.74,226.0,0.88,572.0,0,0,X,0,0,1,1,0.11214953271028039,0.8878504672897196,0.3333333333333333,0.6666666666666667,0.7142857142857143,0.2857142857142857,0.6666666666666666,0.33333333333333337,0.2832080200501253,0.7167919799498748,0.5,0.5,0.4498483805836403,0.5501516194163597,0.13374774413475035,0.8662522558652497,-0.83,-0.36000000000000004,-1.0,3.0,-346.0,-0.14,2.0,14.0,1.0,-265.28,-3.6530000000000005,-265.28,0.178422134367101,1
2025-12-30,Benín,Senegal,0-3,,,0.76,1.94,0.49,0.51,4.0,6.0,4.0,4.0,4.0,1.0,20.0,19.0,3.0,4.0,1255.72,1648.07,0.723,18.39,2025.0,0.82,328.0,0.85,351.0,0,3,2,-3,0,0,3,0.28148148148148144,0.7185185185185186,0.4,0.6,0.5,0.5,0.42857142857142855,0.5714285714285714,0.48306332842415317,0.5169366715758468,0.0,1.0,0.4324417399329841,0.5675582600670159,0.0378276565688275,0.9621723434311725,-1.18,-0.020000000000000018,-2.0,0.0,-23.0,-0.030000000000000027,3.0,1.0,-1.0,-392.3499999999999,-17.667,-392.3499999999999,0.09461466494297621,2
2025-12-30,Botsuana,RD Congo,0-3,,,0.27,4.02,0.45,0.55,1.0,6.0,0.0,3.0,1.36,1.68,6.0,16.0,3.0,1.0,1084.56,1442.5,0.117,5.53,2025.0,0.86,389.0,0.9,482.0,0,3,2,-3,0,0,3,0.06293706293706296,0.9370629370629371,0.14285714285714285,0.8571428571428572,0.0,1.0,0.75,0.25,0.44661308840413316,0.5533869115958668,0.0,1.0,0.42917857114591657,0.5708214288540834,0.02071896582256065,0.9792810341774394,-3.7499999999999996,-0.10000000000000003,-5.0,-3.0,-93.0,-0.040000000000000036,-0.31999999999999984,-10.0,2.0,-357.94000000000005,-5.413,-357.94000000000005,0.11299888675225021,2
2025-12-30,Uganda,Nigeria,1-3,,,0.71,2.87,0.28,0.72,1.0,6.0,2.0,3.0,1.0,2.0,6.0,14.0,3.0,0.0,1288.01,1502.46,0.297,7.48,2025.0,0.73,160.0,0.92,528.0,1,3,2,-2,0,0,3,0.1983240223463687,0.8016759776536313,0.14285714285714285,0.8571428571428572,0.4,0.6,1.0,0.0,0.23255813953488372,0.7674418604651163,0.25,0.75,0.4615745734589513,0.5384254265410486,0.03818953323903819,0.9618104667609618,-2.16,-0.43999999999999995,-5.0,-1.0,-368.0,-0.19000000000000006,-1.0,-8.0,3.0,-214.45000000000005,-7.183000000000001,-214.45000000000005,0.2253994295107448,1
2025-12-30,Tanzania,Túnez,1-1,,,0.18,1.0,0.36,0.64,2.0,2.0,2.0,2.0,3.0,1.0,9.0,14.0,1.0,1.0,1181.22,1497.13,0.361,2.69,2025.0,0.71,206.0,0.84,427.0,1,1,X,0,0,1,1,0.15254237288135594,0.847457627118644,0.5,0.5,0.5,0.5,0.5,0.5,0.325434439178515,0.674565560821485,0.5,0.5,0.4410252580880019,0.5589747419119981,0.11832186168469354,0.8816781383153065,-0.8200000000000001,-0.28,0.0,0.0,-221.0,-0.13,2.0,-5.0,0.0,-315.9100000000001,-2.3289999999999997,-315.9100000000001,0.13961105849300515,1
2025-12-31,Guinea Ecuatorial,Argelia,1-3,,,0.5,1.9,0.45,0.55,3.0,6.0,4.0,5.0,4.0,1.0,13.0,15.0,3.0,2.0,1229.09,1516.37,0.191,9.88,2025.0,0.87,377.0,0.91,484.0,1,3,2,-2,0,0,3,0.20833333333333334,0.7916666666666666,0.3333333333333333,0.6666666666666667,0.4444444444444444,0.5555555555555556,0.6,0.4,0.437862950058072,0.562137049941928,0.25,0.75,0.4476808986472212,0.5523191013527788,0.01896534604309403,0.9810346539569059,-1.4,-0.10000000000000003,-3.0,-1.0,-107.0,-0.040000000000000036,3.0,-2.0,1.0,-287.28,-9.689,-287.28,0.160607271063847,2
2025-12-31,Mozambique,Camerún,1-2,,,1.07,2.35,0.52,0.48,2.0,6.0,2.0,8.0,0.0,3.0,7.0,20.0,4.0,1.0,1223.48,1440.43,0.059,8.28,2025.0,0.8,302.0,0.8,268.0,1,2,2,-1,0,0,3,0.3128654970760234,0.6871345029239766,0.25,0.75,0.2,0.8,0.8,0.19999999999999996,0.5298245614035088,0.47017543859649125,0.3333333333333333,0.6666666666666667,0.45927978047306406,0.5407202195269359,0.007075188871567335,0.9929248111284327,-1.28,0.040000000000000036,-4.0,-6.0,34.0,0.0,-3.0,-13.0,3.0,-216.95000000000005,-8.221,-216.95000000000005,0.222896745644296,1
2025-12-31,Gabón,Costa de Marfil,2-3,,,0.87,1.84,0.33,0.67,3.0,5.0,2.0,8.0,2.0,1.0,15.0,19.0,2.0,1.0,1321.25,1489.59,1.01,20.08,2025.0,0.75,220.0,0.92,523.0,2,3,2,-1,0,0,3,0.3210332103321033,0.6789667896678967,0.375,0.625,0.2,0.8,0.6666666666666666,0.33333333333333337,0.2960969044414536,0.7039030955585464,0.4,0.6,0.4700552148112308,0.5299447851887692,0.047889995258416314,0.9521100047415837,-0.9700000000000001,-0.34,-2.0,-6.0,-303.0,-0.17000000000000004,1.0,-4.0,1.0,-168.33999999999992,-19.069999999999997,-168.33999999999992,0.27507130638419647,1
2025-12-31,Sudán,Burkina Faso,0-2,,,1.65,1.22,0.38,0.62,1.0,3.0,4.0,6.0,0.0,2.0,3.0,12.0,1.0,1.0,1153.56,1404.81,0.121,4.42,2025.0,0.7,210.0,0.84,414.0,0,2,2,-2,0,0,3,0.5749128919860627,0.42508710801393734,0.25,0.75,0.4,0.6,0.5,0.5,0.33653846153846156,0.6634615384615384,0.0,1.0,0.4508964692362715,0.5491035307637284,0.026646113190927107,0.9733538868090729,0.42999999999999994,-0.24,-2.0,-2.0,-204.0,-0.14,-2.0,-9.0,0.0,-251.25,-4.2989999999999995,-251.25,0.19056991571149728,2
2026-01-03,Senegal,Sudán,3-1,,,1.48,0.49,0.67,0.33,9.0,3.0,7.0,4.0,2.0,2.0,22.0,17.0,2.0,6.0,1648.07,1153.56,18.39,0.121,2026.0,0.84,410.0,0.71,170.0,3,1,1,2,1,3,0,0.751269035532995,0.24873096446700504,0.75,0.25,0.6363636363636364,0.36363636363636365,0.25,0.75,0.7068965517241379,0.2931034482758621,0.75,0.25,0.5882539807183674,0.41174601928163257,0.9934633461185242,0.00653665388147584,0.99,0.34,6.0,3.0,240.0,0.13,0.0,5.0,-4.0,494.51,18.269000000000002,494.51,0.9451441378598009,-3
2026-01-03,Mali,Túnez,1-1,1-1,2-1,1.15,1.11,0.28,0.72,1.0,4.0,4.0,11.0,4.0,6.0,12.0,29.0,3.0,0.0,1455.03,1497.13,4.32,2.69,2026.0,0.58,140.0,0.87,547.0,1,1,X,0,0,1,1,0.5088495575221239,0.4911504424778761,0.2,0.8,0.26666666666666666,0.7333333333333334,1.0,0.0,0.20378457059679767,0.7962154294032023,0.5,0.5,0.49286962766245734,0.5071303723375427,0.616262482168331,0.383737517831669,0.039999999999999813,-0.43999999999999995,-3.0,-7.0,-407.0,-0.29000000000000004,-2.0,-17.0,3.0,-42.100000000000136,1.6300000000000003,-42.100000000000136,0.4397080308256105,0
2026-01-04,Marruecos,Tanzania,1-0,,,1.01,0.73,0.71,0.29,4.0,1.0,4.0,0.0,1.0,5.0,12.0,19.0,1.0,3.0,1713.12,1181.22,17.22,0.361,2026.0,0.88,530.0,0.75,187.0,1,0,1,1,1,3,0,0.5804597701149425,0.41954022988505746,0.8,0.19999999999999996,1.0,0.0,0.25,0.75,0.7391910739191074,0.26080892608089257,1.0,0.0,0.5918862331308692,0.4081137668691308,0.9794664694841021,0.020533530515897902,0.28,0.42,3.0,4.0,343.0,0.13,-4.0,-7.0,-2.0,531.8999999999999,16.858999999999998,531.8999999999999,0.9552919116356164,-2
2026-01-04,Sudáfrica,Camerún,1-2,,,2.08,1.36,0.66,0.34,4.0,4.0,6.0,3.0,5.0,2.0,14.0,13.0,2.0,3.0,1426.73,1440.43,1.89,8.28,2026.0,0.86,442.0,0.73,192.0,1,2,2,-1,0,0,3,0.6046511627906976,0.39534883720930236,0.5,0.5,0.6666666666666666,0.33333333333333337,0.4,0.6,0.6971608832807571,0.3028391167192429,0.3333333333333333,0.6666666666666667,0.4976108762678051,0.5023891237321949,0.18584070796460175,0.8141592920353983,0.72,0.32,0.0,3.0,250.0,0.13,3.0,1.0,-1.0,-13.700000000000045,-6.39,-13.700000000000045,0.4802943272994516,0
2026-01-05,Nigeria,Mozambique,4-0,,,2.82,0.1,0.62,0.38,9.0,0.0,5.0,0.0,3.0,1.0,22.0,13.0,0.0,5.0,1502.46,1223.48,7.48,0.059,2026.0,0.9,474.0,0.79,268.0,4,0,1,4,1,3,0,0.9657534246575342,0.03424657534246578,1.0,0.0,1.0,0.0,0.0,1.0,0.6388140161725068,0.36118598382749323,1.0,0.0,0.5511713390610211,0.4488286609389789,0.9921740283857275,0.007825971614272453,2.7199999999999998,0.24,9.0,5.0,206.0,0.10999999999999999,2.0,9.0,-5.0,278.98,7.421,278.98,0.832846663374265,-1
2026-01-05,Egipto,Benín,1-1,3-1,,1.19,1.22,0.55,0.45,7.0,3.0,5.0,5.0,4.0,4.0,15.0,19.0,3.0,2.0,1520.68,1255.72,4.48,0.723,2026.0,0.83,533.0,0.76,387.0,1,1,X,0,0,1,1,0.4937759336099585,0.5062240663900415,0.7,0.30000000000000004,0.5,0.5,0.6,0.4,0.5793478260869566,0.42065217391304344,0.5,0.5,0.5477164673678144,0.45228353263218557,0.8610417067076687,0.13895829329233134,-0.030000000000000027,0.10000000000000003,4.0,0.0,146.0,0.06999999999999995,0.0,-4.0,1.0,264.96000000000004,3.7570000000000006,264.96000000000004,0.8213076811819129,-2
2026-01-06,Costa de Marfil,Burkina Faso,3-0,,,2.02,0.41,0.58,0.42,4.0,2.0,5.0,2.0,2.0,1.0,20.0,17.0,2.0,1.0,1489.59,1404.81,20.08,4.42,2026.0,0.9,429.0,0.82,290.0,3,0,1,3,1,3,0,0.831275720164609,0.16872427983539096,0.6666666666666666,0.33333333333333337,0.7142857142857143,0.2857142857142857,0.6666666666666666,0.33333333333333337,0.5966620305980529,0.4033379694019471,1.0,0.0,0.5146455223880597,0.4853544776119403,0.8195918367346938,0.18040816326530618,1.61,0.15999999999999998,2.0,3.0,139.0,0.08000000000000007,1.0,3.0,1.0,84.77999999999997,15.659999999999998,84.77999999999997,0.6196429269582646,0
2026-01-06,Argelia,RD Congo,0-0,1-0,,0.7,0.17,0.57,0.43,6.0,2.0,4.0,6.0,3.0,2.0,17.0,24.0,2.0,5.0,1516.37,1442.5,9.88,5.53,2026.0,0.85,462.0,0.84,339.0,0,0,X,0,0,1,1,0.8045977011494252,0.1954022988505748,0.75,0.25,0.4,0.6,0.2857142857142857,0.7142857142857143,0.5767790262172284,0.42322097378277157,0.5,0.5,0.5124828059360499,0.4875171940639501,0.6411421155094095,0.35885788449059053,0.5299999999999999,0.13999999999999996,4.0,-2.0,123.0,0.010000000000000009,1.0,-7.0,-3.0,73.86999999999989,4.3500000000000005,73.86999999999989,0.6047340397032365,-1
2026-01-09,Camerún,Marruecos,0-2,,,0.46,1.43,0.59,0.41,0.0,3.0,4.0,7.0,2.0,2.0,19.0,24.0,1.0,0.0,1440.43,1713.12,8.28,17.22,2026.0,0.78,267.0,0.7,158.0,0,2,2,-2,0,0,3,0.2433862433862434,0.7566137566137566,0.0,1.0,0.36363636363636365,0.6363636363636364,1.0,0.0,0.6282352941176471,0.3717647058823529,0.0,1.0,0.45676459862694424,0.5432354013730558,0.3247058823529412,0.6752941176470588,-0.97,0.18,-3.0,-3.0,109.0,0.08000000000000007,0.0,-5.0,1.0,-272.6899999999998,-8.94,-272.6899999999998,0.17225491108055083,1
2026-01-09,Mali,Senegal,0-1,,,1.12,1.88,0.35,0.65,2.0,8.0,5.0,7.0,3.0,5.0,8.0,14.0,7.0,2.0,1455.03,1648.07,4.32,18.39,2026.0,0.73,197.0,0.87,437.0,0,1,2,-1,0,0,3,0.37333333333333335,0.6266666666666667,0.2,0.8,0.4166666666666667,0.5833333333333333,0.7777777777777778,0.2222222222222222,0.3107255520504732,0.6892744479495267,0.0,1.0,0.46889562050852374,0.5311043794914763,0.19022457067371204,0.809775429326288,-0.7599999999999998,-0.30000000000000004,-6.0,-2.0,-240.0,-0.14,-2.0,-6.0,5.0,-193.03999999999996,-14.07,-193.03999999999996,0.24764210317407956,1
2026-01-10,Argelia,Nigeria,0-2,,,0.13,3.36,0.43,0.57,0.0,5.0,2.0,4.0,5.0,3.0,23.0,14.0,3.0,0.0,1516.37,1502.46,9.88,7.48,2026.0,0.77,236.0,0.83,343.0,0,2,2,-2,0,0,3,0.03724928366762178,0.9627507163323782,0.0,1.0,0.3333333333333333,0.6666666666666667,1.0,0.0,0.4075993091537133,0.5924006908462867,0.0,1.0,0.5023038726924006,0.4976961273075994,0.5691244239631337,0.4308755760368663,-3.23,-0.13999999999999996,-5.0,-2.0,-107.0,-0.05999999999999994,2.0,9.0,3.0,13.909999999999854,2.4000000000000004,13.909999999999854,0.5200074103538579,-1
2026-01-10,Egipto,Costa de Marfil,3-2,,,0.78,1.17,0.29,0.71,4.0,4.0,3.0,7.0,2.0,0.0,10.0,15.0,3.0,1.0,1520.68,1489.59,4.48,20.08,2026.0,0.76,183.0,0.9,515.0,3,2,1,1,1,3,0,0.4,0.6,0.5,0.5,0.3,0.7,0.75,0.25,0.2621776504297994,0.7378223495702005,0.6,0.4,0.5051639886123171,0.49483601138768285,0.18241042345276876,0.8175895765472312,-0.3899999999999999,-0.42,0.0,-4.0,-332.0,-0.14,2.0,-5.0,2.0,31.090000000000146,-15.599999999999998,31.090000000000146,0.5446230648486824,-1
2026-01-14,Senegal,Egipto,1-0,,,0.33,0.12,0.63,0.37,4.0,1.0,6.0,1.0,2.0,1.0,10.0,11.0,1.0,3.0,1648.07,1520.68,18.39,4.48,2026.0,0.88,468.0,0.7,215.0,1,0,1,1,1,3,0,0.7333333333333334,0.2666666666666666,0.8,0.19999999999999996,0.8571428571428571,0.1428571428571429,0.25,0.75,0.6852122986822841,0.31478770131771594,1.0,0.0,0.5201009861932938,0.4798990138067062,0.8041101880192392,0.19588981198076083,0.21000000000000002,0.26,3.0,5.0,253.0,0.18000000000000005,1.0,-1.0,-2.0,127.38999999999987,13.91,127.38999999999987,0.6755324771571389,0
2026-01-14,Nigeria,Marruecos,0-0,0-0,0-1,0.08,0.86,0.51,0.49,1.0,5.0,1.0,5.0,2.0,0.0,29.0,22.0,5.0,1.0,1502.46,1713.12,7.48,17.22,2026.0,0.83,462.0,0.83,439.0,0,0,X,0,0,1,1,0.08510638297872342,0.9148936170212766,0.16666666666666666,0.8333333333333334,0.16666666666666666,0.8333333333333334,0.8333333333333334,0.16666666666666663,0.5127635960044395,0.48723640399556045,0.5,0.5,0.46724385647379324,0.5327561435262067,0.30283400809716604,0.6971659919028339,-0.78,0.020000000000000018,-4.0,-4.0,23.0,0.0,2.0,7.0,4.0,-210.65999999999985,-9.739999999999998,-210.65999999999985,0.22923136216771295,1
2026-01-17,Egipto,Nigeria,0-0,0-0,0-1,0.29,0.2,0.53,0.47,1.0,4.0,2.0,4.0,0.0,3.0,15.0,16.0,4.0,1.0,1520.68,1502.46,4.48,7.48,2026.0,0.85,392.0,0.87,341.0,0,0,X,0,0,1,1,0.5918367346938775,0.40816326530612246,0.2,0.8,0.3333333333333333,0.6666666666666667,0.8,0.19999999999999996,0.5347885402455662,0.4652114597544338,0.5,0.5,0.5030134231295937,0.49698657687040626,0.37458193979933113,0.6254180602006689,0.08999999999999997,0.06000000000000005,-3.0,-2.0,51.0,-0.020000000000000018,-3.0,-1.0,3.0,18.220000000000027,-3.0,18.220000000000027,0.5261966776723608,-1
2026-01-18,Canadá,Guatemala,1-0,,,1.12,0.15,0.58,0.42,7.0,3.0,12.0,5.0,2.0,2.0,14.0,12.0,3.0,6.0,1559.15,1245.77,7.64,0.338,2026.0,0.83,354.0,0.76,229.0,1,0,1,1,1,3,0,0.8818897637795277,0.11811023622047234,0.7,0.30000000000000004,0.7058823529411765,0.2941176470588235,0.3333333333333333,0.6666666666666667,0.6072041166380789,0.39279588336192106,1.0,0.0,0.5558625557948177,0.4441374442051823,0.957633492103284,0.04236650789671603,0.9700000000000001,0.15999999999999998,4.0,7.0,125.0,0.06999999999999995,0.0,2.0,-3.0,313.3800000000001,7.302,313.3800000000001,0.8586303352884949,-2
2026-01-18,Senegal,Marruecos,0-3,,,1.71,2.17,0.5,0.5,7.0,4.0,8.0,10.0,5.0,2.0,25.0,17.0,4.0,6.0,1648.07,1713.12,18.39,17.22,2026.0,0.81,386.0,0.81,374.0,0,3,2,-3,0,0,3,0.44072164948453607,0.5592783505154639,0.6363636363636364,0.36363636363636365,0.4444444444444444,0.5555555555555556,0.4,0.6,0.5078947368421053,0.4921052631578947,0.0,1.0,0.4903233676168262,0.5096766323831738,0.5164279696714407,0.48357203032855933,-0.45999999999999996,0.0,3.0,-2.0,12.0,0.0,3.0,8.0,-2.0,-65.04999999999995,1.1700000000000017,-65.04999999999995,0.40746427637038574,0
2026-01-23,Panamá,México,0-1,,,0.07,0.96,0.28,0.72,1.0,3.0,1.0,9.0,1.0,2.0,10.0,13.0,3.0,1.0,1539.47,1675.75,1.33,7.38,2026.0,0.74,188.0,0.91,596.0,0,1,2,-1,0,0,3,0.0679611650485437,0.9320388349514563,0.25,0.75,0.1,0.9,0.75,0.25,0.23979591836734693,0.7602040816326531,0.0,1.0,0.4788070489733206,0.5211929510266794,0.15269804822043628,0.8473019517795637,-0.8899999999999999,-0.43999999999999995,-2.0,-8.0,-408.0,-0.17000000000000004,-1.0,-3.0,2.0,-136.27999999999997,-6.05,-136.27999999999997,0.3133528365110572,0
2026-01-25,Bolivia,México,0-1,,,0.74,0.79,0.47,0.53,4.0,2.0,4.0,4.0,1.0,5.0,11.0,12.0,1.0,4.0,1330.52,1675.75,0.669,7.38,2026.0,0.84,293.0,0.84,327.0,0,1,2,-1,0,0,3,0.48366013071895425,0.5163398692810457,0.6666666666666666,0.33333333333333337,0.5,0.5,0.2,0.8,0.47258064516129034,0.5274193548387096,0.0,1.0,0.4425816709743303,0.5574183290256697,0.08311591502049945,0.9168840849795006,-0.050000000000000044,-0.06000000000000005,2.0,0.0,-34.0,0.0,-4.0,-1.0,-3.0,-345.23,-6.711,-345.23,0.1205424176414488,2
2026-02-26,México,Islandia,4-0,,,4.67,0.8,0.57,0.43,11.0,2.0,8.0,2.0,1.0,1.0,7.0,10.0,2.0,7.0,1675.75,1344.72,7.38,3.71,2026.0,0.87,490.0,0.85,363.0,4,0,1,4,1,3,0,0.8537477148080439,0.1462522851919561,0.8461538461538461,0.15384615384615385,0.8,0.19999999999999996,0.2222222222222222,0.7777777777777778,0.5744431418522861,0.42555685814771393,1.0,0.0,0.5547977632620088,0.4452022367379912,0.6654643823264202,0.33453561767357975,3.87,0.13999999999999996,9.0,6.0,127.0,0.020000000000000018,0.0,-3.0,-5.0,331.03,3.67,331.03,0.8705197242028553,-2
2026-03-15,Bolivia,Trinidad y Tobago,3-0,,,3.5192000000000005,0.3102,0.65,0.35,12.0,0.0,6.0,4.0,0.0,1.0,10.72,10.54,0.0,8.92,1330.52,1227.32,0.669,0.1,2026.0,0.8964,554.6,0.7856000000000002,261.72,3,0,1,3,1,3,0,0.9189951428422207,0.08100485715777928,1.0,0.0,0.6,0.4,0.0,1.0,0.679390435123481,0.32060956487651904,1.0,0.0,0.520173271197573,0.47982672880242705,0.8699609882964889,0.13003901170351106,3.2090000000000005,0.30000000000000004,12.0,2.0,292.88,0.11079999999999979,-1.0,0.1800000000000015,-8.92,103.20000000000005,0.5690000000000001,103.20000000000005,0.6442977487408145,0
2026-03-26,Gibraltar,Letonia,0-1,,,0.24,1.76,0.38,0.62,1.0,2.0,1.0,6.0,2.0,2.0,12.0,10.0,1.0,1.0,818.03,1082.68,0.073,0.329,2026.0,0.73,211.0,0.85,399.0,0,1,2,-1,0,0,3,0.12,0.88,0.3333333333333333,0.6666666666666667,0.14285714285714285,0.8571428571428572,0.5,0.5,0.34590163934426227,0.6540983606557378,0.0,1.0,0.4303812785748483,0.5696187214251517,0.181592039800995,0.818407960199005,-1.52,-0.24,-1.0,-5.0,-188.0,-0.12,0.0,2.0,0.0,-264.6500000000001,-0.256,-264.6500000000001,0.17895436517711472,0
2026-03-26,Brasil,Francia,1-2,,,2.0,1.29,0.46,0.54,4.0,3.0,5.0,2.0,4.0,3.0,12.0,12.0,1.0,3.0,1760.46,1870.0,35.7,58.58,2026.0,0.86,364.0,0.85,428.0,1,2,2,-1,0,0,3,0.60790273556231,0.39209726443769,0.5714285714285714,0.4285714285714286,0.7142857142857143,0.2857142857142857,0.25,0.75,0.4595959595959596,0.5404040404040404,0.3333333333333333,0.6666666666666667,0.4849137574852774,0.5150862425147227,0.3786593126856173,0.6213406873143827,0.71,-0.08000000000000002,1.0,3.0,-64.0,0.010000000000000009,1.0,0.0,-2.0,-109.53999999999996,-22.879999999999995,-109.53999999999996,0.34738290661595234,0
2026-03-26,Malta,Luxemburgo,0-2,,,1.59,0.86,0.43,0.57,2.0,2.0,1.0,3.0,2.0,0.0,11.0,11.0,0.0,2.0,996.59,1218.91,0.554,0.639,2026.0,0.78,292.0,0.87,439.0,0,2,2,-2,0,0,3,0.6489795918367347,0.3510204081632653,0.5,0.5,0.25,0.75,0.0,1.0,0.399452804377565,0.6005471956224351,0.0,1.0,0.44982622432859404,0.550173775671406,0.4643755238893546,0.5356244761106455,0.7300000000000001,-0.13999999999999996,0.0,-2.0,-147.0,-0.08999999999999997,2.0,0.0,-2.0,-222.32000000000005,-0.08499999999999996,-222.32000000000005,0.21758822045479276,1
2026-03-26,Chipre,Bielorrusia,0-1,,,1.2166,0.8226,0.58,0.42,2.0,3.0,5.0,4.0,1.0,4.0,8.0,21.0,1.94,1.2,1128.5,1227.09,0.737,0.641,2026.0,0.87,613.0,0.74,203.0,0,1,2,-1,0,0,3,0.5966065123577873,0.4033934876422127,0.4,0.6,0.5555555555555556,0.4444444444444444,0.6178343949044587,0.3821656050955413,0.7512254901960784,0.24877450980392157,0.0,1.0,0.47907318336382815,0.5209268166361718,0.534833091436865,0.46516690856313503,0.3939999999999999,0.15999999999999998,-1.0,1.0,410.0,0.13,-3.0,-13.0,0.74,-98.58999999999992,0.09599999999999997,-98.58999999999992,0.3618070379049545,1
2026-03-26,Georgia,Israel,2-2,,,0.9268000000000001,1.3100000000000005,0.46,0.54,3.0,4.0,6.0,7.0,1.0,1.0,11.0,9.0,3.22,2.38,1347.88,1328.14,9.65,2.96,2026.0,0.88,371.0,0.92,584.0,2,2,X,0,0,1,1,0.4143419170243204,0.5856580829756797,0.42857142857142855,0.5714285714285714,0.46153846153846156,0.5384615384615384,0.5750000000000001,0.42499999999999993,0.38848167539267014,0.6115183246073299,0.5,0.5,0.503688313241306,0.49631168675869397,0.7652656621728787,0.23473433782712128,-0.38320000000000043,-0.08000000000000002,-1.0,-1.0,-213.0,-0.040000000000000036,0.0,2.0,0.8400000000000003,19.74000000000001,6.69,19.74000000000001,0.5283776149844818,0
2026-03-26,Moldavia,Lituania,0-2,,,1.229,0.8591999999999997,0.49,0.51,4.0,3.0,3.0,7.0,2.0,2.0,9.0,7.0,1.92,2.72,1012.64,1056.34,0.373,0.703,2026.0,0.8155999999999999,335.56,0.8216,357.12,0,2,2,-2,0,0,3,0.5885451585097214,0.41145484149027856,0.5714285714285714,0.4285714285714286,0.3,0.7,0.4137931034482758,0.5862068965517242,0.4844372581855979,0.5155627418144021,0.0,1.0,0.4894392405919825,0.5105607594080175,0.3466542750929368,0.6533457249070632,0.36980000000000035,-0.020000000000000018,1.0,-4.0,-21.560000000000002,-0.006000000000000116,0.0,2.0,-0.8000000000000003,-43.69999999999993,-0.32999999999999996,-43.69999999999993,0.43744020181818916,0
2026-03-26,Vietnam,Bangladés,3-0,,,1.9206,0.5894000000000001,0.55,0.45,7.0,2.0,9.0,2.0,0.0,2.0,13.42,13.36,1.62,5.04,1189.51,911.1,0.277,0.315,2026.0,0.8156,350.12,0.7776,285.4,3,0,1,3,1,3,0,0.7651792828685259,0.23482071713147412,0.7777777777777778,0.2222222222222222,0.8181818181818182,0.18181818181818177,0.24324324324324326,0.7567567567567568,0.5509189325276939,0.44908106747230614,1.0,0.0,0.5662688457162443,0.43373115428375575,0.4679054054054054,0.5320945945945946,1.3312,0.10000000000000003,5.0,7.0,64.72000000000003,0.038000000000000034,-2.0,0.0600000000000005,-3.42,278.40999999999997,-0.03799999999999998,278.40999999999997,0.8323893806135971,-1
2026-03-26,Turquía,Rumanía,1-0,,,1.4,0.47,0.68,0.32,2.0,0.0,9.0,3.0,2.0,1.0,7.0,12.0,0.0,1.0,1582.69,1465.78,18.22,2.37,2026.0,0.87,475.0,0.66,169.0,1,0,1,1,1,3,0,0.7486631016042781,0.25133689839572193,1.0,0.0,0.75,0.25,0.0,1.0,0.7375776397515528,0.26242236024844723,1.0,0.0,0.5191751928016349,0.48082480719836507,0.8848955803788247,0.11510441962117535,0.9299999999999999,0.36000000000000004,2.0,6.0,306.0,0.20999999999999996,1.0,-5.0,-1.0,116.91000000000008,15.849999999999998,116.91000000000008,0.6621719121654193,-1
2026-03-26,Ucrania,Suecia,1-3,,,0.76,2.38,0.68,0.32,4.0,4.0,9.0,3.0,2.0,1.0,12.0,10.0,1.0,3.0,1557.47,1487.13,9.88,15.62,2026.0,0.84,474.0,0.75,202.0,1,3,2,-2,0,0,3,0.24203821656050958,0.7579617834394904,0.5,0.5,0.75,0.25,0.25,0.75,0.7011834319526628,0.29881656804733725,0.25,0.75,0.5115515995533074,0.4884484004466926,0.3874509803921569,0.6125490196078431,-1.6199999999999999,0.36000000000000004,0.0,6.0,272.0,0.08999999999999997,1.0,2.0,-2.0,70.33999999999992,-5.739999999999998,70.33999999999992,0.5998666679153326,-1
2026-03-26,República Checa,Irlanda,2-2,2-2,3-2,1.45,1.28,0.58,0.42,3.0,3.0,6.0,9.0,1.0,2.0,25.0,14.0,2.0,1.0,1487.0,1436.04,7.24,5.44,2026.0,0.79,427.0,0.67,263.0,2,2,X,0,0,1,1,0.5311355311355311,0.46886446886446886,0.5,0.5,0.4,0.6,0.6666666666666666,0.33333333333333337,0.618840579710145,0.38115942028985506,0.5,0.5,0.5087169522141333,0.49128304778586673,0.5709779179810726,0.42902208201892744,0.16999999999999993,0.15999999999999998,0.0,-3.0,164.0,0.12,-1.0,11.0,1.0,50.960000000000036,1.7999999999999998,50.960000000000036,0.5728159085787609,0
2026-03-26,Polonia,Albania,2-1,,,0.89,1.11,0.5,0.5,4.0,2.0,6.0,2.0,2.0,3.0,20.0,12.0,1.0,1.0,1532.04,1401.07,8.91,3.42,2026.0,0.88,415.0,0.82,403.0,2,1,1,1,1,3,0,0.445,0.5549999999999999,0.6666666666666666,0.33333333333333337,0.75,0.25,0.5,0.5,0.5073349633251834,0.49266503667481665,0.6666666666666666,0.33333333333333337,0.5223261316486597,0.4776738683513403,0.7226277372262774,0.2773722627737226,-0.22000000000000008,0.0,2.0,4.0,12.0,0.06000000000000005,-1.0,8.0,0.0,130.97000000000003,5.49,130.97000000000003,0.6800331007748837,-1
2026-03-26,Gales,Bosnia-Herzegovina,1-1,1-1,1-2,1.34,1.1,0.62,0.38,3.0,5.0,9.0,3.0,1.0,4.0,8.0,20.0,4.0,2.0,1529.71,1362.37,6.69,5.63,2026.0,0.84,586.0,0.72,316.0,1,1,X,0,0,1,1,0.5491803278688524,0.4508196721311476,0.375,0.625,0.75,0.25,0.6666666666666666,0.33333333333333337,0.6496674057649667,0.35033259423503327,0.5,0.5,0.5289307349727532,0.4710692650272468,0.5430194805194806,0.45698051948051943,0.24,0.24,-2.0,6.0,270.0,0.12,-3.0,-12.0,2.0,167.34000000000015,1.0600000000000005,167.34000000000015,0.7237793291592077,-1
2026-03-26,Eslovaquia,Kosovo,3-4,,,1.75,1.13,0.58,0.42,8.0,5.0,7.0,3.0,2.0,3.0,14.0,16.0,2.0,5.0,1485.65,1308.84,2.3,5.46,2026.0,0.85,377.0,0.74,241.0,3,4,2,-1,0,0,3,0.607638888888889,0.39236111111111105,0.6153846153846154,0.3846153846153846,0.7,0.30000000000000004,0.2857142857142857,0.7142857142857143,0.610032362459547,0.38996763754045305,0.42857142857142855,0.5714285714285714,0.5316354683681102,0.46836453163188985,0.2963917525773196,0.7036082474226804,0.6200000000000001,0.15999999999999998,3.0,4.0,136.0,0.10999999999999999,-1.0,-2.0,-3.0,176.81000000000017,-3.16,176.81000000000017,0.7345438789341487,-1
2026-03-26,Dinamarca,Macedonia del Norte,4-0,,,2.85,0.15,0.68,0.32,9.0,0.0,11.0,2.0,0.0,2.0,10.0,8.0,0.0,5.0,1616.75,1378.57,15.87,1.38,2026.0,0.89,527.0,0.74,210.0,4,0,1,4,1,3,0,0.9500000000000001,0.04999999999999993,1.0,0.0,0.8461538461538461,0.15384615384615385,0.0,1.0,0.7150610583446404,0.2849389416553596,1.0,0.0,0.5397586902234153,0.46024130977658473,0.9199999999999999,0.08000000000000007,2.7,0.36000000000000004,9.0,9.0,317.0,0.15000000000000002,-2.0,2.0,-5.0,238.18000000000006,14.489999999999998,238.18000000000006,0.7975536664162085,-1
2026-03-26,Bolivia,Surinam,2-1,,,1.98,2.38,0.63,0.37,6.0,4.0,5.0,5.0,3.0,4.0,13.0,17.0,3.0,4.0,1330.52,1140.54,0.669,1.38,2026.0,0.88,426.0,0.72,193.0,2,1,1,1,1,3,0,0.45412844036697253,0.5458715596330275,0.6,0.4,0.5,0.5,0.42857142857142855,0.5714285714285714,0.6882067851373183,0.31179321486268174,0.6666666666666666,0.33333333333333337,0.5384409929342063,0.46155900706579367,0.3265007320644217,0.6734992679355782,-0.3999999999999999,0.26,2.0,0.0,233.0,0.16000000000000003,-1.0,-4.0,-1.0,189.98000000000002,-0.7109999999999999,189.98000000000002,0.7490614228354007,-1
2026-03-26,Italia,Irlanda del Norte,2-0,,,1.59,0.51,0.63,0.37,8.0,1.0,12.0,3.0,1.0,0.0,11.0,8.0,1.0,5.0,1702.06,1366.02,13.73,3.47,2026.0,0.84,423.0,0.76,236.0,2,0,1,2,1,3,0,0.7571428571428571,0.24285714285714288,0.8888888888888888,0.11111111111111116,0.8,0.19999999999999996,0.16666666666666666,0.8333333333333334,0.6418816388467374,0.35811836115326257,1.0,0.0,0.5547638914239524,0.44523610857604756,0.7982558139534884,0.20174418604651156,1.08,0.26,7.0,9.0,187.0,0.07999999999999996,1.0,3.0,-4.0,336.03999999999996,10.26,336.03999999999996,0.8737358256028427,-1
2026-03-27,Rusia,Nicaragua,3-1,,,3.76,0.13,0.67,0.33,7.0,1.0,6.0,3.0,1.0,1.0,11.0,12.0,0.0,3.0,1524.52,1116.86,7.35,0.172,2026.0,0.85,429.0,0.7,174.0,3,1,1,2,1,3,0,0.9665809768637532,0.033419023136246784,0.875,0.125,0.6666666666666666,0.33333333333333337,0.0,1.0,0.7114427860696517,0.2885572139303483,0.75,0.25,0.5771679955174946,0.42283200448250535,0.9771337410263228,0.022866258973677223,3.63,0.34,6.0,3.0,255.0,0.15000000000000002,0.0,-1.0,-3.0,407.6600000000001,7.178,407.6600000000001,0.9126699421731983,-3
2026-03-27,Sudáfrica,Panamá,1-1,,,1.85,0.23,0.64,0.36,5.0,2.0,5.0,1.0,1.0,2.0,12.0,16.0,1.0,4.0,1432.76,1539.47,1.89,1.33,2026.0,0.88,517.0,0.8,266.0,1,1,X,0,0,1,1,0.889423076923077,0.11057692307692302,0.7142857142857143,0.2857142857142857,0.8333333333333334,0.16666666666666663,0.2,0.8,0.6602809706257982,0.33971902937420184,0.5,0.5,0.482048832021748,0.517951167978252,0.5869565217391305,0.4130434782608695,1.62,0.28,3.0,4.0,251.0,0.07999999999999996,-1.0,-4.0,-3.0,-106.71000000000004,0.5599999999999998,-106.71000000000004,0.35108528246308035,1
2026-03-27,Montenegro,Andorra,2-0,,,2.2199999999999993,0.7708000000000002,0.49,0.51,9.0,2.0,9.0,1.0,0.0,1.0,17.0,8.0,0.9,5.66,1297.09,949.44,2.48,0.137,2026.0,0.85,412.0,0.79,346.0,2,0,1,2,1,3,0,0.742276314029691,0.25772368597030904,0.8181818181818182,0.18181818181818177,0.9,0.09999999999999998,0.1371951219512195,0.8628048780487805,0.5435356200527705,0.45646437994722955,1.0,0.0,0.5773748848223705,0.42262511517762946,0.9476499808941536,0.05235001910584636,1.4491999999999992,-0.020000000000000018,7.0,8.0,66.0,0.05999999999999994,-1.0,9.0,-4.76,347.64999999999986,2.343,347.64999999999986,0.8809266074040798,-1
2026-03-27,Austria,Ghana,5-1,,,2.55,0.35,0.6,0.4,7.0,1.0,5.0,3.0,1.0,2.0,17.0,6.0,0.0,2.0,1585.51,1351.09,9.43,9.01,2026.0,0.87,409.0,0.8,254.0,5,1,1,4,1,3,0,0.8793103448275862,0.12068965517241381,0.875,0.125,0.625,0.375,0.0,1.0,0.6168929110105581,0.3831070889894419,0.8333333333333334,0.16666666666666663,0.5399135054144248,0.46008649458557516,0.5113882863340564,0.4886117136659436,2.1999999999999997,0.19999999999999996,6.0,2.0,155.0,0.06999999999999995,-1.0,11.0,-2.0,234.42000000000007,0.41999999999999993,234.42000000000007,0.794036423529109,-2
2026-03-27,Jordania,Costa Rica,2-2,,,0.8345999999999998,0.9275999999999999,0.47,0.53,3.0,3.0,7.0,2.0,2.0,2.0,13.62,13.48,1.92,2.32,1388.93,1464.24,0.781,1.34,2026.0,0.7997999999999997,317.48,0.8315999999999997,381.04,2,2,X,0,0,1,1,0.47361252979230506,0.5263874702076949,0.5,0.5,0.7777777777777778,0.2222222222222222,0.45283018867924524,0.5471698113207548,0.4545038080513085,0.5454961919486915,0.5,0.5,0.4868023987354416,0.5131976012645584,0.36822253653936826,0.6317774634606317,-0.09300000000000008,-0.06000000000000005,0.0,5.0,-63.56,-0.03179999999999994,0.0,0.1399999999999988,-0.3999999999999999,-75.30999999999995,-0.559,-75.30999999999995,0.39328629096044077,0
2026-03-27,Arabia Saudí,Egipto,0-4,,,0.39,1.22,0.61,0.39,0.0,8.0,4.0,1.0,2.0,0.0,12.0,13.0,4.0,0.0,1429.48,1556.71,1.56,4.48,2026.0,0.87,504.0,0.87,326.0,0,4,2,-4,0,0,3,0.24223602484472054,0.7577639751552795,0.0,1.0,0.8,0.19999999999999996,1.0,0.0,0.6072289156626506,0.3927710843373494,0.0,1.0,0.47869693489027826,0.5213030651097217,0.2582781456953642,0.7417218543046358,-0.83,0.21999999999999997,-8.0,3.0,178.0,0.0,2.0,-1.0,4.0,-127.23000000000002,-2.9200000000000004,-127.23000000000002,0.3246694354024834,1
2026-03-27,España,Serbia,3-0,,,1.34,0.11,0.71,0.29,8.0,2.0,5.0,1.0,1.28,2.88,12.0,8.0,2.0,5.0,1877.18,1506.34,47.03,7.76,2026.0,0.93,742.0,0.8,252.0,3,0,1,3,1,3,0,0.9241379310344827,0.07586206896551728,0.8,0.19999999999999996,0.8333333333333334,0.16666666666666663,0.2857142857142857,0.7142857142857143,0.7464788732394366,0.2535211267605634,1.0,0.0,0.5548009173878091,0.4451990826121909,0.8583683153860194,0.14163168461398057,1.23,0.42,6.0,4.0,490.0,0.13,-1.5999999999999999,4.0,-3.0,370.84000000000015,39.27,370.84000000000015,0.8942328896821805,-1
2026-03-27,Inglaterra,Uruguay,1-1,,,1.86,1.28,0.54,0.46,5.0,1.0,7.0,0.0,1.0,2.0,7.0,12.0,0.0,4.0,1834.12,1672.62,52.43,13.82,2026.0,0.89,427.0,0.87,364.0,1,1,X,0,0,1,1,0.5923566878980892,0.40764331210191085,0.8333333333333334,0.16666666666666663,1.0,0.0,0.0,1.0,0.5398230088495575,0.4601769911504425,0.5,0.5,0.5230270849849148,0.4769729150150852,0.7913962264150943,0.20860377358490567,0.5800000000000001,0.08000000000000002,4.0,7.0,63.0,0.020000000000000018,-1.0,-5.0,-4.0,161.5,38.61,161.5,0.7170080734221427,0
2026-03-27,Países Bajos,Noruega,2-1,,,2.07,0.83,0.47,0.53,5.0,2.0,8.0,2.0,0.0,1.0,11.0,9.0,1.0,3.0,1756.27,1553.14,29.01,22.69,2026.0,0.85,386.0,0.84,423.0,2,1,1,1,1,3,0,0.7137931034482758,0.28620689655172415,0.7142857142857143,0.2857142857142857,0.8,0.19999999999999996,0.25,0.75,0.47713226205191595,0.522867737948084,0.6666666666666666,0.33333333333333337,0.5306897604104659,0.4693102395895341,0.5611218568665377,0.4388781431334623,1.2399999999999998,-0.06000000000000005,3.0,6.0,-37.0,0.010000000000000009,-1.0,2.0,-2.0,203.12999999999988,6.32,203.12999999999988,0.76302032203707,0
2026-03-27,Suiza,Alemania,3-4,,,0.59,2.63,0.46,0.54,3.0,9.0,0.0,10.0,1.46,1.86,6.0,12.0,5.0,0.0,1654.69,1724.15,12.79,36.42,2026.0,0.85,435.0,0.88,521.0,3,4,2,-1,0,0,3,0.18322981366459629,0.8167701863354038,0.25,0.75,0.0,1.0,1.0,0.0,0.45502092050209203,0.5449790794979079,0.42857142857142855,0.5714285714285714,0.4897213244782233,0.5102786755217767,0.2599065230644178,0.7400934769355823,-2.04,-0.08000000000000002,-6.0,-10.0,-86.0,-0.030000000000000027,-0.40000000000000013,-6.0,5.0,-69.46000000000004,-23.630000000000003,-69.46000000000004,0.4013498448316615,0
2026-03-27,Argelia,Guatemala,7-0,,,2.3462,0.41019999999999995,0.61,0.39,9.0,3.0,8.0,4.0,1.26,1.22,13.18,10.08,2.56,5.9,1560.91,1245.77,9.88,0.338,2026.0,0.8733999999999997,492.1,0.7909999999999998,274.16,7,0,1,7,1,3,0,0.8511827020751704,0.14881729792482956,0.75,0.25,0.6666666666666666,0.33333333333333337,0.30260047281323876,0.6973995271867612,0.6422102158536267,0.3577897841463733,1.0,0.0,0.5561410634628814,0.4438589365371186,0.9669211195928754,0.03307888040712459,1.9360000000000002,0.21999999999999997,6.0,4.0,217.94,0.08239999999999992,0.040000000000000036,3.0999999999999996,-3.3400000000000003,315.1400000000001,9.542000000000002,315.1400000000001,0.8598556622964639,-2
2026-03-27,Grecia,Paraguay,0-1,,,1.3084,0.8415999999999998,0.53,0.47,3.0,3.0,6.0,3.0,1.0,0.0,9.0,11.0,1.66,2.1,1480.38,1501.5,11.02,5.91,2026.0,0.87,493.0,0.82,342.0,0,1,2,-1,0,0,3,0.6085581395348838,0.3914418604651162,0.5,0.5,0.6666666666666666,0.33333333333333337,0.44148936170212766,0.5585106382978724,0.5904191616766467,0.40958083832335335,0.0,1.0,0.49645861000442676,0.5035413899955732,0.650915534554046,0.34908446544595395,0.4668000000000002,0.06000000000000005,0.0,3.0,151.0,0.050000000000000044,1.0,-2.0,-0.44000000000000017,-21.11999999999989,5.109999999999999,-21.11999999999989,0.4696432590844606,0
2026-03-27,Libia,Níger,0-0,,,0.5916,0.8156,0.51,0.49,1.0,3.0,4.0,4.0,2.12,2.08,15.5,14.04,2.12,0.64,1183.06,1185.09,0.533,0.428,2026.0,0.8202000000000002,351.74,0.8116000000000001,331.88,0,0,X,0,0,1,1,0.4204093234792496,0.5795906765207504,0.25,0.75,0.5,0.5,0.7681159420289855,0.23188405797101452,0.5145256136450075,0.4854743863549925,0.5,0.5,0.49957139539302836,0.5004286046069717,0.554630593132154,0.445369406867846,-0.22399999999999998,0.020000000000000018,-2.0,0.0,19.860000000000014,0.008600000000000052,0.040000000000000036,1.4600000000000009,1.48,-2.0299999999999727,0.10500000000000004,-2.0299999999999727,0.4970786284068632,0
2026-03-27,Marruecos,Ecuador,1-1,,,1.37,0.49,0.53,0.47,3.0,2.0,2.0,1.0,1.0,0.0,15.0,17.0,1.0,2.0,1736.57,1591.73,17.22,14.18,2026.0,0.89,412.0,0.84,340.0,1,1,X,0,0,1,1,0.7365591397849462,0.26344086021505375,0.6,0.4,0.6666666666666666,0.33333333333333337,0.3333333333333333,0.6666666666666667,0.5478723404255319,0.4521276595744681,0.5,0.5,0.5217588558723673,0.47824114412763274,0.5484076433121019,0.4515923566878981,0.8800000000000001,0.06000000000000005,1.0,1.0,72.0,0.050000000000000044,1.0,-2.0,-1.0,144.83999999999992,3.039999999999999,144.83999999999992,0.6971506544997785,0
2026-03-27,Benín,Liberia,1-0,,,1.3800000000000003,0.4305999999999999,0.53,0.47,6.0,0.0,3.0,5.0,1.44,2.16,13.44,15.86,0.0,4.12,1250.05,1081.46,0.723,0.551,2026.0,0.8792000000000003,442.44,0.8506000000000004,371.6,1,0,1,1,1,3,0,0.762178283441953,0.23782171655804696,1.0,0.0,0.375,0.625,0.0,1.0,0.54351137536239,0.45648862463761,1.0,0.0,0.5361546808720528,0.46384531912794724,0.5675039246467818,0.4324960753532182,0.9494000000000005,0.06000000000000005,6.0,-2.0,70.83999999999997,0.02859999999999996,-0.7200000000000002,-2.42,-4.12,168.58999999999992,0.17199999999999993,168.58999999999992,0.7252155705648458,-1
2026-03-27,Colombia,Croacia,1-2,,,2.07,1.22,0.58,0.42,5.0,3.0,6.0,4.0,0.0,3.0,7.0,18.0,1.0,4.0,1701.3,1716.88,11.63,14.9,2026.0,0.91,550.0,0.88,390.0,1,2,2,-1,0,0,3,0.6291793313069908,0.3708206686930092,0.625,0.375,0.6,0.4,0.2,0.8,0.5851063829787234,0.4148936170212766,0.3333333333333333,0.6666666666666667,0.4977210094260688,0.5022789905739312,0.4383716547304938,0.5616283452695062,0.8499999999999999,0.15999999999999998,2.0,2.0,160.0,0.030000000000000027,-3.0,-11.0,-3.0,-15.580000000000155,-3.2699999999999996,-15.580000000000155,0.477593594513541,0
2026-03-27,Nueva Caledonia,Jamaica,0-1,,,0.14,0.99,0.45,0.55,1.0,4.0,2.0,5.0,2.02,1.48,12.0,16.0,3.0,1.0,1042.62,1362.46,0.208,0.377,2026.0,0.78,299.0,0.8,364.0,0,1,2,-1,0,0,3,0.12389380530973454,0.8761061946902655,0.2,0.8,0.2857142857142857,0.7142857142857143,0.75,0.25,0.45098039215686275,0.5490196078431373,0.0,1.0,0.43350740931694576,0.5664925906830542,0.35555555555555557,0.6444444444444444,-0.85,-0.10000000000000003,-3.0,-3.0,-65.0,-0.020000000000000018,0.54,-4.0,2.0,-319.84000000000015,-0.169,-319.84000000000015,0.13691569060419564,2
2026-03-28,Corea del Sur,Costa de Marfil,0-4,,,1.07,3.22,0.51,0.49,2.0,8.0,7.0,5.0,1.38,2.02,8.0,7.0,4.0,2.0,1599.45,1522.48,5.35,20.08,2026.0,0.89,474.0,0.9,464.0,0,4,2,-4,0,0,3,0.24941724941724944,0.7505827505827506,0.2,0.8,0.5833333333333334,0.41666666666666663,0.6666666666666666,0.33333333333333337,0.5053304904051172,0.49466950959488276,0.0,1.0,0.5123273103496875,0.4876726896503125,0.21038143924498623,0.7896185607550138,-2.1500000000000004,0.020000000000000018,-6.0,2.0,10.0,-0.010000000000000009,-0.6400000000000001,1.0,2.0,76.97000000000003,-14.729999999999999,76.97000000000003,0.6089914821631898,0
2026-03-28,Senegal,Perú,2-0,,,1.89,0.43,0.6,0.4,6.0,2.0,7.0,6.0,1.0,1.0,9.0,10.0,2.0,4.0,1706.83,1459.57,18.39,1.28,2026.0,0.91,590.0,0.82,357.0,2,0,1,2,1,3,0,0.8146551724137931,0.18534482758620685,0.75,0.25,0.5384615384615384,0.46153846153846156,0.3333333333333333,0.6666666666666667,0.6230200633579726,0.37697993664202745,1.0,0.0,0.5390443405760486,0.46095565942395145,0.934926283680732,0.06507371631926795,1.46,0.19999999999999996,4.0,1.0,233.0,0.09000000000000008,0.0,-1.0,-2.0,247.26,17.11,247.26,0.805861954575917,-1
2026-03-28,Escocia,Japón,0-1,,,0.89,2.13,0.45,0.55,3.0,7.0,3.0,8.0,0.0,2.0,7.0,16.0,6.0,3.0,1506.77,1650.12,6.55,10.42,2026.0,0.83,410.0,0.88,535.0,0,1,2,-1,0,0,3,0.2947019867549669,0.705298013245033,0.3,0.7,0.2727272727272727,0.7272727272727273,0.6666666666666666,0.33333333333333337,0.43386243386243384,0.5661375661375662,0.0,1.0,0.4772956929129618,0.5227043070870382,0.3859752504419564,0.6140247495580435,-1.2399999999999998,-0.10000000000000003,-4.0,-5.0,-125.0,-0.050000000000000044,-2.0,-9.0,3.0,-143.3499999999999,-3.87,-143.3499999999999,0.3046633049963056,1
2026-03-28,Burkina Faso,Guinea-Bisáu,5-0,,,2.772600000000001,0.49980000000000013,0.5,0.5,11.0,3.0,4.0,1.0,1.8,2.46,14.04,14.34,2.9,7.98,1412.79,1108.09,4.42,1.64,2026.0,0.8201999999999998,329.5,0.8216000000000001,322.48,5,0,1,5,1,3,0,0.8472680601393473,0.1527319398606527,0.7857142857142857,0.2142857142857143,0.8,0.19999999999999996,0.2665441176470588,0.7334558823529411,0.5053836007239486,0.4946163992760514,1.0,0.0,0.5604352448351368,0.43956475516486315,0.7293729372937294,0.27062706270627057,2.272800000000001,0.0,8.0,3.0,7.019999999999982,-0.00140000000000029,-0.6599999999999999,-0.3000000000000007,-5.08,304.70000000000005,2.7800000000000002,304.70000000000005,0.8524558787589015,-2
2026-03-28,Canadá,Islandia,2-2,,,2.33,0.68,0.56,0.44,5.0,3.0,8.0,1.0,0.0,2.0,12.0,17.0,1.0,3.0,1559.15,1344.72,7.64,3.71,2026.0,0.76,328.0,0.71,240.0,2,2,X,0,0,1,1,0.7740863787375415,0.2259136212624585,0.625,0.375,0.8888888888888888,0.11111111111111116,0.25,0.75,0.5774647887323944,0.4225352112676056,0.5,0.5,0.5369214186585488,0.4630785813414512,0.6731277533039648,0.3268722466960352,1.65,0.12000000000000005,2.0,7.0,88.0,0.050000000000000044,-2.0,-5.0,-2.0,214.43000000000006,3.9299999999999997,214.43000000000006,0.7745804689160516,-2
2026-03-28,Hungría,Eslovenia,1-0,,,1.74,0.28,0.51,0.49,6.0,2.0,9.0,1.0,1.0,3.0,10.0,14.0,2.0,5.0,1496.29,1447.31,7.21,4.02,2026.0,0.86,412.0,0.82,374.0,1,0,1,1,1,3,0,0.8613861386138614,0.13861386138613863,0.75,0.25,0.9,0.09999999999999998,0.2857142857142857,0.7142857142857143,0.5241730279898219,0.4758269720101781,1.0,0.0,0.5083197445305069,0.4916802554694931,0.6420302760463045,0.35796972395369553,1.46,0.020000000000000018,4.0,8.0,38.0,0.040000000000000036,-2.0,-4.0,-3.0,48.98000000000002,3.1900000000000004,48.98000000000002,0.5700246060278633,0
2026-03-28,San Marino,Islas Feroe,1-2,,,0.6655999999999999,1.4802000000000002,0.43,0.57,1.0,4.0,1.0,5.0,4.0,1.0,15.0,13.0,2.48,0.6,726.03,1135.42,0.044,0.222,2026.0,0.78,266.0,0.84,534.0,1,2,2,-1,0,0,3,0.3101873427160033,0.6898126572839967,0.2,0.8,0.16666666666666666,0.8333333333333334,0.8051948051948051,0.19480519480519487,0.3325,0.6675,0.3333333333333333,0.6666666666666667,0.3900346504069408,0.6099653495930593,0.16541353383458646,0.8345864661654135,-0.8146000000000003,-0.13999999999999996,-3.0,-4.0,-268.0,-0.05999999999999994,3.0,2.0,1.88,-409.3900000000001,-0.178,-409.3900000000001,0.08653957110124925,0
2026-03-28,EE. UU.,Bélgica,2-5,,,1.33,2.34,0.51,0.49,5.0,10.0,6.0,6.0,2.0,0.0,8.0,10.0,5.0,3.0,1681.88,1730.71,14.83,21.06,2026.0,0.85,394.0,0.85,379.0,2,5,2,-3,0,0,3,0.36239782016348776,0.6376021798365122,0.3333333333333333,0.6666666666666667,0.5,0.5,0.625,0.375,0.5097024579560155,0.49029754204398446,0.2857142857142857,0.7142857142857143,0.4928456099326318,0.5071543900673682,0.41320702145444416,0.5867929785455559,-1.0099999999999998,0.020000000000000018,-5.0,0.0,15.0,0.0,2.0,-2.0,2.0,-48.82999999999993,-6.229999999999999,-48.82999999999993,0.43018704013330233,0
2026-03-28,Argentina,Mauritania,2-1,,,0.67,1.04,0.64,0.36,4.0,4.0,4.0,2.0,1.0,1.0,18.0,12.0,3.0,2.0,1873.33,1171.35,31.06,1.01,2026.0,0.92,650.0,0.88,338.0,2,1,1,1,1,3,0,0.39181286549707606,0.6081871345029239,0.5,0.5,0.6666666666666666,0.33333333333333337,0.6,0.4,0.6578947368421053,0.3421052631578947,0.6666666666666666,0.33333333333333337,0.6152797666749872,0.3847202333250128,0.968506392266916,0.03149360773308396,-0.37,0.28,0.0,2.0,312.0,0.040000000000000036,0.0,6.0,1.0,701.98,30.049999999999997,701.98,0.9827225000802167,-2
2026-03-29,Colombia,Francia,1-3,,,1.19,1.3,0.45,0.55,5.0,5.0,9.0,5.0,1.0,3.0,13.0,14.0,2.0,4.0,1701.3,1870.0,11.63,58.58,2026.0,0.83,308.0,0.87,408.0,1,3,2,-2,0,0,3,0.47791164658634533,0.5220883534136547,0.5,0.5,0.6428571428571429,0.3571428571428571,0.3333333333333333,0.6666666666666667,0.4301675977653631,0.5698324022346368,0.25,0.75,0.47638114972138995,0.5236188502786101,0.16564591938470305,0.8343540806152969,-0.1100000000000001,-0.10000000000000003,0.0,4.0,-100.0,-0.040000000000000036,-2.0,-1.0,-2.0,-168.70000000000005,-46.949999999999996,-168.70000000000005,0.2746582624637677,0
2026-03-29,Armenia,Bielorrusia,1-2,,,1.7749999999999997,1.3196,0.69,0.31,6.0,4.0,11.0,5.0,3.0,6.0,8.0,18.0,2.12,4.74,1196.08,1227.09,1.56,0.641,2026.0,0.86,535.0,0.65,163.0,1,2,2,-1,0,0,3,0.573579784140115,0.426420215859885,0.6,0.4,0.6875,0.3125,0.30903790087463556,0.6909620991253644,0.7664756446991404,0.23352435530085958,0.3333333333333333,0.6666666666666667,0.4936013569002587,0.5063986430997414,0.7087687414811449,0.2912312585188551,0.4553999999999996,0.37999999999999995,2.0,6.0,372.0,0.20999999999999996,-3.0,-10.0,-2.62,-31.00999999999999,0.919,-31.00999999999999,0.4554911497612845,0
2026-03-29,Lituania,Georgia,0-2,,,0.7488000000000001,1.6747999999999996,0.49,0.51,3.0,5.0,7.0,4.0,5.0,1.0,18.0,21.0,2.92,2.54,1056.34,1347.88,0.703,9.65,2026.0,0.8,347.0,0.84,417.0,0,2,2,-2,0,0,3,0.3089618748968478,0.6910381251031522,0.375,0.625,0.6363636363636364,0.36363636363636365,0.5347985347985348,0.4652014652014652,0.45418848167539266,0.5458115183246073,0.0,1.0,0.43936910931611906,0.560630890683881,0.06790302327827683,0.9320969767217232,-0.9259999999999995,-0.020000000000000018,-2.0,3.0,-70.0,-0.039999999999999925,4.0,-3.0,0.3799999999999999,-291.5400000000002,-8.947000000000001,-291.5400000000002,0.1573287759187208,1
2026-03-29,México,Portugal,0-0,,,0.52,1.4,0.33,0.67,1.0,2.0,0.0,4.0,1.0,1.0,12.0,9.0,2.0,1.0,1675.75,1760.38,7.38,38.67,2026.0,0.78,243.0,0.9,562.0,0,0,X,0,0,1,1,0.27083333333333337,0.7291666666666666,0.3333333333333333,0.6666666666666667,0.0,1.0,0.6666666666666666,0.33333333333333337,0.3018633540372671,0.698136645962733,0.5,0.5,0.4876852738400468,0.5123147261599532,0.16026058631921822,0.8397394136807818,-0.8799999999999999,-0.34,-1.0,-4.0,-319.0,-0.12,0.0,3.0,1.0,-84.63000000000011,-31.290000000000003,-84.63000000000011,0.3805606013352605,0
2026-03-29,Haití,Túnez,0-1,,,1.0809999999999997,1.2346000000000001,0.51,0.49,2.0,3.0,7.0,3.0,3.0,2.0,13.22,14.7,1.42,1.16,1294.49,1479.04,2.15,2.69,2026.0,0.8210000000000002,341.28,0.8169999999999998,317.42,0,1,2,-1,0,0,3,0.4668336500259111,0.5331663499740888,0.4,0.6,0.7,0.30000000000000004,0.5503875968992248,0.4496124031007752,0.5181114316077121,0.4818885683922879,0.0,1.0,0.46673012370517,0.53326987629483,0.44421487603305787,0.5557851239669421,-0.1536000000000004,0.020000000000000018,-1.0,4.0,23.859999999999957,0.004000000000000337,1.0,-1.4799999999999986,0.26,-184.54999999999995,-0.54,-184.54999999999995,0.2568596307573076,1
2026-03-30,Chipre,Moldavia,3-2,,,1.6525999999999996,1.251,0.6,0.4,5.0,4.0,4.0,1.0,1.0,1.0,5.0,18.0,2.26,2.52,1128.5,1012.64,0.737,0.373,2026.0,0.9,531.0,0.84,386.0,3,2,1,1,1,3,0,0.5691555310648849,0.4308444689351151,0.5555555555555556,0.4444444444444444,0.8,0.19999999999999996,0.47280334728033474,0.5271966527196652,0.579062159214831,0.42093784078516905,0.6,0.4,0.5270556806187359,0.47294431938126413,0.6639639639639641,0.33603603603603593,0.40159999999999973,0.19999999999999996,1.0,3.0,145.0,0.06000000000000005,0.0,-13.0,-0.26000000000000023,115.86000000000001,0.364,115.86000000000001,0.6608184812484068,0
2026-03-30,Alemania,Ghana,2-1,,,2.9,0.56,0.69,0.31,6.0,1.0,9.0,4.0,1.0,3.0,8.0,10.0,0.0,4.0,1724.15,1351.09,36.42,9.01,2026.0,0.92,642.0,0.82,259.0,2,1,1,1,1,3,0,0.838150289017341,0.161849710982659,0.8571428571428571,0.1428571428571429,0.6923076923076923,0.3076923076923077,0.0,1.0,0.7125416204217536,0.2874583795782464,0.6666666666666666,0.33333333333333337,0.5606554285194002,0.4393445714805998,0.8016729033678187,0.1983270966321813,2.34,0.37999999999999995,5.0,5.0,383.0,0.10000000000000009,-2.0,-2.0,-4.0,373.0600000000002,27.410000000000004,373.0600000000002,0.8954354907076305,-2
2026-03-31,San Marino,Andorra,0-0,,,1.0252,1.1006000000000002,0.49,0.51,3.0,3.0,5.0,8.0,3.0,3.0,13.0,22.0,1.82,2.08,726.03,949.44,0.044,0.137,2026.0,0.76,298.0,0.78,302.0,0,0,X,0,0,1,1,0.4822655000470411,0.517734499952959,0.5,0.5,0.38461538461538464,0.6153846153846154,0.4666666666666666,0.5333333333333334,0.49666666666666665,0.5033333333333334,0.5,0.5,0.433329155401171,0.566670844598829,0.2430939226519337,0.7569060773480663,-0.07540000000000036,-0.020000000000000018,0.0,-3.0,-4.0,-0.020000000000000018,0.0,-9.0,-0.26,-223.41000000000008,-0.09300000000000001,-223.41000000000008,0.216521912516066,0
2026-03-31,Noruega,Suiza,0-0,,,0.51,0.74,0.44,0.56,1.0,1.0,4.0,2.0,1.08,1.12,5.0,8.0,1.0,1.0,1553.14,1654.69,22.69,12.79,2026.0,0.85,352.0,0.86,459.0,0,0,X,0,0,1,1,0.40800000000000003,0.592,0.5,0.5,0.6666666666666666,0.33333333333333337,0.5,0.5,0.43403205918618987,0.5659679408138101,0.5,0.5,0.4841715427563182,0.5158284572436818,0.6395152198421645,0.36048478015783547,-0.22999999999999998,-0.12000000000000005,0.0,2.0,-107.0,-0.010000000000000009,-0.040000000000000036,-3.0,0.0,-101.54999999999995,9.900000000000002,-101.54999999999995,0.35788199398163384,0
2026-03-31,Montenegro,Eslovenia,2-3,,,1.5654,1.079,0.53,0.47,6.0,3.0,11.0,6.0,3.0,2.0,11.0,18.0,1.68,4.82,1297.09,1447.31,2.48,4.02,2026.0,0.83,369.0,0.85,407.0,2,3,2,-1,0,0,3,0.5919679322341551,0.4080320677658449,0.6666666666666666,0.33333333333333337,0.6470588235294118,0.3529411764705882,0.25846153846153846,0.7415384615384615,0.47551546391752575,0.5244845360824743,0.4,0.6,0.4726315405917505,0.5273684594082495,0.38153846153846155,0.6184615384615384,0.48639999999999994,0.06000000000000005,3.0,5.0,-38.0,-0.020000000000000018,1.0,-7.0,-3.1400000000000006,-150.22000000000003,-1.5399999999999996,-150.22000000000003,0.296350845270845,1
2026-03-31,Rusia,Mali,0-0,,,1.76,0.2,0.63,0.37,7.0,2.0,8.0,5.0,2.0,2.0,9.0,11.0,2.0,8.0,1524.52,1458.48,7.35,4.32,2026.0,0.88,510.0,0.75,249.0,0,0,X,0,0,1,1,0.8979591836734694,0.10204081632653061,0.7777777777777778,0.2222222222222222,0.6153846153846154,0.3846153846153846,0.2,0.8,0.6719367588932806,0.32806324110671936,0.5,0.5,0.5110693932282937,0.4889306067717063,0.6298200514138818,0.37017994858611825,1.56,0.26,5.0,3.0,261.0,0.13,0.0,-2.0,-6.0,66.03999999999996,3.0299999999999994,66.03999999999996,0.5939109203542547,-1
2026-03-31,Hungría,Grecia,0-0,,,0.9,0.47,0.48,0.52,3.0,3.0,3.0,8.0,1.0,2.0,11.0,15.0,3.0,3.0,1496.29,1480.38,7.21,11.02,2026.0,0.85,317.0,0.84,349.0,0,0,X,0,0,1,1,0.656934306569343,0.34306569343065696,0.5,0.5,0.2727272727272727,0.7272727272727273,0.5,0.5,0.47597597597597596,0.524024024024024,0.5,0.5,0.5026724494149503,0.49732755058504974,0.39550191991223255,0.6044980800877675,0.43000000000000005,-0.040000000000000036,0.0,-5.0,-32.0,0.010000000000000009,-1.0,-4.0,0.0,15.909999999999854,-3.8099999999999996,15.909999999999854,0.5228803396419514,0
2026-03-31,Sudáfrica,Panamá,1-2,,,0.33,0.99,0.55,0.45,2.0,5.0,1.0,1.0,3.0,4.0,11.0,13.0,2.0,1.0,1432.76,1539.47,1.89,1.33,2026.0,0.87,363.0,0.84,282.0,1,2,2,-1,0,0,3,0.25,0.75,0.2857142857142857,0.7142857142857143,0.5,0.5,0.6666666666666666,0.33333333333333337,0.5627906976744186,0.4372093023255814,0.3333333333333333,0.6666666666666667,0.482048832021748,0.517951167978252,0.5869565217391305,0.4130434782608695,-0.6599999999999999,0.10000000000000003,-3.0,0.0,81.0,0.030000000000000027,-1.0,-2.0,1.0,-106.71000000000004,0.5599999999999998,-106.71000000000004,0.35108528246308035,1
2026-03-31,Jordania,Nigeria,2-2,,,1.095,1.2530000000000003,0.42,0.58,4.0,4.0,9.0,6.0,2.0,2.0,12.64,12.82,2.66,2.74,1388.93,1581.55,0.781,7.48,2026.0,0.7606000000000002,242.12,0.8338,385.86,2,2,X,0,0,1,1,0.4663543441226575,0.5336456558773425,0.5,0.5,0.6,0.4,0.4925925925925926,0.5074074074074074,0.3855536800535049,0.6144463199464951,0.5,0.5,0.46757763055129137,0.5324223694487087,0.09454061251664446,0.9054593874833555,-0.15800000000000036,-0.15999999999999998,0.0,3.0,-143.74,-0.07319999999999982,0.0,-0.17999999999999972,-0.08000000000000007,-192.6199999999999,-6.699000000000001,-192.6199999999999,0.24809283559756232,1
2026-03-31,Haití,Islandia,1-1,,,0.8445999999999999,0.6273999999999998,0.44,0.56,3.0,1.0,1.0,0.0,2.0,0.0,13.56,11.74,0.58,1.94,1294.49,1344.72,2.15,3.71,2026.0,0.8253999999999997,347.8,0.8691999999999998,468.44,1,1,X,0,0,1,1,0.5737771739130435,0.4262228260869565,0.75,0.25,1.0,0.0,0.23015873015873015,0.7698412698412699,0.4261001666176615,0.5738998333823385,0.5,0.5,0.49048389480185356,0.5095161051981465,0.36689419795221845,0.6331058020477816,0.21720000000000006,-0.12000000000000005,2.0,1.0,-120.63999999999999,-0.04380000000000006,2.0,1.8200000000000003,-1.3599999999999999,-50.23000000000002,-1.56,-50.23000000000002,0.4282126782752763,0
2026-03-31,Perú,Honduras,2-2,,,0.88,2.11,0.55,0.45,2.0,3.0,5.0,7.0,3.0,2.0,15.0,12.0,1.0,0.0,1459.57,1379.54,1.28,0.805,2026.0,0.83,354.0,0.8,271.0,2,2,X,0,0,1,1,0.29431438127090304,0.705685618729097,0.4,0.6,0.4166666666666667,0.5833333333333333,1.0,0.0,0.5664,0.4336,0.5,0.5,0.5140942055785088,0.4859057944214912,0.6139088729016787,0.3860911270983213,-1.23,0.10000000000000003,-1.0,-2.0,83.0,0.029999999999999916,1.0,3.0,1.0,80.02999999999997,0.475,80.02999999999997,0.6131777823518734,0
2026-03-31,Marruecos,Paraguay,2-1,,,1.11,0.91,0.62,0.38,4.0,7.0,1.0,3.0,3.0,6.0,8.0,11.0,6.0,2.0,1736.57,1501.5,17.22,5.91,2026.0,0.88,517.0,0.81,283.0,2,1,1,1,1,3,0,0.5495049504950495,0.45049504950495045,0.36363636363636365,0.6363636363636364,0.25,0.75,0.75,0.25,0.64625,0.35375,0.6666666666666666,0.33333333333333337,0.5362978564391753,0.46370214356082473,0.7444876783398184,0.25551232166018156,0.20000000000000007,0.24,-3.0,-2.0,234.0,0.06999999999999995,-3.0,-3.0,4.0,235.06999999999994,11.309999999999999,235.06999999999994,0.7946476777209974,-1
2026-03-31,Guinea,Benín,0-1,,,1.3565999999999996,0.39559999999999995,0.61,0.39,4.0,1.0,8.0,2.0,1.08,2.16,11.84,12.58,0.62,2.74,1307.05,1250.05,2.47,0.723,2026.0,0.8714000000000002,491.72,0.7840000000000004,283.86,0,1,2,-1,0,0,3,0.7742266864513183,0.2257733135486817,0.8,0.19999999999999996,0.8,0.19999999999999996,0.1845238095238095,0.8154761904761905,0.6340029397354238,0.36599706026457623,0.0,1.0,0.5111454381917016,0.48885456180829845,0.7735671782023176,0.22643282179768243,0.9609999999999996,0.21999999999999997,3.0,6.0,207.86,0.08739999999999981,-1.08,-0.7400000000000002,-2.12,57.0,1.7470000000000003,57.0,0.581301478368915,0
2026-03-31,Escocia,Costa de Marfil,0-1,,,0.92,2.01,0.48,0.52,4.0,3.0,7.0,5.0,1.3,1.24,9.0,9.0,3.0,1.0,1506.77,1522.48,6.55,20.08,2026.0,0.89,435.0,0.9,501.0,0,1,2,-1,0,0,3,0.3139931740614335,0.6860068259385665,0.5714285714285714,0.4285714285714286,0.5833333333333334,0.41666666666666663,0.75,0.25,0.46474358974358976,0.5352564102564102,0.0,1.0,0.49740694891474785,0.5025930510852521,0.24596319939917385,0.7540368006008261,-1.0899999999999999,-0.040000000000000036,1.0,2.0,-66.0,-0.010000000000000009,0.06000000000000005,0.0,2.0,-15.710000000000036,-13.529999999999998,-15.710000000000036,0.47740688831600087,1
2026-03-31,Argelia,Uruguay,0-0,,,0.45,0.98,0.41,0.59,0.0,1.0,5.0,6.0,4.0,3.0,12.0,16.0,1.0,0.0,1560.91,1672.62,9.88,13.82,2026.0,0.82,280.0,0.88,425.0,0,0,X,0,0,1,1,0.3146853146853147,0.6853146853146853,0.0,1.0,0.45454545454545453,0.5454545454545454,1.0,0.0,0.3971631205673759,0.6028368794326241,0.5,0.5,0.4827263083997984,0.5172736916002016,0.41687763713080167,0.5831223628691984,-0.53,-0.18,-1.0,-1.0,-145.0,-0.06000000000000005,1.0,-4.0,1.0,-111.70999999999981,-3.9399999999999995,-111.70999999999981,0.34455640313521213,0
2026-03-31,Ucrania,Albania,1-0,,,1.742,0.8193999999999997,0.56,0.44,5.0,3.0,3.0,3.0,1.0,0.0,13.0,3.0,1.7,2.54,1557.47,1401.07,9.88,3.42,2026.0,0.9,634.0,0.9,420.0,1,0,1,1,1,3,0,0.6800968220504412,0.3199031779495588,0.625,0.375,0.5,0.5,0.40094339622641506,0.5990566037735849,0.6015180265654649,0.39848197343453506,1.0,0.0,0.526431956302771,0.47356804369722905,0.7428571428571429,0.2571428571428571,0.9226000000000003,0.12000000000000005,2.0,0.0,214.0,0.0,1.0,10.0,-0.8400000000000001,156.4000000000001,6.460000000000001,156.4000000000001,0.7110133620481851,-1
2026-03-31,Senegal,Gambia,3-1,,,2.6452,1.2122000000000002,0.62,0.38,9.0,4.0,6.0,5.0,1.0,1.0,12.24,10.46,2.84,6.12,1706.83,1161.55,18.39,3.43,2026.0,0.8900000000000001,524.06,0.7841999999999999,259.4,3,1,1,2,1,3,0,0.6857468761341836,0.3142531238658164,0.6923076923076923,0.3076923076923077,0.5454545454545454,0.4545454545454546,0.31696428571428564,0.6830357142857144,0.6689046026599954,0.3310953973400046,0.75,0.25,0.5950501676904734,0.40494983230952664,0.8428047662694775,0.15719523373052247,1.4329999999999998,0.24,5.0,1.0,264.65999999999997,0.10580000000000023,0.0,1.7799999999999994,-3.2800000000000002,545.28,14.96,545.28,0.9584684791465952,-3
2026-03-31,Austria,Corea del Sur,1-0,,,0.39,0.71,0.55,0.45,1.0,2.0,4.0,6.0,1.0,0.0,11.0,9.0,2.0,0.0,1585.51,1599.45,9.43,5.35,2026.0,0.84,407.0,0.77,299.0,1,0,1,1,1,3,0,0.35454545454545455,0.6454545454545455,0.3333333333333333,0.6666666666666667,0.4,0.6,1.0,0.0,0.5764872521246459,0.4235127478753541,1.0,0.0,0.4978115894705114,0.5021884105294886,0.6380243572395129,0.3619756427604871,-0.31999999999999995,0.10000000000000003,-1.0,-2.0,108.0,0.06999999999999995,1.0,2.0,2.0,-13.940000000000055,4.08,-13.940000000000055,0.47994948545343824,0
2026-03-31,Eslovaquia,Rumanía,2-0,,,1.4452,1.4585999999999997,0.52,0.48,6.0,4.0,6.0,6.0,1.5,2.32,10.0,17.0,2.46,4.48,1485.65,1465.78,2.3,2.37,2026.0,0.87,461.0,0.89,468.0,2,0,1,2,1,3,0,0.4976926785591295,0.5023073214408704,0.6,0.4,0.5,0.5,0.35446685878962536,0.6455331412103746,0.49623250807319697,0.503767491926803,1.0,0.0,0.5033661648760093,0.49663383512399073,0.49250535331905776,0.5074946466809422,-0.013399999999999634,0.040000000000000036,2.0,0.0,-7.0,-0.020000000000000018,-0.8199999999999998,-7.0,-2.0200000000000005,19.87000000000012,-0.07000000000000028,19.87000000000012,0.5285640934243894,0
2026-03-31,Gales,Irlanda del Norte,1-1,,,1.28,1.98,0.66,0.34,3.0,4.0,5.0,2.0,1.0,1.0,13.0,8.0,3.0,2.0,1529.71,1366.02,6.69,3.47,2026.0,0.88,582.0,0.75,244.0,1,1,X,0,0,1,1,0.39263803680981596,0.6073619631901841,0.42857142857142855,0.5714285714285714,0.7142857142857143,0.2857142857142857,0.6,0.4,0.7046004842615012,0.29539951573849876,0.5,0.5,0.5282640301409317,0.4717359698590683,0.6584645669291339,0.3415354330708661,-0.7,0.32,-1.0,3.0,338.0,0.13,0.0,5.0,1.0,163.69000000000005,3.22,163.69000000000005,0.7195590452992218,-1
2026-03-31,Inglaterra,Japón,0-1,,,0.89,0.58,0.7,0.3,4.0,2.0,11.0,1.0,0.0,2.0,7.0,13.0,1.0,3.0,1834.12,1650.12,52.43,10.42,2026.0,0.9,644.0,0.81,255.0,0,1,2,-1,0,0,3,0.6054421768707483,0.3945578231292517,0.6666666666666666,0.33333333333333337,0.9166666666666666,0.08333333333333337,0.25,0.75,0.7163515016685206,0.2836484983314794,0.0,1.0,0.5264046104745942,0.4735953895254058,0.8342084327764518,0.16579156722354815,0.31000000000000005,0.39999999999999997,2.0,10.0,389.0,0.08999999999999997,-2.0,-6.0,-2.0,184.0,42.01,184.0,0.7425355589430698,0
2026-03-31,Irlanda,Macedonia del Norte,0-0,,,1.58,0.12,0.56,0.44,3.0,1.0,8.0,1.0,0.0,1.0,4.0,9.0,1.0,3.0,1436.04,1378.57,5.44,1.38,2026.0,0.84,427.0,0.81,334.0,0,0,X,0,0,1,1,0.9294117647058823,0.07058823529411773,0.75,0.25,0.8888888888888888,0.11111111111111116,0.25,0.75,0.5611038107752957,0.4388961892247043,0.5,0.5,0.5102092296978978,0.48979077030210216,0.7976539589442816,0.2023460410557184,1.46,0.12000000000000005,2.0,7.0,93.0,0.029999999999999916,-1.0,-5.0,-2.0,57.47000000000003,4.0600000000000005,57.47000000000003,0.5819598341092719,0
2026-03-31,Países Bajos,Ecuador,1-1,,,0.13,1.58,0.29,0.71,1.0,3.0,2.0,10.0,0.0,2.0,6.0,16.0,2.0,1.0,1756.27,1591.73,29.01,14.18,2026.0,0.71,176.0,0.91,555.0,1,1,X,0,0,1,1,0.0760233918128655,0.9239766081871345,0.25,0.75,0.16666666666666666,0.8333333333333334,0.6666666666666666,0.33333333333333337,0.24076607387140903,0.759233926128591,0.5,0.5,0.5245728793309439,0.4754271206690561,0.6716832600138922,0.3283167399861078,-1.4500000000000002,-0.42,-2.0,-8.0,-379.0,-0.20000000000000007,-2.0,-10.0,1.0,164.53999999999996,14.830000000000002,164.53999999999996,0.7205453595743949,0
2026-03-31,España,Egipto,0-0,,,2.5,0.15,0.61,0.39,6.0,1.0,11.0,0.0,0.0,5.0,11.0,9.0,1.0,6.0,1877.18,1556.71,47.03,4.48,2026.0,0.91,596.0,0.84,365.0,0,0,X,0,0,1,1,0.9433962264150944,0.05660377358490565,0.8571428571428571,0.1428571428571429,1.0,0.0,0.14285714285714285,0.8571428571428572,0.6201873048907388,0.3798126951092612,0.5,0.5,0.546662822629729,0.453337177370271,0.9130265967773247,0.08697340322267533,2.35,0.21999999999999997,5.0,11.0,231.0,0.07000000000000006,-5.0,2.0,-5.0,320.47,42.55,320.47,0.8635122965484594,0
2026-03-31,Serbia,Arabia Saudí,2-1,,,2.22,1.44,0.59,0.41,10.0,1.0,10.0,1.0,0.0,2.0,11.0,8.0,0.0,8.0,1506.34,1429.48,7.76,1.56,2026.0,0.86,444.0,0.8,293.0,2,1,1,1,1,3,0,0.6065573770491803,0.39344262295081966,0.9090909090909091,0.09090909090909094,0.9090909090909091,0.09090909090909094,0.0,1.0,0.6024423337856174,0.3975576662143826,0.6666666666666666,0.33333333333333337,0.5130900395800833,0.48690996041991674,0.8326180257510729,0.1673819742489271,0.7800000000000002,0.18,9.0,9.0,151.0,0.05999999999999994,-2.0,3.0,-8.0,76.8599999999999,6.199999999999999,76.8599999999999,0.60884069103925,0
2026-03-31,Liberia,Libia,2-2,,,1.2565999999999997,1.5857999999999999,0.52,0.48,4.0,6.0,4.0,0.0,1.28,1.8,12.08,14.32,3.62,2.56,1081.46,1183.06,0.551,0.533,2026.0,0.8310000000000001,394.82,0.8254000000000004,351.14,2,2,X,0,0,1,1,0.4420911905432029,0.5579088094567971,0.4,0.6,1.0,0.0,0.5857605177993528,0.4142394822006472,0.5292777092605502,0.4707222907394498,0.5,0.5,0.4775669899139774,0.5224330100860226,0.5083025830258303,0.4916974169741697,-0.32920000000000016,0.040000000000000036,-2.0,4.0,43.68000000000001,0.005599999999999716,-0.52,-2.24,1.06,-101.59999999999991,0.018000000000000016,-101.59999999999991,0.35781585421912737,1
2026-03-31,Suecia,Polonia,3-2,,,1.65,1.53,0.33,0.67,5.0,7.0,2.0,9.0,2.0,3.0,15.0,15.0,5.0,2.0,1487.13,1532.04,15.62,8.91,2026.0,0.73,184.0,0.85,432.0,3,2,1,1,1,3,0,0.5188679245283019,0.4811320754716981,0.4166666666666667,0.5833333333333333,0.18181818181818182,0.8181818181818181,0.7142857142857143,0.2857142857142857,0.2987012987012987,0.7012987012987013,0.6,0.4,0.49256252546229595,0.507437474537704,0.6367713004484304,0.36322869955156956,0.11999999999999988,-0.34,-2.0,-7.0,-248.0,-0.12,-1.0,0.0,3.0,-44.909999999999854,6.709999999999999,-44.909999999999854,0.43572688571426443,1
2026-03-31,República Checa,Dinamarca,1-1,1-1,3-2,1.23,1.35,0.23,0.77,4.0,8.0,7.0,4.0,1.0,2.0,20.0,11.0,5.0,2.0,1487.0,1616.75,7.24,15.87,2026.0,0.57,163.0,0.86,860.0,1,1,X,0,0,1,1,0.4767441860465116,0.5232558139534884,0.3333333333333333,0.6666666666666667,0.6363636363636364,0.36363636363636365,0.7142857142857143,0.2857142857142857,0.15933528836754643,0.8406647116324536,0.5,0.5,0.47909786548530003,0.5209021345147,0.3132842925140632,0.6867157074859368,-0.1200000000000001,-0.54,-4.0,3.0,-697.0,-0.29000000000000004,-1.0,9.0,3.0,-129.75,-8.629999999999999,-129.75,0.3214969234054202,1
2026-03-31,Kosovo,Turquía,0-1,,,0.88,1.77,0.43,0.57,2.0,3.0,3.0,2.0,3.0,5.0,12.0,10.0,1.0,2.0,1308.84,1582.69,5.46,18.22,2026.0,0.73,269.0,0.84,423.0,0,1,2,-1,0,0,3,0.33207547169811324,0.6679245283018868,0.4,0.6,0.6,0.4,0.3333333333333333,0.6666666666666667,0.38872832369942195,0.6112716763005781,0.0,1.0,0.4526461769374691,0.5473538230625309,0.23057432432432431,0.7694256756756757,-0.89,-0.13999999999999996,-1.0,1.0,-154.0,-0.10999999999999999,-2.0,2.0,-1.0,-273.85000000000014,-12.759999999999998,-273.85000000000014,0.17130489516812197,2
2026-03-31,Bosnia-Herzegovina,Italia,1-1,1-1,2-1,1.91,0.86,0.65,0.35,11.0,3.0,10.0,4.0,3.0,2.0,18.0,9.0,2.0,10.0,1362.37,1702.06,5.63,13.73,2026.0,0.88,615.0,0.73,286.0,1,1,X,0,0,1,1,0.6895306859205775,0.31046931407942246,0.7857142857142857,0.2142857142857143,0.7142857142857143,0.2857142857142857,0.16666666666666666,0.8333333333333334,0.6825749167591565,0.3174250832408435,0.5,0.5,0.4445753370121034,0.5554246629878966,0.29080578512396693,0.7091942148760331,1.0499999999999998,0.30000000000000004,8.0,6.0,329.0,0.15000000000000002,1.0,9.0,-8.0,-339.69000000000005,-8.100000000000001,-339.69000000000005,0.12396434311368858,1
2026-03-31,RD Congo,Jamaica,0-0,1-0,,1.45,0.3,0.47,0.53,3.0,1.0,5.0,7.0,0.0,2.0,16.0,13.0,1.0,2.0,1468.22,1362.46,5.53,0.377,2026.0,0.78,388.0,0.8,437.0,0,0,X,0,0,1,1,0.8285714285714285,0.17142857142857149,0.75,0.25,0.4166666666666667,0.5833333333333333,0.3333333333333333,0.6666666666666667,0.4703030303030303,0.5296969696969698,0.5,0.5,0.5186810236409626,0.4813189763590374,0.9361774166243441,0.06382258337565594,1.15,-0.06000000000000005,2.0,-2.0,-49.0,-0.020000000000000018,-2.0,3.0,-1.0,105.75999999999999,5.1530000000000005,105.75999999999999,0.6476678156437516,0
2026-03-31,Letonia,Gibraltar,1-0,,,2.37,0.34,0.58,0.42,5.0,2.0,9.0,3.0,2.0,5.0,13.0,15.0,2.0,4.0,1082.68,818.03,0.329,0.073,2026.0,0.82,338.0,0.76,231.0,1,0,1,1,1,3,0,0.8745387453874539,0.1254612546125461,0.7142857142857143,0.2857142857142857,0.75,0.25,0.3333333333333333,0.6666666666666667,0.5940246045694201,0.4059753954305799,1.0,0.0,0.5696187214251517,0.4303812785748483,0.818407960199005,0.18159203980099503,2.0300000000000002,0.15999999999999998,3.0,6.0,107.0,0.05999999999999994,-3.0,-2.0,-2.0,264.6500000000001,0.256,264.6500000000001,0.8210456348228853,0
2026-03-31,Luxemburgo,Malta,3-0,,,2.27,1.05,0.63,0.37,6.0,5.0,3.0,6.0,3.0,2.0,14.0,13.0,5.0,3.0,1218.91,996.59,0.639,0.554,2026.0,0.84,434.0,0.77,228.0,3,0,1,3,1,3,0,0.6837349397590361,0.3162650602409639,0.5454545454545454,0.4545454545454546,0.3333333333333333,0.6666666666666667,0.625,0.375,0.6555891238670695,0.34441087613293053,1.0,0.0,0.550173775671406,0.449826224328594,0.5356244761106455,0.46437552388935455,1.22,0.26,1.0,-3.0,206.0,0.06999999999999995,1.0,1.0,2.0,222.32000000000005,0.08499999999999996,222.32000000000005,0.7824117795452072,-1
2026-03-31,Costa Rica,Irán,0-5,,,0.7016000000000001,1.8208000000000002,0.44,0.56,2.0,7.0,3.0,3.0,4.0,2.0,14.88,14.06,5.12,1.36,1464.24,1617.02,1.34,1.23,2026.0,0.8081999999999999,328.7,0.8602000000000003,449.9,0,5,2,-5,0,0,3,0.2781477957500793,0.7218522042499207,0.2222222222222222,0.7777777777777778,0.5,0.5,0.7901234567901234,0.2098765432098766,0.42216799383508863,0.5778320061649114,0.0,1.0,0.4752081940504858,0.5247918059495142,0.5214007782101167,0.47859922178988334,-1.1192000000000002,-0.12000000000000005,-5.0,0.0,-121.19999999999999,-0.05200000000000038,2.0,0.8200000000000003,3.76,-152.77999999999997,0.1100000000000001,-152.77999999999997,0.2932871274366409,1
2026-03-31,Burkina Faso,Guinea-Bisáu,1-1,,,1.3377999999999997,1.1684,0.48,0.52,5.0,4.0,4.0,2.0,2.36,1.88,15.46,14.04,2.84,3.96,1412.79,1108.09,4.42,1.64,2026.0,0.8072000000000003,321.24,0.8186000000000001,351.6,1,1,X,0,0,1,1,0.5337961854600589,0.4662038145399411,0.5555555555555556,0.4444444444444444,0.6666666666666666,0.33333333333333337,0.4176470588235294,0.5823529411764705,0.4774389156411628,0.5225610843588372,0.5,0.5,0.5604352448351368,0.43956475516486315,0.7293729372937294,0.27062706270627057,0.16939999999999955,-0.040000000000000036,1.0,2.0,-30.360000000000014,-0.011399999999999855,0.48,1.4200000000000017,-1.12,304.70000000000005,2.7800000000000002,304.70000000000005,0.8524558787589015,-2
2026-04-01,Irak,Bolivia,2-1,,,0.74,0.61,0.32,0.68,3.0,6.0,2.0,16.0,3.0,2.0,20.0,12.0,5.0,1.0,1436.94,1330.52,0.815,0.669,2026.0,0.75,163.0,0.87,376.0,2,1,1,1,1,3,0,0.548148148148148,0.45185185185185195,0.3333333333333333,0.6666666666666667,0.1111111111111111,0.8888888888888888,0.8333333333333334,0.16666666666666663,0.30241187384044527,0.6975881261595547,0.6666666666666666,0.33333333333333337,0.5192270168313182,0.4807729831686818,0.5491913746630728,0.4508086253369272,0.13,-0.36000000000000004,-3.0,-14.0,-213.0,-0.12,1.0,8.0,4.0,106.42000000000007,0.1459999999999999,106.42000000000007,0.6485342988700369,-1
2026-04-01,EE. UU.,Portugal,0-2,,,0.68,0.73,0.38,0.62,3.0,5.0,2.0,8.0,1.0,1.0,15.0,6.0,3.0,3.0,1681.88,1760.38,14.83,38.67,2026.0,0.83,320.0,0.88,543.0,0,2,2,-2,0,0,3,0.48226950354609927,0.5177304964539007,0.375,0.625,0.2,0.8,0.5,0.5,0.3707995365005794,0.6292004634994206,0.0,1.0,0.48859760738584535,0.5114023926141547,0.277196261682243,0.722803738317757,-0.04999999999999993,-0.24,-2.0,-6.0,-223.0,-0.050000000000000044,0.0,9.0,0.0,-78.5,-23.840000000000003,-78.5,0.38891331985220867,0
2026-04-01,Canadá,Túnez,0-0,,,0.88,0.29,0.58,0.42,6.0,2.0,9.0,1.0,4.0,2.0,16.0,14.0,1.0,6.0,1559.15,1479.04,7.64,2.69,2026.0,0.86,404.0,0.82,288.0,0,0,X,0,0,1,1,0.7521367521367522,0.24786324786324776,0.75,0.25,0.9,0.09999999999999998,0.14285714285714285,0.8571428571428572,0.5838150289017341,0.4161849710982659,0.5,0.5,0.5131838364289264,0.4868161635710736,0.739593417231365,0.26040658276863504,0.5900000000000001,0.15999999999999998,4.0,8.0,116.0,0.040000000000000036,2.0,2.0,-5.0,80.11000000000013,4.949999999999999,80.11000000000013,0.613287007052377,-1
2026-04-01,Argentina,Zambia,5-0,,,1.63,0.2,0.76,0.24,5.0,1.0,6.0,4.0,0.0,1.0,6.0,9.0,1.0,1.0,1873.33,1256.68,31.06,0.614,2026.0,0.94,826.0,0.84,217.0,5,0,1,5,1,3,0,0.8907103825136612,0.10928961748633881,0.8333333333333334,0.16666666666666663,0.6,0.4,0.5,0.5,0.7919463087248322,0.20805369127516782,1.0,0.0,0.598506075060463,0.40149392493953695,0.9806150154701017,0.01938498452989834,1.43,0.52,4.0,2.0,609.0,0.09999999999999998,-1.0,-3.0,0.0,616.6499999999999,30.445999999999998,616.6499999999999,0.9720698996976064,-2
2026-04-01,Brasil,Croacia,3-1,,,2.18,0.96,0.45,0.55,7.0,3.0,2.0,2.0,1.0,3.0,12.0,13.0,2.0,4.0,1760.46,1716.88,35.7,14.9,2026.0,0.9,403.0,0.92,498.0,3,1,1,2,1,3,0,0.694267515923567,0.30573248407643305,0.7,0.30000000000000004,0.5,0.5,0.3333333333333333,0.6666666666666667,0.44728079911209767,0.5527192008879023,0.75,0.25,0.5062662839986887,0.49373371600131133,0.7055335968379447,0.2944664031620553,1.2200000000000002,-0.10000000000000003,4.0,0.0,-95.0,-0.020000000000000018,-2.0,-1.0,-2.0,43.57999999999993,20.800000000000004,43.57999999999993,0.5623898004679487,0
2026-04-01,México,Bélgica,1-1,,,0.9,0.29,0.48,0.52,3.0,2.0,3.0,2.0,2.0,3.0,14.0,20.0,1.0,2.0,1675.75,1730.71,7.38,21.06,2026.0,0.84,424.0,0.86,478.0,1,1,X,0,0,1,1,0.7563025210084034,0.24369747899159655,0.6,0.4,0.6,0.4,0.3333333333333333,0.6666666666666667,0.4700665188470067,0.5299334811529933,0.5,0.5,0.4919329744074494,0.5080670255925506,0.25949367088607594,0.740506329113924,0.6100000000000001,-0.040000000000000036,1.0,1.0,-54.0,-0.020000000000000018,-1.0,-6.0,-1.0,-54.960000000000036,-13.68,-54.960000000000036,0.421559394504066,0
2026-05-16,Irlanda,Granada,5-0,,,5.73,0.09,0.56,0.44,14.0,0.0,12.0,1.0,0.0,1.0,12.0,9.0,0.0,9.0,1436.63,982.57,5.44,0.043,2026.0,0.83,340.0,0.73,254.0,5,0,1,5,1,3,0,0.9845360824742269,0.015463917525773141,1.0,0.0,0.9230769230769231,0.07692307692307687,0.0,1.0,0.5723905723905723,0.42760942760942766,1.0,0.0,0.5938450727513227,0.4061549272486773,0.9921575779682655,0.007842422031734464,5.640000000000001,0.12000000000000005,14.0,11.0,86.0,0.09999999999999998,-1.0,3.0,-9.0,454.06000000000006,5.397,454.06000000000006,0.9317431549012554,-2
2026-05-23,México,Ghana,2-0,,,1.52,0.22,0.6,0.4,8.0,3.0,9.0,3.0,1.0,1.0,18.0,9.0,3.0,6.0,1681.03,1346.31,7.38,9.01,2026.0,0.92,511.0,0.88,332.0,2,0,1,2,1,3,0,0.8735632183908046,0.12643678160919536,0.7272727272727273,0.2727272727272727,0.75,0.25,0.3333333333333333,0.6666666666666667,0.6061684460260973,0.3938315539739027,1.0,0.0,0.5552828555761824,0.4447171444238176,0.45027455765710794,0.5497254423428921,1.3,0.19999999999999996,5.0,6.0,179.0,0.040000000000000036,0.0,9.0,-3.0,334.72,-1.63,334.72,0.8728951607266693,-2
2026-05-26,Nigeria,Zimbabue,2-0,,,1.0177999999999998,0.8424,0.46,0.54,3.0,2.0,0.0,5.0,3.0,1.0,16.22,14.62,1.48,1.96,1585.09,1118.12,7.48,1.21,2026.0,0.8169999999999998,331.7,0.8514000000000003,435.96,2,0,1,2,1,3,0,0.5471454682292226,0.4528545317707774,0.6,0.4,0.0,1.0,0.43023255813953487,0.5697674418604651,0.4320923325430529,0.5679076674569471,1.0,0.0,0.5863732377432755,0.41362676225672446,0.860759493670886,0.139240506329114,0.17539999999999978,-0.08000000000000002,1.0,-5.0,-104.25999999999999,-0.03440000000000043,2.0,1.5999999999999996,-0.48,466.97,6.2700000000000005,466.97,0.9363205154748044,-3
2026-05-27,Jamaica,India,2-0,,,1.4169999999999998,0.42420000000000013,0.44,0.56,5.0,0.0,6.0,2.0,1.0,2.0,14.24,14.04,0.0,2.82,1358.0,1091.03,0.377,0.182,2026.0,0.805,310.9,0.8261999999999999,404.74,2,0,1,2,1,3,0,0.769606778188138,0.23039322181186195,1.0,0.0,0.75,0.25,0.0,1.0,0.4344363087585937,0.5655636912414064,1.0,0.0,0.554505253100207,0.44549474689979296,0.6744186046511629,0.3255813953488371,0.9927999999999997,-0.12000000000000005,5.0,4.0,-93.84000000000003,-0.021199999999999886,-1.0,0.20000000000000107,-2.82,266.97,0.195,266.97,0.8229994737757628,-2
2026-05-28,Egipto,Rusia,1-0,,,1.12,0.52,0.54,0.46,4.0,1.0,5.0,6.0,1.0,2.0,13.0,19.0,1.0,3.0,1563.24,1525.6,4.48,7.35,2026.0,0.86,402.0,0.85,334.0,1,0,1,1,1,3,0,0.6829268292682927,0.31707317073170727,0.8,0.19999999999999996,0.45454545454545453,0.5454545454545454,0.25,0.75,0.5461956521739131,0.4538043478260869,1.0,0.0,0.5060929021898188,0.49390709781018116,0.37869822485207105,0.621301775147929,0.6000000000000001,0.08000000000000002,3.0,-1.0,68.0,0.010000000000000009,-1.0,-6.0,-2.0,37.6400000000001,-2.869999999999999,37.6400000000001,0.5539573831783834,0
2026-05-28,Irlanda,Catar,1-0,,,1.9,0.4,0.52,0.48,3.0,1.0,7.0,3.0,1.14,2.38,9.0,16.0,1.0,2.0,1436.63,1454.96,5.44,0.766,2026.0,0.87,392.0,0.88,358.0,1,0,1,1,1,3,0,0.8260869565217391,0.17391304347826086,0.75,0.25,0.7,0.30000000000000004,0.3333333333333333,0.6666666666666667,0.5226666666666666,0.4773333333333334,1.0,0.0,0.496830463516612,0.503169536483388,0.8765710602642603,0.12342893973573965,1.5,0.040000000000000036,2.0,4.0,34.0,-0.010000000000000009,-1.24,-7.0,-1.0,-18.329999999999927,4.674,-18.329999999999927,0.47364545677750985,0
2026-05-29,Sudáfrica,Nicaragua,0-0,,,2.18,0.07,0.85,0.15,6.0,0.0,6.0,1.0,0.0,2.0,8.0,10.0,0.0,7.0,1429.73,1115.13,1.89,0.172,2026.0,0.92,616.0,0.56,65.0,0,0,X,0,0,1,1,0.9688888888888889,0.03111111111111109,1.0,0.0,0.8571428571428571,0.1428571428571429,0.0,1.0,0.9045521292217328,0.09544787077826722,0.5,0.5,0.5618108658236602,0.43818913417633976,0.9165858389912707,0.08341416100872934,2.1100000000000003,0.7,6.0,5.0,551.0,0.36,-2.0,-2.0,-7.0,314.5999999999999,1.718,314.5999999999999,0.8594806579553862,-2
2026-05-29,Bosnia-Herzegovina,Macedonia del Norte,0-0,,,1.5013999999999996,0.689,0.66,0.34,4.0,2.0,2.0,1.0,0.0,1.0,11.0,21.0,0.84,2.54,1385.84,1372.04,5.63,1.38,2026.0,0.92,621.0,0.79,257.0,0,0,X,0,0,1,1,0.6854455807158509,0.31455441928414907,0.6666666666666666,0.33333333333333337,0.6666666666666666,0.33333333333333337,0.2485207100591716,0.7514792899408285,0.7072892938496583,0.29271070615034167,0.5,0.5,0.5025019217659942,0.4974980782340058,0.8031383737517832,0.1968616262482168,0.8123999999999997,0.32,2.0,1.0,364.0,0.13,-1.0,-10.0,-1.7000000000000002,13.799999999999955,4.25,13.799999999999955,0.5198493591037462,0
2026-05-29,Irak,Andorra,1-0,,,1.4304000000000006,0.6731999999999999,0.66,0.34,3.0,3.0,3.0,2.0,0.0,3.0,12.64,15.64,2.3,1.78,1447.14,945.34,0.815,0.137,2026.0,0.8640000000000002,460.5,0.7155999999999998,194.34,1,0,1,1,1,3,0,0.6799771819737593,0.32002281802624066,0.5,0.5,0.6,0.4,0.5637254901960784,0.4362745098039216,0.7032252153197728,0.2967747846802272,1.0,0.0,0.6048702601484652,0.39512973985153477,0.8560924369747899,0.14390756302521013,0.7572000000000007,0.32,0.0,1.0,266.15999999999997,0.14840000000000042,-3.0,-3.0,0.5199999999999998,501.80000000000007,0.6779999999999999,501.80000000000007,0.9472796588713175,-2
